{"file_name":"head","texture_size":[64,64],"textures":{"becbff52-4427-116b-ce59-aa2a37ff4a94":"modelengine:entity/undeadcrew4","3e95047a-436a-57da-9559-31f9d63d3c6c":"modelengine:entity/undeadcrew","55d77df8-ece0-9ae8-119c-e0d92ee4c0dd":"modelengine:entity/undeadcrew5","2b631f3d-0c10-17ba-1d20-f0b8de362803":"modelengine:entity/undeadcrew6"},"elements":[{"name":"cube","from":[5.8286123,8.0,5.3155],"to":[10.028612,10.4,8.9155],"rotation":{"angle":0.0,"axis":"x","origin":[7.9801908,8.675,8.607857]},"faces":{"down":{"uv":[7.7505,1.5005,9.4995,2.9995],"rotation":0,"texture":"#55d77df8-ece0-9ae8-119c-e0d92ee4c0dd","tintindex":0},"east":{"uv":[8.7505,4.0005,10.2495,4.9995],"rotation":0,"texture":"#55d77df8-ece0-9ae8-119c-e0d92ee4c0dd","tintindex":0},"north":{"uv":[6.0005,4.7505,7.7495,5.7495],"rotation":0,"texture":"#55d77df8-ece0-9ae8-119c-e0d92ee4c0dd","tintindex":0},"south":{"uv":[7.7505,3.0005,9.4995,3.9995],"rotation":0,"texture":"#55d77df8-ece0-9ae8-119c-e0d92ee4c0dd","tintindex":0},"up":{"uv":[9.4995,9.2495,7.7505,7.7505],"rotation":0,"texture":"#55d77df8-ece0-9ae8-119c-e0d92ee4c0dd","tintindex":0},"west":{"uv":[1.7505,9.0005,3.2495,9.9995],"rotation":0,"texture":"#55d77df8-ece0-9ae8-119c-e0d92ee4c0dd","tintindex":0}}},{"name":"cube","from":[6.428612,6.2,5.3155],"to":[9.428612,8.0,7.7155],"rotation":{"angle":0.0,"axis":"x","origin":[7.9801908,8.675,8.607857]},"faces":{"down":{"uv":[6.2505,9.0005,7.4995,9.9995],"rotation":0,"texture":"#55d77df8-ece0-9ae8-119c-e0d92ee4c0dd","tintindex":0},"east":{"uv":[9.5005,8.2505,10.4995,8.9995],"rotation":0,"texture":"#55d77df8-ece0-9ae8-119c-e0d92ee4c0dd","tintindex":0},"north":{"uv":[7.5005,9.2505,8.7495,9.9995],"rotation":0,"texture":"#55d77df8-ece0-9ae8-119c-e0d92ee4c0dd","tintindex":0},"south":{"uv":[8.7505,9.2505,9.9995,9.9995],"rotation":0,"texture":"#55d77df8-ece0-9ae8-119c-e0d92ee4c0dd","tintindex":0},"up":{"uv":[6.2495,9.9995,5.0005,9.0005],"rotation":0,"texture":"#55d77df8-ece0-9ae8-119c-e0d92ee4c0dd","tintindex":0},"west":{"uv":[5.2505,10.0005,6.2495,10.7495],"rotation":0,"texture":"#55d77df8-ece0-9ae8-119c-e0d92ee4c0dd","tintindex":0}}},{"name":"cube","from":[7.7989745,6.8,8.861714],"to":[7.7989745,11.6,13.061715],"rotation":{"angle":45.0,"axis":"y","origin":[7.9801908,8.675,8.607857]},"faces":{"down":{"uv":[-0.0640625,0.0015625,-0.0015625,1.7484375],"rotation":0,"texture":"#55d77df8-ece0-9ae8-119c-e0d92ee4c0dd","tintindex":0},"east":{"uv":[6.0015626,6.0015626,7.7484374,7.9984374],"rotation":0,"texture":"#55d77df8-ece0-9ae8-119c-e0d92ee4c0dd","tintindex":0},"north":{"uv":[-0.0015625,0.0015625,-0.0640625,1.9984375],"rotation":0,"texture":"#55d77df8-ece0-9ae8-119c-e0d92ee4c0dd","tintindex":0},"south":{"uv":[-0.0015625,0.0015625,-0.0640625,1.9984375],"rotation":0,"texture":"#55d77df8-ece0-9ae8-119c-e0d92ee4c0dd","tintindex":0},"up":{"uv":[-0.0015625,1.7484375,-0.0640625,0.0015625],"rotation":0,"texture":"#55d77df8-ece0-9ae8-119c-e0d92ee4c0dd","tintindex":0},"west":{"uv":[7.7484374,6.0015626,6.0015626,7.9984374],"rotation":0,"texture":"#55d77df8-ece0-9ae8-119c-e0d92ee4c0dd","tintindex":0}}},{"name":"cube","from":[8.234049,6.8,8.788472],"to":[8.234049,11.6,12.988473],"rotation":{"angle":-45.0,"axis":"y","origin":[7.9801908,8.675,8.607857]},"faces":{"down":{"uv":[-0.0015625,5.0E-4,5.0E-4,1.7495],"rotation":0,"texture":"#55d77df8-ece0-9ae8-119c-e0d92ee4c0dd","tintindex":0},"east":{"uv":[6.0005,6.0005,7.7495,7.9995],"rotation":0,"texture":"#55d77df8-ece0-9ae8-119c-e0d92ee4c0dd","tintindex":0},"north":{"uv":[5.0E-4,5.0E-4,-0.0015625,1.9995],"rotation":0,"texture":"#55d77df8-ece0-9ae8-119c-e0d92ee4c0dd","tintindex":0},"south":{"uv":[5.0E-4,5.0E-4,-0.0015625,1.9995],"rotation":0,"texture":"#55d77df8-ece0-9ae8-119c-e0d92ee4c0dd","tintindex":0},"up":{"uv":[5.0E-4,1.7495,-0.0015625,5.0E-4],"rotation":0,"texture":"#55d77df8-ece0-9ae8-119c-e0d92ee4c0dd","tintindex":0},"west":{"uv":[7.7495,6.0005,6.0005,7.9995],"rotation":0,"texture":"#55d77df8-ece0-9ae8-119c-e0d92ee4c0dd","tintindex":0}}}],"display":{"head":{"translation":[0.0,-6.4,0.0],"rotation":[0.0,0.0,0.0],"scale":[3.8095,3.8095,3.8095]},"gui":{"translation":[0.0,0.0,0.0],"rotation":[35.0,225.0,0.0],"scale":[0.625,0.625,0.625]}}}