{"textures":{"0":"modelengine:entity/undeadcrew","1":"modelengine:entity/undeadcrew4","2":"modelengine:entity/undeadcrew5","3":"modelengine:entity/undeadcrew6"},"elements":[{"name":"cube","from":[7.1972575,4.984324,7.0744677],"to":[8.997257,7.9843245,8.874468],"rotation":{"angle":0.0,"axis":"x","origin":[8.097258,6.4843245,7.9744678]},"faces":{"down":{"uv":[5.2505,10.7505,5.9995,11.4995],"rotation":0,"texture":"#0","tintindex":0},"east":{"uv":[4.7495,9.7505,4.0005,10.9995],"rotation":0,"texture":"#0","tintindex":0},"north":{"uv":[0.7495,9.7505,5.0E-4,10.9995],"rotation":0,"texture":"#0","tintindex":0},"south":{"uv":[3.9995,9.7505,3.2505,10.9995],"rotation":0,"texture":"#0","tintindex":0},"up":{"uv":[10.5005,8.9995,11.2495,8.2505],"rotation":0,"texture":"#0","tintindex":0},"west":{"uv":[1.4995,9.7505,0.7505,10.9995],"rotation":0,"texture":"#0","tintindex":0}}}],"display":{"head":{"translation":[0.0,-6.4,0.0],"rotation":[0.0,0.0,0.0],"scale":[3.8095,3.8095,3.8095]}}}