{"file_name":"lefthand","texture_size":[64,64],"textures":{"becbff52-4427-116b-ce59-aa2a37ff4a94":"modelengine:entity/undeadcrew4","3e95047a-436a-57da-9559-31f9d63d3c6c":"modelengine:entity/undeadcrew","55d77df8-ece0-9ae8-119c-e0d92ee4c0dd":"modelengine:entity/undeadcrew5","2b631f3d-0c10-17ba-1d20-f0b8de362803":"modelengine:entity/undeadcrew6"},"elements":[{"name":"cube","from":[7.064715,5.0089436,6.7980175],"to":[8.264715,8.008944,7.9980173],"rotation":{"angle":0.0,"axis":"x","origin":[7.664715,4.8089437,7.3980174]},"faces":{"down":{"uv":[3.9995,11.0005,3.5005,11.4995],"rotation":0,"texture":"#55d77df8-ece0-9ae8-119c-e0d92ee4c0dd","tintindex":0},"east":{"uv":[10.9995,4.0005,10.5005,5.2495],"rotation":0,"texture":"#55d77df8-ece0-9ae8-119c-e0d92ee4c0dd","tintindex":0},"north":{"uv":[10.7495,5.7505,10.2505,6.9995],"rotation":0,"texture":"#55d77df8-ece0-9ae8-119c-e0d92ee4c0dd","tintindex":0},"south":{"uv":[10.9995,10.5005,10.5005,11.7495],"rotation":0,"texture":"#55d77df8-ece0-9ae8-119c-e0d92ee4c0dd","tintindex":0},"up":{"uv":[3.0005,11.4995,3.4995,11.0005],"rotation":0,"texture":"#55d77df8-ece0-9ae8-119c-e0d92ee4c0dd","tintindex":0},"west":{"uv":[10.7495,7.0005,10.2505,8.2495],"rotation":0,"texture":"#55d77df8-ece0-9ae8-119c-e0d92ee4c0dd","tintindex":0}}},{"name":"cube","from":[7.664715,3.2089434,6.7980175],"to":[8.264715,4.408943,7.9980173],"rotation":{"angle":0.0,"axis":"x","origin":[7.664715,4.8089437,7.3980174]},"faces":{"down":{"uv":[4.7495,11.0005,4.5005,11.4995],"rotation":0,"texture":"#55d77df8-ece0-9ae8-119c-e0d92ee4c0dd","tintindex":0},"east":{"uv":[8.7495,11.0005,8.2505,11.4995],"rotation":0,"texture":"#55d77df8-ece0-9ae8-119c-e0d92ee4c0dd","tintindex":0},"north":{"uv":[10.4995,4.0005,10.2505,4.4995],"rotation":0,"texture":"#55d77df8-ece0-9ae8-119c-e0d92ee4c0dd","tintindex":0},"south":{"uv":[10.4995,4.5005,10.2505,4.9995],"rotation":0,"texture":"#55d77df8-ece0-9ae8-119c-e0d92ee4c0dd","tintindex":0},"up":{"uv":[3.0005,10.9995,3.2495,10.5005],"rotation":0,"texture":"#55d77df8-ece0-9ae8-119c-e0d92ee4c0dd","tintindex":0},"west":{"uv":[4.4995,11.0005,4.0005,11.4995],"rotation":0,"texture":"#55d77df8-ece0-9ae8-119c-e0d92ee4c0dd","tintindex":0}}},{"name":"cube","from":[7.064715,3.2089434,6.7980175],"to":[7.664715,5.0089436,7.9980173],"rotation":{"angle":0.0,"axis":"x","origin":[7.664715,4.8089437,7.3980174]},"faces":{"down":{"uv":[3.2495,10.0005,3.0005,10.4995],"rotation":0,"texture":"#55d77df8-ece0-9ae8-119c-e0d92ee4c0dd","tintindex":0},"east":{"uv":[0.9995,11.0005,0.5005,11.7495],"rotation":0,"texture":"#55d77df8-ece0-9ae8-119c-e0d92ee4c0dd","tintindex":0},"north":{"uv":[5.9995,7.2505,5.7505,7.9995],"rotation":0,"texture":"#55d77df8-ece0-9ae8-119c-e0d92ee4c0dd","tintindex":0},"south":{"uv":[7.7495,8.0005,7.5005,8.7495],"rotation":0,"texture":"#55d77df8-ece0-9ae8-119c-e0d92ee4c0dd","tintindex":0},"up":{"uv":[7.5005,9.2495,7.7495,8.7505],"rotation":0,"texture":"#55d77df8-ece0-9ae8-119c-e0d92ee4c0dd","tintindex":0},"west":{"uv":[0.4995,11.0005,5.0E-4,11.7495],"rotation":0,"texture":"#55d77df8-ece0-9ae8-119c-e0d92ee4c0dd","tintindex":0}}}],"display":{"head":{"translation":[0.0,-6.4,0.0],"rotation":[0.0,0.0,0.0],"scale":[3.8095,3.8095,3.8095]},"gui":{"translation":[0.0,0.0,0.0],"rotation":[35.0,225.0,0.0],"scale":[0.625,0.625,0.625]}}}