{"file_name":"leftfoot","texture_size":[64,64],"textures":{"becbff52-4427-116b-ce59-aa2a37ff4a94":"modelengine:entity/undeadcrew4","3e95047a-436a-57da-9559-31f9d63d3c6c":"modelengine:entity/undeadcrew","55d77df8-ece0-9ae8-119c-e0d92ee4c0dd":"modelengine:entity/undeadcrew5","2b631f3d-0c10-17ba-1d20-f0b8de362803":"modelengine:entity/undeadcrew6"},"elements":[{"name":"cube","from":[7.4057336,6.7754025,8.095432],"to":[9.205734,7.975403,9.895433],"rotation":{"angle":0.0,"axis":"x","origin":[8.305734,5.350403,8.695433]},"faces":{"down":{"uv":[7.4995,10.7505,6.7505,11.4995],"rotation":0,"texture":"#55d77df8-ece0-9ae8-119c-e0d92ee4c0dd","tintindex":0},"east":{"uv":[11.4995,7.2505,10.7505,7.7495],"rotation":0,"texture":"#55d77df8-ece0-9ae8-119c-e0d92ee4c0dd","tintindex":0},"north":{"uv":[11.4995,5.7505,10.7505,6.2495],"rotation":0,"texture":"#55d77df8-ece0-9ae8-119c-e0d92ee4c0dd","tintindex":0},"south":{"uv":[11.4995,6.7505,10.7505,7.2495],"rotation":0,"texture":"#55d77df8-ece0-9ae8-119c-e0d92ee4c0dd","tintindex":0},"up":{"uv":[6.0005,11.4995,6.7495,10.7505],"rotation":0,"texture":"#55d77df8-ece0-9ae8-119c-e0d92ee4c0dd","tintindex":0},"west":{"uv":[11.4995,6.2505,10.7505,6.7495],"rotation":0,"texture":"#55d77df8-ece0-9ae8-119c-e0d92ee4c0dd","tintindex":0}}},{"name":"cube","from":[6.8057337,5.5754023,7.495433],"to":[9.805734,6.7754025,10.495433],"rotation":{"angle":0.0,"axis":"x","origin":[8.305734,5.350403,8.695433]},"faces":{"down":{"uv":[9.9995,5.0E-4,8.7505,1.2495],"rotation":0,"texture":"#55d77df8-ece0-9ae8-119c-e0d92ee4c0dd","tintindex":0},"east":{"uv":[11.4995,3.5005,10.2505,3.9995],"rotation":0,"texture":"#55d77df8-ece0-9ae8-119c-e0d92ee4c0dd","tintindex":0},"north":{"uv":[11.4995,2.0005,10.2505,2.4995],"rotation":0,"texture":"#55d77df8-ece0-9ae8-119c-e0d92ee4c0dd","tintindex":0},"south":{"uv":[11.4995,3.0005,10.2505,3.4995],"rotation":0,"texture":"#55d77df8-ece0-9ae8-119c-e0d92ee4c0dd","tintindex":0},"up":{"uv":[6.5005,2.7495,7.7495,1.5005],"rotation":0,"texture":"#55d77df8-ece0-9ae8-119c-e0d92ee4c0dd","tintindex":0},"west":{"uv":[11.4995,2.5005,10.2505,2.9995],"rotation":0,"texture":"#55d77df8-ece0-9ae8-119c-e0d92ee4c0dd","tintindex":0}}},{"name":"cube","from":[7.4057336,3.1754024,8.095432],"to":[9.205734,5.5754023,9.895433],"rotation":{"angle":0.0,"axis":"x","origin":[8.305734,5.350403,8.695433]},"faces":{"down":{"uv":[11.4995,5.0E-4,10.7505,0.7495],"rotation":0,"texture":"#55d77df8-ece0-9ae8-119c-e0d92ee4c0dd","tintindex":0},"east":{"uv":[10.7495,5.0E-4,10.0005,0.9995],"rotation":0,"texture":"#55d77df8-ece0-9ae8-119c-e0d92ee4c0dd","tintindex":0},"north":{"uv":[8.9995,10.0005,8.2505,10.9995],"rotation":0,"texture":"#55d77df8-ece0-9ae8-119c-e0d92ee4c0dd","tintindex":0},"south":{"uv":[10.4995,10.0005,9.7505,10.9995],"rotation":0,"texture":"#55d77df8-ece0-9ae8-119c-e0d92ee4c0dd","tintindex":0},"up":{"uv":[7.5005,11.4995,8.2495,10.7505],"rotation":0,"texture":"#55d77df8-ece0-9ae8-119c-e0d92ee4c0dd","tintindex":0},"west":{"uv":[9.7495,10.0005,9.0005,10.9995],"rotation":0,"texture":"#55d77df8-ece0-9ae8-119c-e0d92ee4c0dd","tintindex":0}}},{"name":"cube","from":[7.4057336,3.1754024,7.495433],"to":[9.205734,3.7754025,8.095432],"rotation":{"angle":0.0,"axis":"x","origin":[8.305734,5.350403,8.695433]},"faces":{"down":{"uv":[10.2495,3.7505,9.5005,3.9995],"rotation":0,"texture":"#55d77df8-ece0-9ae8-119c-e0d92ee4c0dd","tintindex":0},"east":{"uv":[1.9995,8.7505,1.7505,8.9995],"rotation":0,"texture":"#55d77df8-ece0-9ae8-119c-e0d92ee4c0dd","tintindex":0},"north":{"uv":[6.7495,5.7505,6.0005,5.9995],"rotation":0,"texture":"#55d77df8-ece0-9ae8-119c-e0d92ee4c0dd","tintindex":0},"south":{"uv":[7.4995,5.7505,6.7505,5.9995],"rotation":0,"texture":"#55d77df8-ece0-9ae8-119c-e0d92ee4c0dd","tintindex":0},"up":{"uv":[8.7505,1.4995,9.4995,1.2505],"rotation":0,"texture":"#55d77df8-ece0-9ae8-119c-e0d92ee4c0dd","tintindex":0},"west":{"uv":[7.7495,5.7505,7.5005,5.9995],"rotation":0,"texture":"#55d77df8-ece0-9ae8-119c-e0d92ee4c0dd","tintindex":0}}}],"display":{"head":{"translation":[0.0,-6.4,0.0],"rotation":[0.0,0.0,0.0],"scale":[3.8095,3.8095,3.8095]},"gui":{"translation":[0.0,0.0,0.0],"rotation":[35.0,225.0,0.0],"scale":[0.625,0.625,0.625]}}}