{"file_name":"leftarm","texture_size":[64,64],"textures":{"becbff52-4427-116b-ce59-aa2a37ff4a94":"modelengine:entity/undeadcrew4","3e95047a-436a-57da-9559-31f9d63d3c6c":"modelengine:entity/undeadcrew","55d77df8-ece0-9ae8-119c-e0d92ee4c0dd":"modelengine:entity/undeadcrew5","2b631f3d-0c10-17ba-1d20-f0b8de362803":"modelengine:entity/undeadcrew6"},"elements":[{"name":"cube","from":[7.3254633,4.0301166,7.2074513],"to":[8.525463,8.230117,8.407452],"rotation":{"angle":0.0,"axis":"x","origin":[7.925463,6.1301165,7.8074512]},"faces":{"down":{"uv":[1.4995,11.0005,1.0005,11.4995],"rotation":0,"texture":"#55d77df8-ece0-9ae8-119c-e0d92ee4c0dd","tintindex":0},"east":{"uv":[5.2495,10.0005,4.7505,11.7495],"rotation":0,"texture":"#55d77df8-ece0-9ae8-119c-e0d92ee4c0dd","tintindex":0},"north":{"uv":[1.9995,10.0005,1.5005,11.7495],"rotation":0,"texture":"#55d77df8-ece0-9ae8-119c-e0d92ee4c0dd","tintindex":0},"south":{"uv":[2.9995,10.0005,2.5005,11.7495],"rotation":0,"texture":"#55d77df8-ece0-9ae8-119c-e0d92ee4c0dd","tintindex":0},"up":{"uv":[10.7505,9.9995,11.2495,9.5005],"rotation":0,"texture":"#55d77df8-ece0-9ae8-119c-e0d92ee4c0dd","tintindex":0},"west":{"uv":[2.4995,10.0005,2.0005,11.7495],"rotation":0,"texture":"#55d77df8-ece0-9ae8-119c-e0d92ee4c0dd","tintindex":0}}}],"display":{"head":{"translation":[0.0,-6.4,0.0],"rotation":[0.0,0.0,0.0],"scale":[3.8095,3.8095,3.8095]},"gui":{"translation":[0.0,0.0,0.0],"rotation":[35.0,225.0,0.0],"scale":[0.625,0.625,0.625]}}}