{"file_name":"righthand","texture_size":[64,64],"textures":{"becbff52-4427-116b-ce59-aa2a37ff4a94":"modelengine:entity/undeadcrew4","3e95047a-436a-57da-9559-31f9d63d3c6c":"modelengine:entity/undeadcrew","55d77df8-ece0-9ae8-119c-e0d92ee4c0dd":"modelengine:entity/undeadcrew5","2b631f3d-0c10-17ba-1d20-f0b8de362803":"modelengine:entity/undeadcrew6"},"elements":[{"name":"cube","from":[7.535946,4.9381094,6.8137207],"to":[8.735947,7.9381104,8.013721],"rotation":{"angle":0.0,"axis":"x","origin":[7.9645176,4.6381097,6.5137205]},"faces":{"down":{"uv":[3.5005,11.0005,3.9995,11.4995],"rotation":0,"texture":"#55d77df8-ece0-9ae8-119c-e0d92ee4c0dd","tintindex":0},"east":{"uv":[10.2505,7.0005,10.7495,8.2495],"rotation":0,"texture":"#55d77df8-ece0-9ae8-119c-e0d92ee4c0dd","tintindex":0},"north":{"uv":[10.2505,5.7505,10.7495,6.9995],"rotation":0,"texture":"#55d77df8-ece0-9ae8-119c-e0d92ee4c0dd","tintindex":0},"south":{"uv":[10.5005,10.5005,10.9995,11.7495],"rotation":0,"texture":"#55d77df8-ece0-9ae8-119c-e0d92ee4c0dd","tintindex":0},"up":{"uv":[3.4995,11.4995,3.0005,11.0005],"rotation":0,"texture":"#55d77df8-ece0-9ae8-119c-e0d92ee4c0dd","tintindex":0},"west":{"uv":[10.5005,4.0005,10.9995,5.2495],"rotation":0,"texture":"#55d77df8-ece0-9ae8-119c-e0d92ee4c0dd","tintindex":0}}},{"name":"cube","from":[7.535946,3.1381097,6.8137207],"to":[8.135946,4.3381095,8.013721],"rotation":{"angle":0.0,"axis":"x","origin":[7.9645176,4.6381097,6.5137205]},"faces":{"down":{"uv":[4.5005,11.0005,4.7495,11.4995],"rotation":0,"texture":"#55d77df8-ece0-9ae8-119c-e0d92ee4c0dd","tintindex":0},"east":{"uv":[4.0005,11.0005,4.4995,11.4995],"rotation":0,"texture":"#55d77df8-ece0-9ae8-119c-e0d92ee4c0dd","tintindex":0},"north":{"uv":[10.2505,4.0005,10.4995,4.4995],"rotation":0,"texture":"#55d77df8-ece0-9ae8-119c-e0d92ee4c0dd","tintindex":0},"south":{"uv":[10.2505,4.5005,10.4995,4.9995],"rotation":0,"texture":"#55d77df8-ece0-9ae8-119c-e0d92ee4c0dd","tintindex":0},"up":{"uv":[3.2495,10.9995,3.0005,10.5005],"rotation":0,"texture":"#55d77df8-ece0-9ae8-119c-e0d92ee4c0dd","tintindex":0},"west":{"uv":[8.2505,11.0005,8.7495,11.4995],"rotation":0,"texture":"#55d77df8-ece0-9ae8-119c-e0d92ee4c0dd","tintindex":0}}},{"name":"cube","from":[8.135946,3.1381097,6.8137207],"to":[8.735947,4.9381094,8.013721],"rotation":{"angle":0.0,"axis":"x","origin":[7.9645176,4.6381097,6.5137205]},"faces":{"down":{"uv":[3.0005,10.0005,3.2495,10.4995],"rotation":0,"texture":"#55d77df8-ece0-9ae8-119c-e0d92ee4c0dd","tintindex":0},"east":{"uv":[5.0E-4,11.0005,0.4995,11.7495],"rotation":0,"texture":"#55d77df8-ece0-9ae8-119c-e0d92ee4c0dd","tintindex":0},"north":{"uv":[5.7505,7.2505,5.9995,7.9995],"rotation":0,"texture":"#55d77df8-ece0-9ae8-119c-e0d92ee4c0dd","tintindex":0},"south":{"uv":[7.5005,8.0005,7.7495,8.7495],"rotation":0,"texture":"#55d77df8-ece0-9ae8-119c-e0d92ee4c0dd","tintindex":0},"up":{"uv":[7.7495,9.2495,7.5005,8.7505],"rotation":0,"texture":"#55d77df8-ece0-9ae8-119c-e0d92ee4c0dd","tintindex":0},"west":{"uv":[0.5005,11.0005,0.9995,11.7495],"rotation":0,"texture":"#55d77df8-ece0-9ae8-119c-e0d92ee4c0dd","tintindex":0}}},{"name":"cube","from":[7.535946,4.8004684,6.121752],"to":[8.135946,6.0004687,6.721752],"rotation":{"angle":22.5,"axis":"x","origin":[7.9645176,4.6381097,6.5137205]},"faces":{"down":{"uv":[4.7505,9.7505,4.9995,9.9995],"rotation":0,"texture":"#55d77df8-ece0-9ae8-119c-e0d92ee4c0dd","tintindex":0},"east":{"uv":[10.0005,11.0005,10.2495,11.4995],"rotation":0,"texture":"#55d77df8-ece0-9ae8-119c-e0d92ee4c0dd","tintindex":0},"north":{"uv":[9.7505,11.0005,9.9995,11.4995],"rotation":0,"texture":"#55d77df8-ece0-9ae8-119c-e0d92ee4c0dd","tintindex":0},"south":{"uv":[10.2505,11.0005,10.4995,11.4995],"rotation":0,"texture":"#55d77df8-ece0-9ae8-119c-e0d92ee4c0dd","tintindex":0},"up":{"uv":[1.7495,9.9995,1.5005,9.7505],"rotation":0,"texture":"#55d77df8-ece0-9ae8-119c-e0d92ee4c0dd","tintindex":0},"west":{"uv":[11.0005,11.0005,11.2495,11.4995],"rotation":0,"texture":"#55d77df8-ece0-9ae8-119c-e0d92ee4c0dd","tintindex":0}}},{"name":"cube","from":[7.535946,3.7381096,6.2137203],"to":[8.135946,4.9381094,6.8137207],"rotation":{"angle":0.0,"axis":"x","origin":[7.9645176,4.6381097,6.5137205]},"faces":{"down":{"uv":[9.5005,9.0005,9.7495,9.2495],"rotation":0,"texture":"#55d77df8-ece0-9ae8-119c-e0d92ee4c0dd","tintindex":0},"east":{"uv":[9.0005,11.0005,9.2495,11.4995],"rotation":0,"texture":"#55d77df8-ece0-9ae8-119c-e0d92ee4c0dd","tintindex":0},"north":{"uv":[8.7505,11.0005,8.9995,11.4995],"rotation":0,"texture":"#55d77df8-ece0-9ae8-119c-e0d92ee4c0dd","tintindex":0},"south":{"uv":[9.2505,11.0005,9.4995,11.4995],"rotation":0,"texture":"#55d77df8-ece0-9ae8-119c-e0d92ee4c0dd","tintindex":0},"up":{"uv":[2.2495,8.9995,2.0005,8.7505],"rotation":0,"texture":"#55d77df8-ece0-9ae8-119c-e0d92ee4c0dd","tintindex":0},"west":{"uv":[9.5005,11.0005,9.7495,11.4995],"rotation":0,"texture":"#55d77df8-ece0-9ae8-119c-e0d92ee4c0dd","tintindex":0}}},{"name":"cube","from":[7.535946,2.7214234,6.5352993],"to":[8.135946,3.9214234,7.1352997],"rotation":{"angle":22.5,"axis":"x","origin":[7.9645176,4.6381097,6.5137205]},"faces":{"down":{"uv":[10.0005,1.0005,10.2495,1.2495],"rotation":0,"texture":"#55d77df8-ece0-9ae8-119c-e0d92ee4c0dd","tintindex":0},"east":{"uv":[11.0005,1.2505,11.2495,1.7495],"rotation":0,"texture":"#55d77df8-ece0-9ae8-119c-e0d92ee4c0dd","tintindex":0},"north":{"uv":[11.0005,0.7505,11.2495,1.2495],"rotation":0,"texture":"#55d77df8-ece0-9ae8-119c-e0d92ee4c0dd","tintindex":0},"south":{"uv":[11.0005,4.0005,11.2495,4.4995],"rotation":0,"texture":"#55d77df8-ece0-9ae8-119c-e0d92ee4c0dd","tintindex":0},"up":{"uv":[9.9995,9.2495,9.7505,9.0005],"rotation":0,"texture":"#55d77df8-ece0-9ae8-119c-e0d92ee4c0dd","tintindex":0},"west":{"uv":[11.0005,4.5005,11.2495,4.9995],"rotation":0,"texture":"#55d77df8-ece0-9ae8-119c-e0d92ee4c0dd","tintindex":0}}},{"name":"cube","from":[7.835946,2.5381103,-2.1862803],"to":[7.835946,7.9381104,9.813721],"rotation":{"angle":0.0,"axis":"x","origin":[7.9645176,4.6381097,6.5137205]},"faces":{"down":{"uv":[-0.0015625,5.0E-4,5.0E-4,4.9995],"rotation":0,"texture":"#55d77df8-ece0-9ae8-119c-e0d92ee4c0dd","tintindex":0},"east":{"uv":[5.0E-4,5.0E-4,4.9995,2.2495],"rotation":0,"texture":"#55d77df8-ece0-9ae8-119c-e0d92ee4c0dd","tintindex":0},"north":{"uv":[5.0E-4,5.0E-4,-0.0015625,2.2495],"rotation":0,"texture":"#55d77df8-ece0-9ae8-119c-e0d92ee4c0dd","tintindex":0},"south":{"uv":[5.0E-4,5.0E-4,-0.0015625,2.2495],"rotation":0,"texture":"#55d77df8-ece0-9ae8-119c-e0d92ee4c0dd","tintindex":0},"up":{"uv":[5.0E-4,4.9995,-0.0015625,5.0E-4],"rotation":0,"texture":"#55d77df8-ece0-9ae8-119c-e0d92ee4c0dd","tintindex":0},"west":{"uv":[4.9995,5.0E-4,5.0E-4,2.2495],"rotation":0,"texture":"#55d77df8-ece0-9ae8-119c-e0d92ee4c0dd","tintindex":0}}}],"display":{"head":{"translation":[0.0,-6.4,0.0],"rotation":[0.0,0.0,0.0],"scale":[3.8095,3.8095,3.8095]},"gui":{"translation":[0.0,0.0,0.0],"rotation":[35.0,225.0,0.0],"scale":[0.625,0.625,0.625]}}}