{"textures":{"0":"modelengine:entity/undeadcrew","1":"modelengine:entity/undeadcrew4","2":"modelengine:entity/undeadcrew5","3":"modelengine:entity/undeadcrew6"},"elements":[{"name":"cube","from":[7.4745364,4.0301166,7.2074513],"to":[8.674537,8.230117,8.407452],"rotation":{"angle":0.0,"axis":"x","origin":[8.074536,6.1301165,7.8074512]},"faces":{"down":{"uv":[1.4995,11.0005,1.0005,11.4995],"rotation":0,"texture":"#0","tintindex":0},"east":{"uv":[2.0005,10.0005,2.4995,11.7495],"rotation":0,"texture":"#0","tintindex":0},"north":{"uv":[1.5005,10.0005,1.9995,11.7495],"rotation":0,"texture":"#0","tintindex":0},"south":{"uv":[2.5005,10.0005,2.9995,11.7495],"rotation":0,"texture":"#0","tintindex":0},"up":{"uv":[11.2495,9.9995,10.7505,9.5005],"rotation":0,"texture":"#0","tintindex":0},"west":{"uv":[4.7505,10.0005,5.2495,11.7495],"rotation":0,"texture":"#0","tintindex":0}}}],"display":{"head":{"translation":[0.0,-6.4,0.0],"rotation":[0.0,0.0,0.0],"scale":[3.8095,3.8095,3.8095]}}}