{"textures":{"0":"modelengine:entity/gigas"},"elements":[{"name":"cube","from":[8.419679,6.6424494,6.8328857],"to":[10.819679,9.042449,9.232885],"rotation":{"angle":-45.0,"axis":"x","origin":[9.076412,8.019689,7.85]},"faces":{"down":{"uv":[9.9375,3.4375,9.6875,3.6875],"rotation":0,"texture":"#0","tintindex":0},"east":{"uv":[9.625,7.75,9.875,8.0],"rotation":0,"texture":"#0","tintindex":0},"north":{"uv":[9.625,6.5,9.875,6.75],"rotation":0,"texture":"#0","tintindex":0},"south":{"uv":[9.625,8.0,9.875,8.25],"rotation":0,"texture":"#0","tintindex":0},"up":{"uv":[3.5,9.9375,3.25,9.6875],"rotation":0,"texture":"#0","tintindex":0},"west":{"uv":[9.6875,3.1875,9.9375,3.4375],"rotation":0,"texture":"#0","tintindex":0}}},{"name":"cube","from":[10.819679,5.1736813,6.3046465],"to":[20.419678,9.973681,9.904646],"rotation":{"angle":0.0,"axis":"x","origin":[1.8764116,-2.030312,15.05]},"faces":{"down":{"uv":[8.5,4.625,7.5,5.0],"rotation":0,"texture":"#0","tintindex":0},"east":{"uv":[9.0625,3.625,9.4375,4.125],"rotation":0,"texture":"#0","tintindex":0},"north":{"uv":[1.375,6.625,2.375,7.125],"rotation":0,"texture":"#0","tintindex":0},"south":{"uv":[0.0,7.0,1.0,7.5],"rotation":0,"texture":"#0","tintindex":0},"up":{"uv":[1.0,7.875,0.0,7.5],"rotation":0,"texture":"#0","tintindex":0},"west":{"uv":[4.0,9.0625,4.375,9.5625],"rotation":0,"texture":"#0","tintindex":0}}},{"name":"cube","from":[19.632755,8.173681,6.332462],"to":[22.152756,9.973681,8.912462],"rotation":{"angle":-45.0,"axis":"y","origin":[20.088543,9.069689,7.3165474]},"faces":{"down":{"uv":[0.75,8.6875,0.5,8.9375],"rotation":0,"texture":"#0","tintindex":0},"east":{"uv":[8.75,3.0625,9.0,3.25],"rotation":0,"texture":"#0","tintindex":0},"north":{"uv":[3.75,8.25,4.0,8.4375],"rotation":0,"texture":"#0","tintindex":0},"south":{"uv":[8.8125,2.0625,9.0625,2.25],"rotation":0,"texture":"#0","tintindex":0},"up":{"uv":[3.75,8.8125,3.5,8.5625],"rotation":0,"texture":"#0","tintindex":0},"west":{"uv":[9.0,3.0625,9.25,3.25],"rotation":0,"texture":"#0","tintindex":0}}},{"name":"cube","from":[10.819679,9.973681,8.104647],"to":[21.01968,12.973681,8.104647],"rotation":{"angle":0.0,"axis":"x","origin":[1.8764116,-2.030312,15.05]},"faces":{"down":{"uv":[1.0625,0.0,0.0,0.0],"rotation":0,"texture":"#0","tintindex":0},"east":{"uv":[0.0,0.0,0.0,0.3125],"rotation":0,"texture":"#0","tintindex":0},"north":{"uv":[5.375,6.5625,6.4375,6.875],"rotation":0,"texture":"#0","tintindex":0},"south":{"uv":[5.375,6.5625,6.4375,6.875],"rotation":0,"texture":"#0","tintindex":0},"up":{"uv":[1.0625,0.0,0.0,0.0],"rotation":0,"texture":"#0","tintindex":0},"west":{"uv":[0.0,0.0,0.0,0.3125],"rotation":0,"texture":"#0","tintindex":0}}}],"display":{"head":{"translation":[0.0,-6.4,0.0],"rotation":[0.0,0.0,0.0],"scale":[3.8095,3.8095,3.8095]}}}