{"textures":{"0":"modelengine:entity/gigas"},"elements":[{"name":"cube","from":[7.601122,6.4553204,6.6600904],"to":[12.401122,8.85532,9.060091],"rotation":{"angle":-45.0,"axis":"x","origin":[11.382997,8.07586,7.472704]},"faces":{"down":{"uv":[8.6875,9.4375,8.1875,9.6875],"rotation":0,"texture":"#0","tintindex":0},"east":{"uv":[3.5,9.6875,3.75,9.9375],"rotation":0,"texture":"#0","tintindex":0},"north":{"uv":[6.3125,0.5,6.8125,0.75],"rotation":0,"texture":"#0","tintindex":0},"south":{"uv":[6.4375,9.4375,6.9375,9.6875],"rotation":0,"texture":"#0","tintindex":0},"up":{"uv":[7.4375,9.6875,6.9375,9.4375],"rotation":0,"texture":"#0","tintindex":0},"west":{"uv":[9.6875,3.6875,9.9375,3.9375],"rotation":0,"texture":"#0","tintindex":0}}},{"name":"cube","from":[12.401122,6.2524176,5.643994],"to":[19.601124,12.852419,9.843994],"rotation":{"angle":0.0,"axis":"x","origin":[4.182995,-0.92414045,14.672705]},"faces":{"down":{"uv":[0.75,8.25,0.0,8.6875],"rotation":0,"texture":"#0","tintindex":0},"east":{"uv":[7.3125,8.1875,7.75,8.875],"rotation":0,"texture":"#0","tintindex":0},"north":{"uv":[2.5,6.5625,3.25,7.25],"rotation":0,"texture":"#0","tintindex":0},"south":{"uv":[3.25,6.5625,4.0,7.25],"rotation":0,"texture":"#0","tintindex":0},"up":{"uv":[7.3125,8.625,6.5625,8.1875],"rotation":0,"texture":"#0","tintindex":0},"west":{"uv":[8.3125,2.5625,8.75,3.25],"rotation":0,"texture":"#0","tintindex":0}}},{"name":"cube","from":[12.401122,12.852419,8.043995],"to":[19.601124,15.2524185,8.043995],"rotation":{"angle":0.0,"axis":"x","origin":[4.182995,-0.92414045,14.672705]},"faces":{"down":{"uv":[0.75,0.0,0.0,0.0],"rotation":0,"texture":"#0","tintindex":0},"east":{"uv":[0.0,0.0,0.0,0.25],"rotation":0,"texture":"#0","tintindex":0},"north":{"uv":[5.6875,9.125,6.4375,9.375],"rotation":0,"texture":"#0","tintindex":0},"south":{"uv":[5.6875,9.125,6.4375,9.375],"rotation":0,"texture":"#0","tintindex":0},"up":{"uv":[0.75,0.0,0.0,0.0],"rotation":0,"texture":"#0","tintindex":0},"west":{"uv":[0.0,0.0,0.0,0.25],"rotation":0,"texture":"#0","tintindex":0}}},{"name":"cube","from":[19.601124,9.2524185,5.043994],"to":[31.001125,13.452418,10.4439945],"rotation":{"angle":0.0,"axis":"x","origin":[25.301125,9.852418,7.743994]},"faces":{"down":{"uv":[7.25,2.8125,6.0625,3.375],"rotation":0,"texture":"#0","tintindex":0},"east":{"uv":[0.5,8.9375,1.0625,9.375],"rotation":0,"texture":"#0","tintindex":0},"north":{"uv":[6.5,6.0,7.6875,6.4375],"rotation":0,"texture":"#0","tintindex":0},"south":{"uv":[6.5,6.4375,7.6875,6.875],"rotation":0,"texture":"#0","tintindex":0},"up":{"uv":[7.25,2.8125,6.0625,2.25],"rotation":0,"texture":"#0","tintindex":0},"west":{"uv":[1.0625,8.9375,1.625,9.375],"rotation":0,"texture":"#0","tintindex":0}}},{"name":"cube","from":[19.601124,6.2524176,10.4439945],"to":[31.001125,9.2524185,10.4439945],"rotation":{"angle":0.0,"axis":"x","origin":[25.301125,9.852418,7.743994]},"faces":{"down":{"uv":[1.1875,0.0,0.0,0.0],"rotation":0,"texture":"#0","tintindex":0},"east":{"uv":[0.0,0.0,0.0,0.3125],"rotation":0,"texture":"#0","tintindex":0},"north":{"uv":[7.8125,4.125,9.0,4.4375],"rotation":0,"texture":"#0","tintindex":0},"south":{"uv":[7.8125,4.125,9.0,4.4375],"rotation":0,"texture":"#0","tintindex":0},"up":{"uv":[1.1875,0.0,0.0,0.0],"rotation":0,"texture":"#0","tintindex":0},"west":{"uv":[0.0,0.0,0.0,0.3125],"rotation":0,"texture":"#0","tintindex":0}}},{"name":"cube","from":[19.601124,6.2524176,5.043994],"to":[31.001125,9.2524185,5.043994],"rotation":{"angle":0.0,"axis":"x","origin":[25.301125,9.852418,7.743994]},"faces":{"down":{"uv":[1.1875,0.0,0.0,0.0],"rotation":0,"texture":"#0","tintindex":0},"east":{"uv":[0.0,0.0,0.0,0.3125],"rotation":0,"texture":"#0","tintindex":0},"north":{"uv":[5.375,7.875,6.5625,8.1875],"rotation":0,"texture":"#0","tintindex":0},"south":{"uv":[5.375,7.875,6.5625,8.1875],"rotation":0,"texture":"#0","tintindex":0},"up":{"uv":[1.1875,0.0,0.0,0.0],"rotation":0,"texture":"#0","tintindex":0},"west":{"uv":[0.0,0.0,0.0,0.3125],"rotation":0,"texture":"#0","tintindex":0}}},{"name":"cube","from":[31.001125,6.2524176,5.043994],"to":[31.001125,9.2524185,10.4439945],"rotation":{"angle":0.0,"axis":"x","origin":[25.301125,9.852418,7.743994]},"faces":{"down":{"uv":[0.0,0.0,0.0,0.5625],"rotation":0,"texture":"#0","tintindex":0},"east":{"uv":[6.4375,9.125,7.0,9.4375],"rotation":0,"texture":"#0","tintindex":0},"north":{"uv":[0.0,0.0,0.0,0.3125],"rotation":0,"texture":"#0","tintindex":0},"south":{"uv":[0.0,0.0,0.0,0.3125],"rotation":0,"texture":"#0","tintindex":0},"up":{"uv":[0.0,0.5625,0.0,0.0],"rotation":0,"texture":"#0","tintindex":0},"west":{"uv":[6.4375,9.125,7.0,9.4375],"rotation":0,"texture":"#0","tintindex":0}}},{"name":"cube","from":[17.273373,4.6167264,4.7439938],"to":[21.473373,8.816727,10.743994],"rotation":{"angle":-22.5,"axis":"z","origin":[19.832432,7.1079845,7.472704]},"faces":{"down":{"uv":[6.0,8.5,5.5625,9.125],"rotation":0,"texture":"#0","tintindex":0},"east":{"uv":[4.5,8.4375,5.125,8.875],"rotation":0,"texture":"#0","tintindex":0},"north":{"uv":[8.1875,9.0,8.625,9.4375],"rotation":0,"texture":"#0","tintindex":0},"south":{"uv":[8.625,9.0,9.0625,9.4375],"rotation":0,"texture":"#0","tintindex":0},"up":{"uv":[5.5625,9.125,5.125,8.5],"rotation":0,"texture":"#0","tintindex":0},"west":{"uv":[8.5,4.4375,9.125,4.875],"rotation":0,"texture":"#0","tintindex":0}}}],"display":{"head":{"translation":[0.0,-6.4,0.0],"rotation":[0.0,0.0,0.0],"scale":[3.8095,3.8095,3.8095]}}}