{"textures":{"0":"modelengine:entity/gigas"},"elements":[{"name":"cube","from":[-10.179001,-0.47430158,6.1792183],"to":[-0.57899976,3.1256986,9.779219],"rotation":{"angle":0.0,"axis":"x","origin":[-0.07344651,-0.7680142,6.0762415]},"faces":{"down":{"uv":[7.375,7.5,8.375,7.875],"rotation":0,"texture":"#0","tintindex":0},"east":{"uv":[9.5625,7.0625,9.1875,7.4375],"rotation":0,"texture":"#0","tintindex":0},"north":{"uv":[8.5,5.0,7.5,5.375],"rotation":0,"texture":"#0","tintindex":0},"south":{"uv":[6.375,7.5,5.375,7.875],"rotation":0,"texture":"#0","tintindex":0},"up":{"uv":[6.375,7.875,7.375,7.5],"rotation":0,"texture":"#0","tintindex":0},"west":{"uv":[0.375,9.1875,0.0,9.5625],"rotation":0,"texture":"#0","tintindex":0}}},{"name":"cube","from":[-10.179001,-1.0405636,6.6850815],"to":[-0.57899976,1.5094367,9.235083],"rotation":{"angle":45.0,"axis":"x","origin":[-4.8734465,-0.14680147,7.1156883]},"faces":{"down":{"uv":[8.6875,5.75,9.6875,6.0],"rotation":0,"texture":"#0","tintindex":0},"east":{"uv":[6.5625,9.6875,6.3125,9.9375],"rotation":0,"texture":"#0","tintindex":0},"north":{"uv":[3.0,7.75,2.0,8.0],"rotation":0,"texture":"#0","tintindex":0},"south":{"uv":[9.625,0.0,8.625,0.25],"rotation":0,"texture":"#0","tintindex":0},"up":{"uv":[6.0,8.875,7.0,8.625],"rotation":0,"texture":"#0","tintindex":0},"west":{"uv":[9.9375,6.125,9.6875,6.375],"rotation":0,"texture":"#0","tintindex":0}}},{"name":"cube","from":[-0.57899976,0.12569833,6.7792187],"to":[1.8210005,2.5256984,9.179218],"rotation":{"angle":0.0,"axis":"x","origin":[9.526554,-0.7680142,6.0762415]},"faces":{"down":{"uv":[6.0625,9.6875,6.3125,9.9375],"rotation":0,"texture":"#0","tintindex":0},"east":{"uv":[6.0625,9.6875,5.8125,9.9375],"rotation":0,"texture":"#0","tintindex":0},"north":{"uv":[4.0,9.6875,3.75,9.9375],"rotation":0,"texture":"#0","tintindex":0},"south":{"uv":[9.9375,5.625,9.6875,5.875],"rotation":0,"texture":"#0","tintindex":0},"up":{"uv":[9.6875,6.125,9.9375,5.875],"rotation":0,"texture":"#0","tintindex":0},"west":{"uv":[5.8125,9.6875,5.5625,9.9375],"rotation":0,"texture":"#0","tintindex":0}}},{"name":"cube","from":[0.55249596,1.0699441,6.7792187],"to":[10.152496,4.0699444,9.179218],"rotation":{"angle":45.0,"axis":"z","origin":[2.3265536,2.1290421,7.8762417]},"faces":{"down":{"uv":[8.6875,6.25,9.6875,6.5],"rotation":0,"texture":"#0","tintindex":0},"east":{"uv":[9.8125,8.375,9.5625,8.6875],"rotation":0,"texture":"#0","tintindex":0},"north":{"uv":[1.75,8.25,0.75,8.5625],"rotation":0,"texture":"#0","tintindex":0},"south":{"uv":[2.75,8.25,1.75,8.5625],"rotation":0,"texture":"#0","tintindex":0},"up":{"uv":[8.6875,6.25,9.6875,6.0],"rotation":0,"texture":"#0","tintindex":0},"west":{"uv":[8.125,9.5625,7.875,9.875],"rotation":0,"texture":"#0","tintindex":0}}},{"name":"cube","from":[-12.579,0.12569833,6.7792187],"to":[-10.179001,2.5256984,9.179218],"rotation":{"angle":0.0,"axis":"x","origin":[-2.4734468,-0.7680142,6.0762415]},"faces":{"down":{"uv":[8.375,9.6875,8.625,9.9375],"rotation":0,"texture":"#0","tintindex":0},"east":{"uv":[9.9375,7.4375,9.6875,7.6875],"rotation":0,"texture":"#0","tintindex":0},"north":{"uv":[6.8125,9.6875,6.5625,9.9375],"rotation":0,"texture":"#0","tintindex":0},"south":{"uv":[7.3125,9.6875,7.0625,9.9375],"rotation":0,"texture":"#0","tintindex":0},"up":{"uv":[8.125,9.9375,8.375,9.6875],"rotation":0,"texture":"#0","tintindex":0},"west":{"uv":[7.0625,9.6875,6.8125,9.9375],"rotation":0,"texture":"#0","tintindex":0}}}],"display":{"head":{"translation":[0.0,-6.4,0.0],"rotation":[0.0,0.0,0.0],"scale":[3.8095,3.8095,3.8095]}}}