{"textures":{"0":"modelengine:entity/gigas"},"elements":[{"name":"cube","from":[-0.6399052,6.45819,6.1570687],"to":[5.9600973,10.05819,9.757069],"rotation":{"angle":0.0,"axis":"x","origin":[6.5,5.6,6.2]},"faces":{"down":{"uv":[1.4375,8.5625,2.125,8.9375],"rotation":0,"texture":"#0","tintindex":0},"east":{"uv":[9.625,2.5625,9.25,2.9375],"rotation":0,"texture":"#0","tintindex":0},"north":{"uv":[9.1875,7.0625,8.5,7.4375],"rotation":0,"texture":"#0","tintindex":0},"south":{"uv":[9.1875,8.375,8.5,8.75],"rotation":0,"texture":"#0","tintindex":0},"up":{"uv":[0.75,8.9375,1.4375,8.5625],"rotation":0,"texture":"#0","tintindex":0},"west":{"uv":[2.375,9.25,2.0,9.625],"rotation":0,"texture":"#0","tintindex":0}}},{"name":"cube","from":[-2.0992007,8.564337,7.3570685],"to":[0.9007993,10.964336,8.557069],"rotation":{"angle":45.0,"axis":"z","origin":[3.1999998,8.0,8.0]},"faces":{"down":{"uv":[8.3125,3.25,8.625,3.375],"rotation":0,"texture":"#0","tintindex":0},"east":{"uv":[2.5,6.875,2.375,7.125],"rotation":0,"texture":"#0","tintindex":0},"north":{"uv":[7.3125,8.625,7.0,8.875],"rotation":0,"texture":"#0","tintindex":0},"south":{"uv":[9.875,7.1875,9.5625,7.4375],"rotation":0,"texture":"#0","tintindex":0},"up":{"uv":[7.875,1.75,8.1875,1.625],"rotation":0,"texture":"#0","tintindex":0},"west":{"uv":[2.5,6.625,2.375,6.875],"rotation":0,"texture":"#0","tintindex":0}}}],"display":{"head":{"translation":[0.0,-6.4,0.0],"rotation":[0.0,0.0,0.0],"scale":[3.8095,3.8095,3.8095]}}}