{"textures":{"0":"modelengine:entity/gigas"},"elements":[{"name":"cube","from":[5.456657,7.021308,6.301324],"to":[7.856657,9.4213085,8.701324],"rotation":{"angle":-45.0,"axis":"x","origin":[6.923588,8.019689,7.85]},"faces":{"down":{"uv":[10.0,8.6875,9.75,8.9375],"rotation":0,"texture":"#0","tintindex":0},"east":{"uv":[1.25,9.75,1.5,10.0],"rotation":0,"texture":"#0","tintindex":0},"north":{"uv":[1.0,9.75,1.25,10.0],"rotation":0,"texture":"#0","tintindex":0},"south":{"uv":[9.75,3.9375,10.0,4.1875],"rotation":0,"texture":"#0","tintindex":0},"up":{"uv":[10.0,5.25,9.75,5.0],"rotation":0,"texture":"#0","tintindex":0},"west":{"uv":[9.75,4.75,10.0,5.0],"rotation":0,"texture":"#0","tintindex":0}}},{"name":"cube","from":[-4.1433434,5.065704,5.6608825],"to":[5.456657,9.865704,9.260883],"rotation":{"angle":0.0,"axis":"x","origin":[14.123589,-2.030312,15.05]},"faces":{"down":{"uv":[2.0,7.625,1.0,8.0],"rotation":0,"texture":"#0","tintindex":0},"east":{"uv":[9.0625,9.0,9.4375,9.5],"rotation":0,"texture":"#0","tintindex":0},"north":{"uv":[1.0,7.125,2.0,7.625],"rotation":0,"texture":"#0","tintindex":0},"south":{"uv":[2.0,7.25,3.0,7.75],"rotation":0,"texture":"#0","tintindex":0},"up":{"uv":[8.5625,5.75,7.5625,5.375],"rotation":0,"texture":"#0","tintindex":0},"west":{"uv":[9.125,4.375,9.5,4.875],"rotation":0,"texture":"#0","tintindex":0}}},{"name":"cube","from":[-5.5021467,8.065704,6.072651],"to":[-2.9821458,9.865704,8.652651],"rotation":{"angle":45.0,"axis":"y","origin":[-4.0885444,9.069689,7.3165474]},"faces":{"down":{"uv":[10.0625,1.4375,9.8125,1.6875],"rotation":0,"texture":"#0","tintindex":0},"east":{"uv":[9.75,4.1875,10.0,4.375],"rotation":0,"texture":"#0","tintindex":0},"north":{"uv":[9.0625,2.0625,9.3125,2.25],"rotation":0,"texture":"#0","tintindex":0},"south":{"uv":[9.8125,8.5,10.0625,8.6875],"rotation":0,"texture":"#0","tintindex":0},"up":{"uv":[9.9375,10.0,9.6875,9.75],"rotation":0,"texture":"#0","tintindex":0},"west":{"uv":[9.875,6.625,10.125,6.8125],"rotation":0,"texture":"#0","tintindex":0}}},{"name":"cube","from":[-4.7433434,9.865704,7.4608827],"to":[5.456657,12.265704,7.4608827],"rotation":{"angle":0.0,"axis":"x","origin":[14.123589,-2.030312,15.05]},"faces":{"down":{"uv":[1.0625,0.0,0.0,0.0],"rotation":0,"texture":"#0","tintindex":0},"east":{"uv":[0.0,0.0,0.0,0.25],"rotation":0,"texture":"#0","tintindex":0},"north":{"uv":[8.5,4.875,9.5625,5.125],"rotation":0,"texture":"#0","tintindex":0},"south":{"uv":[8.5,4.875,9.5625,5.125],"rotation":0,"texture":"#0","tintindex":0},"up":{"uv":[1.0625,0.0,0.0,0.0],"rotation":0,"texture":"#0","tintindex":0},"west":{"uv":[0.0,0.0,0.0,0.25],"rotation":0,"texture":"#0","tintindex":0}}}],"display":{"head":{"translation":[0.0,-6.4,0.0],"rotation":[0.0,0.0,0.0],"scale":[3.8095,3.8095,3.8095]}}}