{"textures":{"0":"modelengine:entity/gigas"},"elements":[{"name":"cube","from":[4.7416825,6.6599283,7.1417255],"to":[7.1416817,9.059929,9.541725],"rotation":{"angle":-45.0,"axis":"x","origin":[6.3235884,8.01969,8.3]},"faces":{"down":{"uv":[10.0625,5.25,9.8125,5.5],"rotation":0,"texture":"#0","tintindex":0},"east":{"uv":[9.8125,2.5625,10.0625,2.8125],"rotation":0,"texture":"#0","tintindex":0},"north":{"uv":[9.8125,1.6875,10.0625,1.9375],"rotation":0,"texture":"#0","tintindex":0},"south":{"uv":[9.8125,2.8125,10.0625,3.0625],"rotation":0,"texture":"#0","tintindex":0},"up":{"uv":[5.375,10.0625,5.125,9.8125],"rotation":0,"texture":"#0","tintindex":0},"west":{"uv":[4.875,9.8125,5.125,10.0625],"rotation":0,"texture":"#0","tintindex":0}}},{"name":"cube","from":[-0.01102829,5.0843987,7.310865],"to":[4.788972,9.884398,9.710865],"rotation":{"angle":0.0,"axis":"x","origin":[13.523588,-0.9803114,15.5]},"faces":{"down":{"uv":[9.9375,9.25,9.4375,9.5],"rotation":0,"texture":"#0","tintindex":0},"east":{"uv":[4.625,9.4375,4.875,9.9375],"rotation":0,"texture":"#0","tintindex":0},"north":{"uv":[0.0,8.6875,0.5,9.1875],"rotation":0,"texture":"#0","tintindex":0},"south":{"uv":[8.75,2.5625,9.25,3.0625],"rotation":0,"texture":"#0","tintindex":0},"up":{"uv":[9.9375,9.25,9.4375,9.0],"rotation":0,"texture":"#0","tintindex":0},"west":{"uv":[8.6875,9.4375,8.9375,9.9375],"rotation":0,"texture":"#0","tintindex":0}}},{"name":"cube","from":[-6.6161833,6.9007034,7.6103773],"to":[0.5838175,10.500703,9.4103775],"rotation":{"angle":0.0,"axis":"x","origin":[11.123589,-0.9803114,15.5]},"faces":{"down":{"uv":[4.875,8.0,4.125,8.1875],"rotation":0,"texture":"#0","tintindex":0},"east":{"uv":[9.625,2.5625,9.8125,2.9375],"rotation":0,"texture":"#0","tintindex":0},"north":{"uv":[7.75,8.375,8.5,8.75],"rotation":0,"texture":"#0","tintindex":0},"south":{"uv":[3.75,8.4375,4.5,8.8125],"rotation":0,"texture":"#0","tintindex":0},"up":{"uv":[8.125,0.5,7.375,0.3125],"rotation":0,"texture":"#0","tintindex":0},"west":{"uv":[2.6875,9.625,2.875,10.0],"rotation":0,"texture":"#0","tintindex":0}}}],"display":{"head":{"translation":[0.0,-6.4,0.0],"rotation":[0.0,0.0,0.0],"scale":[3.8095,3.8095,3.8095]}}}