{"textures":{"0":"modelengine:entity/gigas"},"elements":[{"name":"cube","from":[7.1890373,6.6380343,6.1981792],"to":[20.389038,10.238034,9.79818],"rotation":{"angle":0.0,"axis":"x","origin":[6.7700005,5.6107574,6.241111]},"faces":{"down":{"uv":[8.1875,0.875,6.8125,1.25],"rotation":0,"texture":"#0","tintindex":0},"east":{"uv":[9.1875,8.375,9.5625,8.75],"rotation":0,"texture":"#0","tintindex":0},"north":{"uv":[4.0,6.5625,5.375,6.9375],"rotation":0,"texture":"#0","tintindex":0},"south":{"uv":[0.0,6.625,1.375,7.0],"rotation":0,"texture":"#0","tintindex":0},"up":{"uv":[8.1875,0.875,6.8125,0.5],"rotation":0,"texture":"#0","tintindex":0},"west":{"uv":[1.625,9.25,2.0,9.625],"rotation":0,"texture":"#0","tintindex":0}}},{"name":"cube","from":[7.1890373,5.753744,6.2280703],"to":[20.389038,8.303744,8.77807],"rotation":{"angle":45.0,"axis":"x","origin":[11.570001,6.231971,7.2805576]},"faces":{"down":{"uv":[4.125,8.0,2.75,8.25],"rotation":0,"texture":"#0","tintindex":0},"east":{"uv":[9.6875,9.5,9.9375,9.75],"rotation":0,"texture":"#0","tintindex":0},"north":{"uv":[7.75,7.875,9.125,8.125],"rotation":0,"texture":"#0","tintindex":0},"south":{"uv":[0.0,8.0,1.375,8.25],"rotation":0,"texture":"#0","tintindex":0},"up":{"uv":[2.75,8.25,1.375,8.0],"rotation":0,"texture":"#0","tintindex":0},"west":{"uv":[0.25,9.75,0.5,10.0],"rotation":0,"texture":"#0","tintindex":0}}},{"name":"cube","from":[7.1890373,10.238034,7.9981794],"to":[20.389038,12.638034,7.9981794],"rotation":{"angle":0.0,"axis":"x","origin":[6.7700005,9.810758,6.241111]},"faces":{"down":{"uv":[1.375,0.0,0.0,0.0],"rotation":0,"texture":"#0","tintindex":0},"east":{"uv":[0.0,0.0,0.0,0.25],"rotation":0,"texture":"#0","tintindex":0},"north":{"uv":[8.1875,1.3125,9.5625,1.5625],"rotation":0,"texture":"#0","tintindex":0},"south":{"uv":[8.1875,1.3125,9.5625,1.5625],"rotation":0,"texture":"#0","tintindex":0},"up":{"uv":[1.375,0.0,0.0,0.0],"rotation":0,"texture":"#0","tintindex":0},"west":{"uv":[0.0,0.0,0.0,0.25],"rotation":0,"texture":"#0","tintindex":0}}}],"display":{"head":{"translation":[0.0,-6.4,0.0],"rotation":[0.0,0.0,0.0],"scale":[3.8095,3.8095,3.8095]}}}