{"textures":{"0":"modelengine:entity/gigas"},"elements":[{"name":"cube","from":[16.578999,-0.47430158,6.1792183],"to":[26.179,3.1256986,9.779219],"rotation":{"angle":0.0,"axis":"x","origin":[16.073446,-0.7680142,6.0762415]},"faces":{"down":{"uv":[8.375,7.5,7.375,7.875],"rotation":0,"texture":"#0","tintindex":0},"east":{"uv":[0.0,9.1875,0.375,9.5625],"rotation":0,"texture":"#0","tintindex":0},"north":{"uv":[7.5,5.0,8.5,5.375],"rotation":0,"texture":"#0","tintindex":0},"south":{"uv":[5.375,7.5,6.375,7.875],"rotation":0,"texture":"#0","tintindex":0},"up":{"uv":[7.375,7.875,6.375,7.5],"rotation":0,"texture":"#0","tintindex":0},"west":{"uv":[9.1875,7.0625,9.5625,7.4375],"rotation":0,"texture":"#0","tintindex":0}}},{"name":"cube","from":[16.578999,-1.0405636,6.6850815],"to":[26.179,1.5094367,9.235083],"rotation":{"angle":45.0,"axis":"x","origin":[20.873447,-0.14680147,7.1156883]},"faces":{"down":{"uv":[9.6875,5.75,8.6875,6.0],"rotation":0,"texture":"#0","tintindex":0},"east":{"uv":[9.6875,6.125,9.9375,6.375],"rotation":0,"texture":"#0","tintindex":0},"north":{"uv":[2.0,7.75,3.0,8.0],"rotation":0,"texture":"#0","tintindex":0},"south":{"uv":[8.625,0.0,9.625,0.25],"rotation":0,"texture":"#0","tintindex":0},"up":{"uv":[7.0,8.875,6.0,8.625],"rotation":0,"texture":"#0","tintindex":0},"west":{"uv":[6.3125,9.6875,6.5625,9.9375],"rotation":0,"texture":"#0","tintindex":0}}},{"name":"cube","from":[14.179,0.12569833,6.7792187],"to":[16.578999,2.5256984,9.179218],"rotation":{"angle":0.0,"axis":"x","origin":[6.473446,-0.7680142,6.0762415]},"faces":{"down":{"uv":[6.3125,9.6875,6.0625,9.9375],"rotation":0,"texture":"#0","tintindex":0},"east":{"uv":[5.5625,9.6875,5.8125,9.9375],"rotation":0,"texture":"#0","tintindex":0},"north":{"uv":[3.75,9.6875,4.0,9.9375],"rotation":0,"texture":"#0","tintindex":0},"south":{"uv":[9.6875,5.625,9.9375,5.875],"rotation":0,"texture":"#0","tintindex":0},"up":{"uv":[9.9375,6.125,9.6875,5.875],"rotation":0,"texture":"#0","tintindex":0},"west":{"uv":[5.8125,9.6875,6.0625,9.9375],"rotation":0,"texture":"#0","tintindex":0}}},{"name":"cube","from":[5.8475037,1.0699441,6.7792187],"to":[15.447504,4.0699444,9.179218],"rotation":{"angle":-45.0,"axis":"z","origin":[13.673447,2.1290421,7.8762417]},"faces":{"down":{"uv":[9.6875,6.25,8.6875,6.5],"rotation":0,"texture":"#0","tintindex":0},"east":{"uv":[7.875,9.5625,8.125,9.875],"rotation":0,"texture":"#0","tintindex":0},"north":{"uv":[0.75,8.25,1.75,8.5625],"rotation":0,"texture":"#0","tintindex":0},"south":{"uv":[1.75,8.25,2.75,8.5625],"rotation":0,"texture":"#0","tintindex":0},"up":{"uv":[9.6875,6.25,8.6875,6.0],"rotation":0,"texture":"#0","tintindex":0},"west":{"uv":[9.5625,8.375,9.8125,8.6875],"rotation":0,"texture":"#0","tintindex":0}}},{"name":"cube","from":[26.179,0.12569833,6.7792187],"to":[28.578999,2.5256984,9.179218],"rotation":{"angle":0.0,"axis":"x","origin":[18.473446,-0.7680142,6.0762415]},"faces":{"down":{"uv":[8.625,9.6875,8.375,9.9375],"rotation":0,"texture":"#0","tintindex":0},"east":{"uv":[6.8125,9.6875,7.0625,9.9375],"rotation":0,"texture":"#0","tintindex":0},"north":{"uv":[6.5625,9.6875,6.8125,9.9375],"rotation":0,"texture":"#0","tintindex":0},"south":{"uv":[7.0625,9.6875,7.3125,9.9375],"rotation":0,"texture":"#0","tintindex":0},"up":{"uv":[8.375,9.9375,8.125,9.6875],"rotation":0,"texture":"#0","tintindex":0},"west":{"uv":[9.6875,7.4375,9.9375,7.6875],"rotation":0,"texture":"#0","tintindex":0}}}],"display":{"head":{"translation":[0.0,-6.4,0.0],"rotation":[0.0,0.0,0.0],"scale":[3.8095,3.8095,3.8095]}}}