{"file_name":"head","texture_size":[32,32],"textures":{"b7b21152-6ae5-4b9a-9183-651be88279a8":"modelengine:entity/helloeng"},"elements":[{"name":"cube","from":[3.1999998,4.3999996,8.45],"to":[11.6,11.0,8.45],"rotation":{"angle":0.0,"axis":"x","origin":[7.4,4.3999996,8.0]},"faces":{"down":{"uv":[14.0,0.0,7.0,0.0],"rotation":0,"texture":"#b7b21152-6ae5-4b9a-9183-651be88279a8","tintindex":0},"east":{"uv":[0.0,0.0,0.0,5.5],"rotation":0,"texture":"#b7b21152-6ae5-4b9a-9183-651be88279a8","tintindex":0},"north":{"uv":[0.0,0.0,7.0,5.5],"rotation":0,"texture":"#b7b21152-6ae5-4b9a-9183-651be88279a8","tintindex":0},"south":{"uv":[7.0,0.0,0.0,5.5],"rotation":0,"texture":"#b7b21152-6ae5-4b9a-9183-651be88279a8","tintindex":0},"up":{"uv":[7.0,0.0,0.0,0.0],"rotation":0,"texture":"#b7b21152-6ae5-4b9a-9183-651be88279a8","tintindex":0},"west":{"uv":[7.0,0.0,7.0,5.5],"rotation":0,"texture":"#b7b21152-6ae5-4b9a-9183-651be88279a8","tintindex":0}}},{"name":"cube","from":[3.7999997,5.6,8.3],"to":[10.4,10.4,8.3],"rotation":{"angle":0.0,"axis":"x","origin":[7.4,4.3999996,8.0]},"faces":{"down":{"uv":[14.0,5.5,7.0,5.5],"rotation":0,"texture":"#b7b21152-6ae5-4b9a-9183-651be88279a8","tintindex":0},"east":{"uv":[0.0,5.5,0.0,11.0],"rotation":0,"texture":"#b7b21152-6ae5-4b9a-9183-651be88279a8","tintindex":0},"north":{"uv":[0.0,5.5,7.0,11.0],"rotation":0,"texture":"#b7b21152-6ae5-4b9a-9183-651be88279a8","tintindex":0},"south":{"uv":[7.0,5.5,14.0,11.0],"rotation":0,"texture":"#b7b21152-6ae5-4b9a-9183-651be88279a8","tintindex":0},"up":{"uv":[7.0,5.5,0.0,5.5],"rotation":0,"texture":"#b7b21152-6ae5-4b9a-9183-651be88279a8","tintindex":0},"west":{"uv":[7.0,5.5,7.0,11.0],"rotation":0,"texture":"#b7b21152-6ae5-4b9a-9183-651be88279a8","tintindex":0}}}],"display":{"head":{"translation":[0.0,-6.4,0.0],"rotation":[0.0,0.0,0.0],"scale":[3.8095,3.8095,3.8095]},"gui":{"translation":[0.0,0.0,0.0],"rotation":[35.0,225.0,0.0],"scale":[0.625,0.625,0.625]}}}