{"file_name":"torso","texture_size":[128,128],"textures":{"5f071f6f-8546-4d5a-ac96-dadb7747f8de":"modelengine:entity/plants"},"elements":[{"name":"torso cube","from":[-5.05,1.6442853,7.5585713],"to":[18.650002,10.644285,8.758572],"rotation":{"angle":0.0,"axis":"x","origin":[8.030001,8.064285,7.9185715]},"faces":{"down":{"uv":[5.0,0.0,10.0,0.25],"rotation":0,"texture":"#5f071f6f-8546-4d5a-ac96-dadb7747f8de","tintindex":0},"east":{"uv":[4.875,5.0,5.125,6.875],"rotation":0,"texture":"#5f071f6f-8546-4d5a-ac96-dadb7747f8de","tintindex":0},"north":{"uv":[0.0,0.0,5.0,1.875],"rotation":0,"texture":"#5f071f6f-8546-4d5a-ac96-dadb7747f8de","tintindex":0},"south":{"uv":[0.0,1.875,5.0,3.75],"rotation":0,"texture":"#5f071f6f-8546-4d5a-ac96-dadb7747f8de","tintindex":0},"up":{"uv":[8.75,5.0,3.75,4.75],"rotation":0,"texture":"#5f071f6f-8546-4d5a-ac96-dadb7747f8de","tintindex":0},"west":{"uv":[5.125,5.0,5.375,6.875],"rotation":0,"texture":"#5f071f6f-8546-4d5a-ac96-dadb7747f8de","tintindex":0}}},{"name":"torso cube","from":[3.4699998,6.9842854,8.038571],"to":[5.33,17.604286,8.038571],"rotation":{"angle":0.0,"axis":"x","origin":[8.030001,9.804286,7.9185715]},"faces":{"down":{"uv":[0.0,0.0,0.375,0.0],"rotation":0,"texture":"#5f071f6f-8546-4d5a-ac96-dadb7747f8de","tintindex":0},"east":{"uv":[0.0,0.0,0.0,2.25],"rotation":0,"texture":"#5f071f6f-8546-4d5a-ac96-dadb7747f8de","tintindex":0},"north":{"uv":[5.0,0.25,5.375,2.5],"rotation":0,"texture":"#5f071f6f-8546-4d5a-ac96-dadb7747f8de","tintindex":0},"south":{"uv":[3.75,5.0,4.125,7.25],"rotation":0,"texture":"#5f071f6f-8546-4d5a-ac96-dadb7747f8de","tintindex":0},"up":{"uv":[0.375,0.0,0.0,0.0],"rotation":0,"texture":"#5f071f6f-8546-4d5a-ac96-dadb7747f8de","tintindex":0},"west":{"uv":[0.0,0.0,0.0,2.25],"rotation":0,"texture":"#5f071f6f-8546-4d5a-ac96-dadb7747f8de","tintindex":0}}},{"name":"torso cube","from":[9.469999,6.9842854,8.038571],"to":[11.33,17.604286,8.038571],"rotation":{"angle":0.0,"axis":"x","origin":[8.030001,9.804286,7.9185715]},"faces":{"down":{"uv":[0.0,0.0,0.375,0.0],"rotation":0,"texture":"#5f071f6f-8546-4d5a-ac96-dadb7747f8de","tintindex":0},"east":{"uv":[0.0,0.0,0.0,2.25],"rotation":0,"texture":"#5f071f6f-8546-4d5a-ac96-dadb7747f8de","tintindex":0},"north":{"uv":[4.125,5.0,4.5,7.25],"rotation":0,"texture":"#5f071f6f-8546-4d5a-ac96-dadb7747f8de","tintindex":0},"south":{"uv":[4.5,5.0,4.875,7.25],"rotation":0,"texture":"#5f071f6f-8546-4d5a-ac96-dadb7747f8de","tintindex":0},"up":{"uv":[0.375,0.0,0.0,0.0],"rotation":0,"texture":"#5f071f6f-8546-4d5a-ac96-dadb7747f8de","tintindex":0},"west":{"uv":[0.0,0.0,0.0,2.25],"rotation":0,"texture":"#5f071f6f-8546-4d5a-ac96-dadb7747f8de","tintindex":0}}},{"name":"cube","from":[-8.8,2.6,8.0],"to":[-4.6000004,10.4,8.6],"rotation":{"angle":0.0,"axis":"x","origin":[8.0,8.0,8.0]},"faces":{"down":{"uv":[5.375,2.375,6.25,2.5],"rotation":0,"texture":"#5f071f6f-8546-4d5a-ac96-dadb7747f8de","tintindex":0},"east":{"uv":[5.375,5.0,5.5,6.625],"rotation":0,"texture":"#5f071f6f-8546-4d5a-ac96-dadb7747f8de","tintindex":0},"north":{"uv":[2.0,4.75,2.875,6.375],"rotation":0,"texture":"#5f071f6f-8546-4d5a-ac96-dadb7747f8de","tintindex":0},"south":{"uv":[2.875,4.75,3.75,6.375],"rotation":0,"texture":"#5f071f6f-8546-4d5a-ac96-dadb7747f8de","tintindex":0},"up":{"uv":[6.25,2.375,5.375,2.25],"rotation":0,"texture":"#5f071f6f-8546-4d5a-ac96-dadb7747f8de","tintindex":0},"west":{"uv":[0.0,5.5,0.125,7.125],"rotation":0,"texture":"#5f071f6f-8546-4d5a-ac96-dadb7747f8de","tintindex":0}}},{"name":"cube","from":[17.6,1.9999998,8.0],"to":[22.400002,10.4,8.6],"rotation":{"angle":0.0,"axis":"x","origin":[8.0,8.0,8.0]},"faces":{"down":{"uv":[5.375,2.125,6.375,2.25],"rotation":0,"texture":"#5f071f6f-8546-4d5a-ac96-dadb7747f8de","tintindex":0},"east":{"uv":[5.375,0.25,5.5,2.0],"rotation":0,"texture":"#5f071f6f-8546-4d5a-ac96-dadb7747f8de","tintindex":0},"north":{"uv":[0.0,3.75,1.0,5.5],"rotation":0,"texture":"#5f071f6f-8546-4d5a-ac96-dadb7747f8de","tintindex":0},"south":{"uv":[1.0,3.75,2.0,5.5],"rotation":0,"texture":"#5f071f6f-8546-4d5a-ac96-dadb7747f8de","tintindex":0},"up":{"uv":[6.375,2.125,5.375,2.0],"rotation":0,"texture":"#5f071f6f-8546-4d5a-ac96-dadb7747f8de","tintindex":0},"west":{"uv":[5.375,2.75,5.5,4.5],"rotation":0,"texture":"#5f071f6f-8546-4d5a-ac96-dadb7747f8de","tintindex":0}}},{"name":"cube","from":[-1.0000005,-0.40000033,8.0],"to":[15.2,1.9999998,8.6],"rotation":{"angle":0.0,"axis":"x","origin":[8.0,8.0,8.0]},"faces":{"down":{"uv":[5.0,2.625,8.375,2.75],"rotation":0,"texture":"#5f071f6f-8546-4d5a-ac96-dadb7747f8de","tintindex":0},"east":{"uv":[5.0,2.75,5.125,3.25],"rotation":0,"texture":"#5f071f6f-8546-4d5a-ac96-dadb7747f8de","tintindex":0},"north":{"uv":[2.0,3.75,5.375,4.25],"rotation":0,"texture":"#5f071f6f-8546-4d5a-ac96-dadb7747f8de","tintindex":0},"south":{"uv":[2.0,4.25,5.375,4.75],"rotation":0,"texture":"#5f071f6f-8546-4d5a-ac96-dadb7747f8de","tintindex":0},"up":{"uv":[8.375,2.625,5.0,2.5],"rotation":0,"texture":"#5f071f6f-8546-4d5a-ac96-dadb7747f8de","tintindex":0},"west":{"uv":[5.0,3.25,5.125,3.75],"rotation":0,"texture":"#5f071f6f-8546-4d5a-ac96-dadb7747f8de","tintindex":0}}}],"display":{"head":{"translation":[0.0,-6.4,0.0],"rotation":[0.0,0.0,0.0],"scale":[3.8095,3.8095,3.8095]},"gui":{"translation":[0.0,0.0,0.0],"rotation":[35.0,225.0,0.0],"scale":[0.625,0.625,0.625]}}}