{"file_name":"leftwing","texture_size":[64,64],"textures":{"0a640f72-2511-4c6a-ed0f-814b609721f6":"modelengine:entity/imp"},"elements":[{"name":"cube","from":[8.0,5.5161905,8.01235],"to":[8.0,9.71619,13.412351],"rotation":{"angle":22.5,"axis":"x","origin":[8.0,7.6161904,10.712351]},"faces":{"down":{"uv":[0.0,0.0,0.0,2.25],"rotation":0,"texture":"#0a640f72-2511-4c6a-ed0f-814b609721f6","tintindex":0},"east":{"uv":[2.25,1.75,0.0,3.5],"rotation":0,"texture":"#0a640f72-2511-4c6a-ed0f-814b609721f6","tintindex":0},"north":{"uv":[0.0,0.0,0.0,1.75],"rotation":0,"texture":"#0a640f72-2511-4c6a-ed0f-814b609721f6","tintindex":0},"south":{"uv":[0.0,0.0,0.0,1.75],"rotation":0,"texture":"#0a640f72-2511-4c6a-ed0f-814b609721f6","tintindex":0},"up":{"uv":[0.0,2.25,0.0,0.0],"rotation":0,"texture":"#0a640f72-2511-4c6a-ed0f-814b609721f6","tintindex":0},"west":{"uv":[0.0,1.75,2.25,3.5],"rotation":0,"texture":"#0a640f72-2511-4c6a-ed0f-814b609721f6","tintindex":0}}}],"display":{"head":{"translation":[0.0,-6.4,0.0],"rotation":[0.0,0.0,0.0],"scale":[3.8095,3.8095,3.8095]},"gui":{"translation":[0.0,0.0,0.0],"rotation":[35.0,225.0,0.0],"scale":[0.625,0.625,0.625]}}}