{"file_name":"lefthand","texture_size":[64,64],"textures":{"30ff1dcd-60d9-d59f-8c8d-48b80a3d317c":"modelengine:entity/mummy"},"elements":[{"name":"cube","from":[8.0,5.84,7.52],"to":[8.81,8.0,9.139999],"rotation":{"angle":0.0,"axis":"x","origin":[8.54,7.46,8.6]},"faces":{"down":{"uv":[1.0,7.75,1.25,8.5],"rotation":0,"texture":"#30ff1dcd-60d9-d59f-8c8d-48b80a3d317c","tintindex":0},"east":{"uv":[2.25,7.0,3.0,8.0],"rotation":0,"texture":"#30ff1dcd-60d9-d59f-8c8d-48b80a3d317c","tintindex":0},"north":{"uv":[3.25,1.5,3.5,2.5],"rotation":0,"texture":"#30ff1dcd-60d9-d59f-8c8d-48b80a3d317c","tintindex":0},"south":{"uv":[6.0,7.5,6.25,8.5],"rotation":0,"texture":"#30ff1dcd-60d9-d59f-8c8d-48b80a3d317c","tintindex":0},"up":{"uv":[2.75,7.0,2.5,6.25],"rotation":0,"texture":"#30ff1dcd-60d9-d59f-8c8d-48b80a3d317c","tintindex":0},"west":{"uv":[3.0,7.0,3.75,8.0],"rotation":0,"texture":"#30ff1dcd-60d9-d59f-8c8d-48b80a3d317c","tintindex":0}}},{"name":"cube","from":[8.84,5.84,7.52],"to":[9.41,6.8,9.139999],"rotation":{"angle":0.0,"axis":"x","origin":[8.54,7.46,8.6]},"faces":{"down":{"uv":[7.25,7.75,7.5,8.5],"rotation":0,"texture":"#30ff1dcd-60d9-d59f-8c8d-48b80a3d317c","tintindex":0},"east":{"uv":[7.5,5.0,8.25,5.5],"rotation":0,"texture":"#30ff1dcd-60d9-d59f-8c8d-48b80a3d317c","tintindex":0},"north":{"uv":[2.25,8.0,2.5,8.5],"rotation":0,"texture":"#30ff1dcd-60d9-d59f-8c8d-48b80a3d317c","tintindex":0},"south":{"uv":[2.5,8.0,2.75,8.5],"rotation":0,"texture":"#30ff1dcd-60d9-d59f-8c8d-48b80a3d317c","tintindex":0},"up":{"uv":[4.5,8.5,4.25,7.75],"rotation":0,"texture":"#30ff1dcd-60d9-d59f-8c8d-48b80a3d317c","tintindex":0},"west":{"uv":[7.5,6.75,8.25,7.25],"rotation":0,"texture":"#30ff1dcd-60d9-d59f-8c8d-48b80a3d317c","tintindex":0}}}],"display":{"head":{"translation":[0.0,-6.4,0.0],"rotation":[0.0,0.0,0.0],"scale":[3.8095,3.8095,3.8095]},"gui":{"translation":[0.0,0.0,0.0],"rotation":[35.0,225.0,0.0],"scale":[0.625,0.625,0.625]}}}