{"file_name":"rightarm","texture_size":[64,64],"textures":{"30ff1dcd-60d9-d59f-8c8d-48b80a3d317c":"modelengine:entity/mummy"},"elements":[{"name":"cube","from":[8.06,4.6399994,6.92],"to":[9.139999,8.959999,8.54],"rotation":{"angle":0.0,"axis":"x","origin":[8.6,8.419999,8.0]},"faces":{"down":{"uv":[8.0,4.25,7.5,5.0],"rotation":0,"texture":"#30ff1dcd-60d9-d59f-8c8d-48b80a3d317c","tintindex":0},"east":{"uv":[4.25,1.5,3.5,3.25],"rotation":0,"texture":"#30ff1dcd-60d9-d59f-8c8d-48b80a3d317c","tintindex":0},"north":{"uv":[5.25,5.75,4.75,7.5],"rotation":0,"texture":"#30ff1dcd-60d9-d59f-8c8d-48b80a3d317c","tintindex":0},"south":{"uv":[5.75,5.75,5.25,7.5],"rotation":0,"texture":"#30ff1dcd-60d9-d59f-8c8d-48b80a3d317c","tintindex":0},"up":{"uv":[7.5,0.75,8.0,0.0],"rotation":0,"texture":"#30ff1dcd-60d9-d59f-8c8d-48b80a3d317c","tintindex":0},"west":{"uv":[3.75,3.5,3.0,5.25],"rotation":0,"texture":"#30ff1dcd-60d9-d59f-8c8d-48b80a3d317c","tintindex":0}}},{"name":"cube","from":[8.195,3.5599995,7.19],"to":[9.005,4.6399994,8.27],"rotation":{"angle":0.0,"axis":"x","origin":[8.6,4.0999994,8.0]},"faces":{"down":{"uv":[8.0,3.75,7.75,4.25],"rotation":0,"texture":"#30ff1dcd-60d9-d59f-8c8d-48b80a3d317c","tintindex":0},"east":{"uv":[8.25,0.75,7.75,1.25],"rotation":0,"texture":"#30ff1dcd-60d9-d59f-8c8d-48b80a3d317c","tintindex":0},"north":{"uv":[8.0,2.25,7.75,2.75],"rotation":0,"texture":"#30ff1dcd-60d9-d59f-8c8d-48b80a3d317c","tintindex":0},"south":{"uv":[8.0,2.75,7.75,3.25],"rotation":0,"texture":"#30ff1dcd-60d9-d59f-8c8d-48b80a3d317c","tintindex":0},"up":{"uv":[7.75,3.75,8.0,3.25],"rotation":0,"texture":"#30ff1dcd-60d9-d59f-8c8d-48b80a3d317c","tintindex":0},"west":{"uv":[7.25,7.75,6.75,8.25],"rotation":0,"texture":"#30ff1dcd-60d9-d59f-8c8d-48b80a3d317c","tintindex":0}}}],"display":{"head":{"translation":[0.0,-6.4,0.0],"rotation":[0.0,0.0,0.0],"scale":[3.8095,3.8095,3.8095]},"gui":{"translation":[0.0,0.0,0.0],"rotation":[35.0,225.0,0.0],"scale":[0.625,0.625,0.625]}}}