{"file_name":"rightforearm","texture_size":[64,64],"textures":{"30ff1dcd-60d9-d59f-8c8d-48b80a3d317c":"modelengine:entity/mummy"},"elements":[{"name":"cube","from":[7.46,4.2799993,7.37],"to":[8.54,8.6,8.45],"rotation":{"angle":0.0,"axis":"x","origin":[8.0,8.059999,8.45]},"faces":{"down":{"uv":[4.25,7.75,3.75,8.25],"rotation":0,"texture":"#30ff1dcd-60d9-d59f-8c8d-48b80a3d317c","tintindex":0},"east":{"uv":[0.5,6.0,0.0,7.75],"rotation":0,"texture":"#30ff1dcd-60d9-d59f-8c8d-48b80a3d317c","tintindex":0},"north":{"uv":[6.25,5.75,5.75,7.5],"rotation":0,"texture":"#30ff1dcd-60d9-d59f-8c8d-48b80a3d317c","tintindex":0},"south":{"uv":[6.25,4.0,5.75,5.75],"rotation":0,"texture":"#30ff1dcd-60d9-d59f-8c8d-48b80a3d317c","tintindex":0},"up":{"uv":[0.5,8.25,1.0,7.75],"rotation":0,"texture":"#30ff1dcd-60d9-d59f-8c8d-48b80a3d317c","tintindex":0},"west":{"uv":[6.25,2.25,5.75,4.0],"rotation":0,"texture":"#30ff1dcd-60d9-d59f-8c8d-48b80a3d317c","tintindex":0}}}],"display":{"head":{"translation":[0.0,-6.4,0.0],"rotation":[0.0,0.0,0.0],"scale":[3.8095,3.8095,3.8095]},"gui":{"translation":[0.0,0.0,0.0],"rotation":[35.0,225.0,0.0],"scale":[0.625,0.625,0.625]}}}