{"file_name":"righthand","texture_size":[64,64],"textures":{"30ff1dcd-60d9-d59f-8c8d-48b80a3d317c":"modelengine:entity/mummy"},"elements":[{"name":"cube","from":[7.19,5.84,7.52],"to":[8.0,8.0,9.139999],"rotation":{"angle":0.0,"axis":"x","origin":[7.46,7.46,8.6]},"faces":{"down":{"uv":[1.25,7.75,1.0,8.5],"rotation":0,"texture":"#30ff1dcd-60d9-d59f-8c8d-48b80a3d317c","tintindex":0},"east":{"uv":[3.75,7.0,3.0,8.0],"rotation":0,"texture":"#30ff1dcd-60d9-d59f-8c8d-48b80a3d317c","tintindex":0},"north":{"uv":[3.5,1.5,3.25,2.5],"rotation":0,"texture":"#30ff1dcd-60d9-d59f-8c8d-48b80a3d317c","tintindex":0},"south":{"uv":[6.25,7.5,6.0,8.5],"rotation":0,"texture":"#30ff1dcd-60d9-d59f-8c8d-48b80a3d317c","tintindex":0},"up":{"uv":[2.5,7.0,2.75,6.25],"rotation":0,"texture":"#30ff1dcd-60d9-d59f-8c8d-48b80a3d317c","tintindex":0},"west":{"uv":[3.0,7.0,2.25,8.0],"rotation":0,"texture":"#30ff1dcd-60d9-d59f-8c8d-48b80a3d317c","tintindex":0}}},{"name":"cube","from":[6.5899997,5.84,7.52],"to":[7.16,6.8,9.139999],"rotation":{"angle":0.0,"axis":"x","origin":[7.46,7.46,8.6]},"faces":{"down":{"uv":[7.5,7.75,7.25,8.5],"rotation":0,"texture":"#30ff1dcd-60d9-d59f-8c8d-48b80a3d317c","tintindex":0},"east":{"uv":[8.25,6.75,7.5,7.25],"rotation":0,"texture":"#30ff1dcd-60d9-d59f-8c8d-48b80a3d317c","tintindex":0},"north":{"uv":[2.5,8.0,2.25,8.5],"rotation":0,"texture":"#30ff1dcd-60d9-d59f-8c8d-48b80a3d317c","tintindex":0},"south":{"uv":[2.75,8.0,2.5,8.5],"rotation":0,"texture":"#30ff1dcd-60d9-d59f-8c8d-48b80a3d317c","tintindex":0},"up":{"uv":[4.25,8.5,4.5,7.75],"rotation":0,"texture":"#30ff1dcd-60d9-d59f-8c8d-48b80a3d317c","tintindex":0},"west":{"uv":[8.25,5.0,7.5,5.5],"rotation":0,"texture":"#30ff1dcd-60d9-d59f-8c8d-48b80a3d317c","tintindex":0}}}],"display":{"head":{"translation":[0.0,-6.4,0.0],"rotation":[0.0,0.0,0.0],"scale":[3.8095,3.8095,3.8095]},"gui":{"translation":[0.0,0.0,0.0],"rotation":[35.0,225.0,0.0],"scale":[0.625,0.625,0.625]}}}