{"file_name":"head","texture_size":[64,64],"textures":{"17f8d165-ef1c-3fff-5cf8-27b356a25c79":"modelengine:entity/frankenstein"},"elements":[{"name":"head","from":[7.4,10.55,4.475],"to":[8.6,11.75,5.675],"rotation":{"angle":0.0,"axis":"x","origin":[8.0,-12.850001,5.675]},"faces":{"down":{"uv":[14.5,13.25,14.0,13.75],"rotation":0,"texture":"#17f8d165-ef1c-3fff-5cf8-27b356a25c79","tintindex":0},"east":{"uv":[4.0,10.25,4.5,10.75],"rotation":0,"texture":"#17f8d165-ef1c-3fff-5cf8-27b356a25c79","tintindex":0},"north":{"uv":[6.0,8.5,6.5,9.0],"rotation":0,"texture":"#17f8d165-ef1c-3fff-5cf8-27b356a25c79","tintindex":0},"south":{"uv":[12.25,2.75,12.75,3.25],"rotation":0,"texture":"#17f8d165-ef1c-3fff-5cf8-27b356a25c79","tintindex":0},"up":{"uv":[14.0,13.25,14.5,13.75],"rotation":0,"texture":"#17f8d165-ef1c-3fff-5cf8-27b356a25c79","tintindex":0},"west":{"uv":[12.25,3.25,12.75,3.75],"rotation":0,"texture":"#17f8d165-ef1c-3fff-5cf8-27b356a25c79","tintindex":0}}},{"name":"head","from":[6.2,8.15,5.675],"to":[9.8,14.75,9.275],"rotation":{"angle":0.0,"axis":"x","origin":[8.0,-12.850001,5.675]},"faces":{"down":{"uv":[5.0,11.5,3.5,13.0],"rotation":0,"texture":"#17f8d165-ef1c-3fff-5cf8-27b356a25c79","tintindex":0},"east":{"uv":[1.5,6.0,3.0,8.75],"rotation":0,"texture":"#17f8d165-ef1c-3fff-5cf8-27b356a25c79","tintindex":0},"north":{"uv":[5.0,0.0,6.5,2.75],"rotation":0,"texture":"#17f8d165-ef1c-3fff-5cf8-27b356a25c79","tintindex":0},"south":{"uv":[3.0,6.0,4.5,8.75],"rotation":0,"texture":"#17f8d165-ef1c-3fff-5cf8-27b356a25c79","tintindex":0},"up":{"uv":[6.5,4.25,8.0,5.75],"rotation":0,"texture":"#17f8d165-ef1c-3fff-5cf8-27b356a25c79","tintindex":0},"west":{"uv":[6.5,6.5,8.0,9.25],"rotation":0,"texture":"#17f8d165-ef1c-3fff-5cf8-27b356a25c79","tintindex":0}}},{"name":"head","from":[9.8,9.35,7.475],"to":[10.4,9.950001,8.075],"rotation":{"angle":0.0,"axis":"x","origin":[8.0,-12.850001,5.675]},"faces":{"down":{"uv":[3.25,11.25,3.0,11.5],"rotation":0,"texture":"#17f8d165-ef1c-3fff-5cf8-27b356a25c79","tintindex":0},"east":{"uv":[6.0,9.0,6.25,9.25],"rotation":0,"texture":"#17f8d165-ef1c-3fff-5cf8-27b356a25c79","tintindex":0},"north":{"uv":[4.75,2.25,5.0,2.5],"rotation":0,"texture":"#17f8d165-ef1c-3fff-5cf8-27b356a25c79","tintindex":0},"south":{"uv":[6.25,9.0,6.5,9.25],"rotation":0,"texture":"#17f8d165-ef1c-3fff-5cf8-27b356a25c79","tintindex":0},"up":{"uv":[4.5,11.0,4.75,11.25],"rotation":0,"texture":"#17f8d165-ef1c-3fff-5cf8-27b356a25c79","tintindex":0},"west":{"uv":[4.0,10.75,4.25,11.0],"rotation":0,"texture":"#17f8d165-ef1c-3fff-5cf8-27b356a25c79","tintindex":0}}},{"name":"head","from":[5.6,9.35,7.475],"to":[6.2,9.950001,8.075],"rotation":{"angle":0.0,"axis":"x","origin":[8.0,-12.850001,5.675]},"faces":{"down":{"uv":[13.5,2.5,13.75,2.75],"rotation":0,"texture":"#17f8d165-ef1c-3fff-5cf8-27b356a25c79","tintindex":0},"east":{"uv":[12.0,1.25,12.25,1.5],"rotation":0,"texture":"#17f8d165-ef1c-3fff-5cf8-27b356a25c79","tintindex":0},"north":{"uv":[11.75,10.75,12.0,11.0],"rotation":0,"texture":"#17f8d165-ef1c-3fff-5cf8-27b356a25c79","tintindex":0},"south":{"uv":[12.25,3.75,12.5,4.0],"rotation":0,"texture":"#17f8d165-ef1c-3fff-5cf8-27b356a25c79","tintindex":0},"up":{"uv":[13.5,2.75,13.25,2.5],"rotation":0,"texture":"#17f8d165-ef1c-3fff-5cf8-27b356a25c79","tintindex":0},"west":{"uv":[12.5,3.75,12.75,4.0],"rotation":0,"texture":"#17f8d165-ef1c-3fff-5cf8-27b356a25c79","tintindex":0}}},{"name":"head","from":[10.4,8.75,6.875],"to":[11.0,10.55,8.675],"rotation":{"angle":0.0,"axis":"x","origin":[8.0,-12.850001,5.675]},"faces":{"down":{"uv":[8.25,14.25,8.0,15.0],"rotation":0,"texture":"#17f8d165-ef1c-3fff-5cf8-27b356a25c79","tintindex":0},"east":{"uv":[4.0,1.5,4.75,2.25],"rotation":0,"texture":"#17f8d165-ef1c-3fff-5cf8-27b356a25c79","tintindex":0},"north":{"uv":[5.75,13.5,6.0,14.25],"rotation":0,"texture":"#17f8d165-ef1c-3fff-5cf8-27b356a25c79","tintindex":0},"south":{"uv":[12.75,13.5,13.0,14.25],"rotation":0,"texture":"#17f8d165-ef1c-3fff-5cf8-27b356a25c79","tintindex":0},"up":{"uv":[4.75,13.75,5.0,14.5],"rotation":0,"texture":"#17f8d165-ef1c-3fff-5cf8-27b356a25c79","tintindex":0},"west":{"uv":[4.0,13.75,4.75,14.5],"rotation":0,"texture":"#17f8d165-ef1c-3fff-5cf8-27b356a25c79","tintindex":0}}},{"name":"head","from":[5.0,8.75,6.875],"to":[5.6,10.55,8.675],"rotation":{"angle":0.0,"axis":"x","origin":[8.0,-12.850001,5.675]},"faces":{"down":{"uv":[14.5,7.0,14.75,7.75],"rotation":0,"texture":"#17f8d165-ef1c-3fff-5cf8-27b356a25c79","tintindex":0},"east":{"uv":[4.0,13.75,4.75,14.5],"rotation":0,"texture":"#17f8d165-ef1c-3fff-5cf8-27b356a25c79","tintindex":0},"north":{"uv":[14.5,0.0,14.75,0.75],"rotation":0,"texture":"#17f8d165-ef1c-3fff-5cf8-27b356a25c79","tintindex":0},"south":{"uv":[14.5,2.25,14.75,3.0],"rotation":0,"texture":"#17f8d165-ef1c-3fff-5cf8-27b356a25c79","tintindex":0},"up":{"uv":[14.75,7.0,14.5,6.25],"rotation":0,"texture":"#17f8d165-ef1c-3fff-5cf8-27b356a25c79","tintindex":0},"west":{"uv":[4.0,13.75,4.75,14.5],"rotation":0,"texture":"#17f8d165-ef1c-3fff-5cf8-27b356a25c79","tintindex":0}}},{"name":"head","from":[6.2,8.75,5.075],"to":[9.8,10.55,5.675],"rotation":{"angle":0.0,"axis":"x","origin":[8.0,-12.850001,5.675]},"faces":{"down":{"uv":[13.5,1.25,12.0,1.5],"rotation":0,"texture":"#17f8d165-ef1c-3fff-5cf8-27b356a25c79","tintindex":0},"east":{"uv":[4.75,1.5,5.0,2.25],"rotation":0,"texture":"#17f8d165-ef1c-3fff-5cf8-27b356a25c79","tintindex":0},"north":{"uv":[5.0,4.25,6.5,5.0],"rotation":0,"texture":"#17f8d165-ef1c-3fff-5cf8-27b356a25c79","tintindex":0},"south":{"uv":[13.25,8.5,14.75,9.25],"rotation":0,"texture":"#17f8d165-ef1c-3fff-5cf8-27b356a25c79","tintindex":0},"up":{"uv":[8.0,7.75,9.5,8.0],"rotation":0,"texture":"#17f8d165-ef1c-3fff-5cf8-27b356a25c79","tintindex":0},"west":{"uv":[12.0,10.75,12.25,11.5],"rotation":0,"texture":"#17f8d165-ef1c-3fff-5cf8-27b356a25c79","tintindex":0}}},{"name":"head","from":[6.2,11.75,5.075],"to":[9.8,12.95,5.675],"rotation":{"angle":0.0,"axis":"x","origin":[8.0,-12.850001,5.675]},"faces":{"down":{"uv":[14.75,11.25,13.25,11.5],"rotation":0,"texture":"#17f8d165-ef1c-3fff-5cf8-27b356a25c79","tintindex":0},"east":{"uv":[1.75,13.75,2.0,14.25],"rotation":0,"texture":"#17f8d165-ef1c-3fff-5cf8-27b356a25c79","tintindex":0},"north":{"uv":[9.5,9.0,11.0,9.5],"rotation":0,"texture":"#17f8d165-ef1c-3fff-5cf8-27b356a25c79","tintindex":0},"south":{"uv":[13.25,10.75,14.75,11.25],"rotation":0,"texture":"#17f8d165-ef1c-3fff-5cf8-27b356a25c79","tintindex":0},"up":{"uv":[13.0,12.75,14.5,13.0],"rotation":0,"texture":"#17f8d165-ef1c-3fff-5cf8-27b356a25c79","tintindex":0},"west":{"uv":[0.75,14.0,1.0,14.5],"rotation":0,"texture":"#17f8d165-ef1c-3fff-5cf8-27b356a25c79","tintindex":0}}}],"display":{"head":{"translation":[0.0,-6.4,0.0],"rotation":[0.0,0.0,0.0],"scale":[3.8095,3.8095,3.8095]},"gui":{"translation":[0.0,0.0,0.0],"rotation":[35.0,225.0,0.0],"scale":[0.625,0.625,0.625]}}}