{"file_name":"leftleg","texture_size":[64,64],"textures":{"17f8d165-ef1c-3fff-5cf8-27b356a25c79":"modelengine:entity/frankenstein"},"elements":[{"name":"leftleg","from":[8.0,3.0499997,5.8999996],"to":[10.4,9.05,9.5],"rotation":{"angle":0.0,"axis":"x","origin":[11.0,-3.5500007,5.8999996]},"faces":{"down":{"uv":[11.75,6.5,10.75,7.75],"rotation":0,"texture":"#17f8d165-ef1c-3fff-5cf8-27b356a25c79","tintindex":0},"east":{"uv":[4.5,8.5,6.0,11.0],"rotation":0,"texture":"#17f8d165-ef1c-3fff-5cf8-27b356a25c79","tintindex":0},"north":{"uv":[11.0,11.0,12.0,13.5],"rotation":0,"texture":"#17f8d165-ef1c-3fff-5cf8-27b356a25c79","tintindex":0},"south":{"uv":[1.0,11.25,2.0,13.75],"rotation":0,"texture":"#17f8d165-ef1c-3fff-5cf8-27b356a25c79","tintindex":0},"up":{"uv":[1.0,12.25,2.0,13.75],"rotation":0,"texture":"#17f8d165-ef1c-3fff-5cf8-27b356a25c79","tintindex":0},"west":{"uv":[1.5,8.75,3.0,11.25],"rotation":0,"texture":"#17f8d165-ef1c-3fff-5cf8-27b356a25c79","tintindex":0}}}],"display":{"head":{"translation":[0.0,-6.4,0.0],"rotation":[0.0,0.0,0.0],"scale":[3.8095,3.8095,3.8095]},"gui":{"translation":[0.0,0.0,0.0],"rotation":[35.0,225.0,0.0],"scale":[0.625,0.625,0.625]}}}