{"file_name":"leftforearm","texture_size":[64,64],"textures":{"17f8d165-ef1c-3fff-5cf8-27b356a25c79":"modelengine:entity/frankenstein"},"elements":[{"name":"leftforearm","from":[5.6,6.2,-2.2000003],"to":[8.0,9.2,3.1999998],"rotation":{"angle":0.0,"axis":"x","origin":[11.0,-11.800001,6.2]},"faces":{"down":{"uv":[7.0,12.0,8.0,14.25],"rotation":0,"texture":"#17f8d165-ef1c-3fff-5cf8-27b356a25c79","tintindex":0},"east":{"uv":[9.5,7.75,11.75,9.0],"rotation":0,"texture":"#17f8d165-ef1c-3fff-5cf8-27b356a25c79","tintindex":0},"north":{"uv":[13.0,11.5,14.0,12.75],"rotation":0,"texture":"#17f8d165-ef1c-3fff-5cf8-27b356a25c79","tintindex":0},"south":{"uv":[13.25,1.25,14.25,2.5],"rotation":0,"texture":"#17f8d165-ef1c-3fff-5cf8-27b356a25c79","tintindex":0},"up":{"uv":[7.0,14.25,6.0,12.0],"rotation":0,"texture":"#17f8d165-ef1c-3fff-5cf8-27b356a25c79","tintindex":0},"west":{"uv":[10.5,0.0,12.75,1.25],"rotation":0,"texture":"#17f8d165-ef1c-3fff-5cf8-27b356a25c79","tintindex":0}}},{"name":"leftforearm","from":[5.8999996,7.4,-2.8000002],"to":[7.85,9.05,-2.2000003],"rotation":{"angle":0.0,"axis":"x","origin":[11.0,-11.800001,6.2]},"faces":{"down":{"uv":[13.75,8.25,14.5,8.5],"rotation":0,"texture":"#17f8d165-ef1c-3fff-5cf8-27b356a25c79","tintindex":0},"east":{"uv":[14.5,7.75,14.75,8.5],"rotation":0,"texture":"#17f8d165-ef1c-3fff-5cf8-27b356a25c79","tintindex":0},"north":{"uv":[13.75,0.0,14.5,0.75],"rotation":0,"texture":"#17f8d165-ef1c-3fff-5cf8-27b356a25c79","tintindex":0},"south":{"uv":[13.75,2.5,14.5,3.25],"rotation":0,"texture":"#17f8d165-ef1c-3fff-5cf8-27b356a25c79","tintindex":0},"up":{"uv":[2.75,11.5,2.0,11.25],"rotation":0,"texture":"#17f8d165-ef1c-3fff-5cf8-27b356a25c79","tintindex":0},"west":{"uv":[14.5,12.5,14.75,13.25],"rotation":0,"texture":"#17f8d165-ef1c-3fff-5cf8-27b356a25c79","tintindex":0}}},{"name":"leftforearm","from":[8.3,7.4,-5.200001],"to":[9.05,8.45,-4.0000005],"rotation":{"angle":0.0,"axis":"x","origin":[11.0,-11.800001,6.2]},"faces":{"down":{"uv":[3.5625,14.75,3.25,15.25],"rotation":0,"texture":"#17f8d165-ef1c-3fff-5cf8-27b356a25c79","tintindex":0},"east":{"uv":[3.75,14.5,4.25,14.9375],"rotation":0,"texture":"#17f8d165-ef1c-3fff-5cf8-27b356a25c79","tintindex":0},"north":{"uv":[0.625,14.5,0.9375,14.9375],"rotation":0,"texture":"#17f8d165-ef1c-3fff-5cf8-27b356a25c79","tintindex":0},"south":{"uv":[2.75,14.75,3.0625,15.1875],"rotation":0,"texture":"#17f8d165-ef1c-3fff-5cf8-27b356a25c79","tintindex":0},"up":{"uv":[3.0,14.75,3.1875,15.25],"rotation":0,"texture":"#17f8d165-ef1c-3fff-5cf8-27b356a25c79","tintindex":0},"west":{"uv":[4.25,14.5,4.75,14.9375],"rotation":0,"texture":"#17f8d165-ef1c-3fff-5cf8-27b356a25c79","tintindex":0}}},{"name":"leftforearm","from":[7.85,7.4,-4.0000005],"to":[9.05,8.45,-2.8000002],"rotation":{"angle":0.0,"axis":"x","origin":[11.0,-11.800001,6.2]},"faces":{"down":{"uv":[1.0625,14.5,0.5,15.0],"rotation":0,"texture":"#17f8d165-ef1c-3fff-5cf8-27b356a25c79","tintindex":0},"east":{"uv":[14.25,1.25,14.75,1.6875],"rotation":0,"texture":"#17f8d165-ef1c-3fff-5cf8-27b356a25c79","tintindex":0},"north":{"uv":[13.0,14.25,13.4375,14.6875],"rotation":0,"texture":"#17f8d165-ef1c-3fff-5cf8-27b356a25c79","tintindex":0},"south":{"uv":[14.25,1.75,14.8125,2.1875],"rotation":0,"texture":"#17f8d165-ef1c-3fff-5cf8-27b356a25c79","tintindex":0},"up":{"uv":[0.5,14.5,0.9375,15.0],"rotation":0,"texture":"#17f8d165-ef1c-3fff-5cf8-27b356a25c79","tintindex":0},"west":{"uv":[0.0,14.5,0.5,14.9375],"rotation":0,"texture":"#17f8d165-ef1c-3fff-5cf8-27b356a25c79","tintindex":0}}},{"name":"leftforearm","from":[5.8999996,7.4,-4.0000005],"to":[7.85,10.85,-2.8000002],"rotation":{"angle":0.0,"axis":"x","origin":[11.0,-11.800001,6.2]},"faces":{"down":{"uv":[14.0,12.0,14.75,12.5],"rotation":0,"texture":"#17f8d165-ef1c-3fff-5cf8-27b356a25c79","tintindex":0},"east":{"uv":[9.5,13.5,10.0,15.0],"rotation":0,"texture":"#17f8d165-ef1c-3fff-5cf8-27b356a25c79","tintindex":0},"north":{"uv":[8.0,13.5,8.75,15.0],"rotation":0,"texture":"#17f8d165-ef1c-3fff-5cf8-27b356a25c79","tintindex":0},"south":{"uv":[8.75,13.5,9.5,15.0],"rotation":0,"texture":"#17f8d165-ef1c-3fff-5cf8-27b356a25c79","tintindex":0},"up":{"uv":[14.75,12.0,14.0,11.5],"rotation":0,"texture":"#17f8d165-ef1c-3fff-5cf8-27b356a25c79","tintindex":0},"west":{"uv":[10.0,13.5,10.5,15.0],"rotation":0,"texture":"#17f8d165-ef1c-3fff-5cf8-27b356a25c79","tintindex":0}}},{"name":"leftforearm","from":[5.8999996,9.8,-5.200001],"to":[7.85,10.85,-4.0000005],"rotation":{"angle":0.0,"axis":"x","origin":[11.0,-11.800001,6.2]},"faces":{"down":{"uv":[14.0,10.25,14.75,10.75],"rotation":0,"texture":"#17f8d165-ef1c-3fff-5cf8-27b356a25c79","tintindex":0},"east":{"uv":[12.5,14.25,13.0,14.75],"rotation":0,"texture":"#17f8d165-ef1c-3fff-5cf8-27b356a25c79","tintindex":0},"north":{"uv":[14.0,14.0,14.75,14.5],"rotation":0,"texture":"#17f8d165-ef1c-3fff-5cf8-27b356a25c79","tintindex":0},"south":{"uv":[14.0,9.25,14.75,9.75],"rotation":0,"texture":"#17f8d165-ef1c-3fff-5cf8-27b356a25c79","tintindex":0},"up":{"uv":[14.75,10.25,14.0,9.75],"rotation":0,"texture":"#17f8d165-ef1c-3fff-5cf8-27b356a25c79","tintindex":0},"west":{"uv":[13.0,14.25,13.5,14.75],"rotation":0,"texture":"#17f8d165-ef1c-3fff-5cf8-27b356a25c79","tintindex":0}}}],"display":{"head":{"translation":[0.0,-6.4,0.0],"rotation":[0.0,0.0,0.0],"scale":[3.8095,3.8095,3.8095]},"gui":{"translation":[0.0,0.0,0.0],"rotation":[35.0,225.0,0.0],"scale":[0.625,0.625,0.625]}}}