{"file_name":"rightleg","texture_size":[64,64],"textures":{"17f8d165-ef1c-3fff-5cf8-27b356a25c79":"modelengine:entity/frankenstein"},"elements":[{"name":"rightleg","from":[8.0,3.0499997,5.8999996],"to":[10.4,9.05,9.5],"rotation":{"angle":0.0,"axis":"x","origin":[7.4,-3.5500007,5.8999996]},"faces":{"down":{"uv":[11.75,6.5,10.75,7.75],"rotation":0,"texture":"#17f8d165-ef1c-3fff-5cf8-27b356a25c79","tintindex":0},"east":{"uv":[8.0,1.5,9.5,4.0],"rotation":0,"texture":"#17f8d165-ef1c-3fff-5cf8-27b356a25c79","tintindex":0},"north":{"uv":[1.5,3.5,2.5,6.0],"rotation":0,"texture":"#17f8d165-ef1c-3fff-5cf8-27b356a25c79","tintindex":0},"south":{"uv":[5.0,11.0,6.0,13.5],"rotation":0,"texture":"#17f8d165-ef1c-3fff-5cf8-27b356a25c79","tintindex":0},"up":{"uv":[11.0,12.0,12.0,13.5],"rotation":0,"texture":"#17f8d165-ef1c-3fff-5cf8-27b356a25c79","tintindex":0},"west":{"uv":[8.0,4.0,9.5,6.5],"rotation":0,"texture":"#17f8d165-ef1c-3fff-5cf8-27b356a25c79","tintindex":0}}}],"display":{"head":{"translation":[0.0,-6.4,0.0],"rotation":[0.0,0.0,0.0],"scale":[3.8095,3.8095,3.8095]},"gui":{"translation":[0.0,0.0,0.0],"rotation":[35.0,225.0,0.0],"scale":[0.625,0.625,0.625]}}}