{"file_name":"rightforearm","texture_size":[64,64],"textures":{"17f8d165-ef1c-3fff-5cf8-27b356a25c79":"modelengine:entity/frankenstein"},"elements":[{"name":"rightforearm","from":[8.0,6.2,-2.2000003],"to":[10.4,9.2,3.1999998],"rotation":{"angle":0.0,"axis":"x","origin":[5.0,-11.800001,6.2]},"faces":{"down":{"uv":[12.75,6.25,11.75,8.5],"rotation":0,"texture":"#17f8d165-ef1c-3fff-5cf8-27b356a25c79","tintindex":0},"east":{"uv":[9.5,4.0,11.75,5.25],"rotation":0,"texture":"#17f8d165-ef1c-3fff-5cf8-27b356a25c79","tintindex":0},"north":{"uv":[12.75,7.25,13.75,8.5],"rotation":0,"texture":"#17f8d165-ef1c-3fff-5cf8-27b356a25c79","tintindex":0},"south":{"uv":[2.0,13.0,3.0,14.25],"rotation":0,"texture":"#17f8d165-ef1c-3fff-5cf8-27b356a25c79","tintindex":0},"up":{"uv":[12.75,6.25,11.75,4.0],"rotation":0,"texture":"#17f8d165-ef1c-3fff-5cf8-27b356a25c79","tintindex":0},"west":{"uv":[9.5,5.25,11.75,6.5],"rotation":0,"texture":"#17f8d165-ef1c-3fff-5cf8-27b356a25c79","tintindex":0}}},{"name":"rightforearm","from":[8.15,7.4,-2.8000002],"to":[10.1,9.05,-2.2000003],"rotation":{"angle":0.0,"axis":"x","origin":[5.0,-11.800001,6.2]},"faces":{"down":{"uv":[11.6875,10.75,11.0,11.0],"rotation":0,"texture":"#17f8d165-ef1c-3fff-5cf8-27b356a25c79","tintindex":0},"east":{"uv":[1.5,14.5,1.75,15.1875],"rotation":0,"texture":"#17f8d165-ef1c-3fff-5cf8-27b356a25c79","tintindex":0},"north":{"uv":[11.25,13.5,12.0625,14.1875],"rotation":0,"texture":"#17f8d165-ef1c-3fff-5cf8-27b356a25c79","tintindex":0},"south":{"uv":[12.0,13.5,12.8125,14.1875],"rotation":0,"texture":"#17f8d165-ef1c-3fff-5cf8-27b356a25c79","tintindex":0},"up":{"uv":[5.0,2.75,5.8125,2.5],"rotation":0,"texture":"#17f8d165-ef1c-3fff-5cf8-27b356a25c79","tintindex":0},"west":{"uv":[5.0,14.5,4.75,15.1875],"rotation":0,"texture":"#17f8d165-ef1c-3fff-5cf8-27b356a25c79","tintindex":0}}},{"name":"rightforearm","from":[6.95,7.4,-5.200001],"to":[7.7,8.45,-4.0000005],"rotation":{"angle":0.0,"axis":"x","origin":[5.0,-11.800001,6.2]},"faces":{"down":{"uv":[2.8125,14.75,2.5,15.25],"rotation":0,"texture":"#17f8d165-ef1c-3fff-5cf8-27b356a25c79","tintindex":0},"east":{"uv":[11.5,14.25,12.0,14.6875],"rotation":0,"texture":"#17f8d165-ef1c-3fff-5cf8-27b356a25c79","tintindex":0},"north":{"uv":[14.5,13.25,14.8125,13.6875],"rotation":0,"texture":"#17f8d165-ef1c-3fff-5cf8-27b356a25c79","tintindex":0},"south":{"uv":[1.75,14.75,2.0625,15.1875],"rotation":0,"texture":"#17f8d165-ef1c-3fff-5cf8-27b356a25c79","tintindex":0},"up":{"uv":[2.0,15.25,2.1875,15.75],"rotation":0,"texture":"#17f8d165-ef1c-3fff-5cf8-27b356a25c79","tintindex":0},"west":{"uv":[12.0,14.25,12.5,14.6875],"rotation":0,"texture":"#17f8d165-ef1c-3fff-5cf8-27b356a25c79","tintindex":0}}},{"name":"rightforearm","from":[6.95,7.4,-4.0000005],"to":[8.15,8.45,-2.8000002],"rotation":{"angle":0.0,"axis":"x","origin":[5.0,-11.800001,6.2]},"faces":{"down":{"uv":[12.0,14.25,11.5,14.75],"rotation":0,"texture":"#17f8d165-ef1c-3fff-5cf8-27b356a25c79","tintindex":0},"east":{"uv":[6.25,14.25,6.75,14.6875],"rotation":0,"texture":"#17f8d165-ef1c-3fff-5cf8-27b356a25c79","tintindex":0},"north":{"uv":[5.75,14.25,6.25,14.6875],"rotation":0,"texture":"#17f8d165-ef1c-3fff-5cf8-27b356a25c79","tintindex":0},"south":{"uv":[6.75,14.25,7.25,14.6875],"rotation":0,"texture":"#17f8d165-ef1c-3fff-5cf8-27b356a25c79","tintindex":0},"up":{"uv":[10.625,14.25,11.0,14.75],"rotation":0,"texture":"#17f8d165-ef1c-3fff-5cf8-27b356a25c79","tintindex":0},"west":{"uv":[7.25,14.25,7.75,14.6875],"rotation":0,"texture":"#17f8d165-ef1c-3fff-5cf8-27b356a25c79","tintindex":0}}},{"name":"rightforearm","from":[8.15,7.4,-4.0000005],"to":[10.1,10.85,-2.8000002],"rotation":{"angle":0.0,"axis":"x","origin":[5.0,-11.800001,6.2]},"faces":{"down":{"uv":[14.5625,6.25,13.75,6.75],"rotation":0,"texture":"#17f8d165-ef1c-3fff-5cf8-27b356a25c79","tintindex":0},"east":{"uv":[1.0,9.75,1.5,11.1875],"rotation":0,"texture":"#17f8d165-ef1c-3fff-5cf8-27b356a25c79","tintindex":0},"north":{"uv":[13.25,9.25,13.9375,10.6875],"rotation":0,"texture":"#17f8d165-ef1c-3fff-5cf8-27b356a25c79","tintindex":0},"south":{"uv":[5.0,13.5,5.8125,14.9375],"rotation":0,"texture":"#17f8d165-ef1c-3fff-5cf8-27b356a25c79","tintindex":0},"up":{"uv":[11.8125,9.5,11.0,9.0],"rotation":0,"texture":"#17f8d165-ef1c-3fff-5cf8-27b356a25c79","tintindex":0},"west":{"uv":[3.5,11.5,4.0,12.9375],"rotation":0,"texture":"#17f8d165-ef1c-3fff-5cf8-27b356a25c79","tintindex":0}}},{"name":"rightforearm","from":[8.15,9.8,-5.200001],"to":[10.1,10.85,-4.0000005],"rotation":{"angle":0.0,"axis":"x","origin":[5.0,-11.800001,6.2]},"faces":{"down":{"uv":[1.5625,14.0,0.75,14.5],"rotation":0,"texture":"#17f8d165-ef1c-3fff-5cf8-27b356a25c79","tintindex":0},"east":{"uv":[2.75,14.25,3.25,14.6875],"rotation":0,"texture":"#17f8d165-ef1c-3fff-5cf8-27b356a25c79","tintindex":0},"north":{"uv":[13.75,6.75,14.4375,7.1875],"rotation":0,"texture":"#17f8d165-ef1c-3fff-5cf8-27b356a25c79","tintindex":0},"south":{"uv":[13.75,7.25,14.5625,7.6875],"rotation":0,"texture":"#17f8d165-ef1c-3fff-5cf8-27b356a25c79","tintindex":0},"up":{"uv":[14.5625,8.25,13.75,7.75],"rotation":0,"texture":"#17f8d165-ef1c-3fff-5cf8-27b356a25c79","tintindex":0},"west":{"uv":[3.25,14.25,3.75,14.6875],"rotation":0,"texture":"#17f8d165-ef1c-3fff-5cf8-27b356a25c79","tintindex":0}}}],"display":{"head":{"translation":[0.0,-6.4,0.0],"rotation":[0.0,0.0,0.0],"scale":[3.8095,3.8095,3.8095]},"gui":{"translation":[0.0,0.0,0.0],"rotation":[35.0,225.0,0.0],"scale":[0.625,0.625,0.625]}}}