{"file_name":"rightcalf","texture_size":[64,64],"textures":{"17f8d165-ef1c-3fff-5cf8-27b356a25c79":"modelengine:entity/frankenstein"},"elements":[{"name":"rightcalf","from":[8.0,-3.5500007,5.8999996],"to":[10.4,3.0499997,9.5],"rotation":{"angle":0.0,"axis":"x","origin":[7.4,-3.5500007,5.8999996]},"faces":{"down":{"uv":[13.25,10.0,12.25,11.5],"rotation":0,"texture":"#17f8d165-ef1c-3fff-5cf8-27b356a25c79","tintindex":0},"east":{"uv":[6.5,0.0,8.0,2.75],"rotation":0,"texture":"#17f8d165-ef1c-3fff-5cf8-27b356a25c79","tintindex":0},"north":{"uv":[3.0,8.75,4.0,11.5],"rotation":0,"texture":"#17f8d165-ef1c-3fff-5cf8-27b356a25c79","tintindex":0},"south":{"uv":[6.0,9.25,7.0,12.0],"rotation":0,"texture":"#17f8d165-ef1c-3fff-5cf8-27b356a25c79","tintindex":0},"up":{"uv":[13.25,10.0,14.25,11.5],"rotation":0,"texture":"#17f8d165-ef1c-3fff-5cf8-27b356a25c79","tintindex":0},"west":{"uv":[6.5,2.75,8.0,5.5],"rotation":0,"texture":"#17f8d165-ef1c-3fff-5cf8-27b356a25c79","tintindex":0}}},{"name":"rightcalf","from":[8.0,-3.5500007,4.7],"to":[10.4,-2.3500004,5.8999996],"rotation":{"angle":0.0,"axis":"x","origin":[7.4,-3.5500007,5.8999996]},"faces":{"down":{"uv":[14.75,3.75,13.75,4.25],"rotation":0,"texture":"#17f8d165-ef1c-3fff-5cf8-27b356a25c79","tintindex":0},"east":{"uv":[1.75,14.25,2.25,14.75],"rotation":0,"texture":"#17f8d165-ef1c-3fff-5cf8-27b356a25c79","tintindex":0},"north":{"uv":[12.0,11.5,13.0,12.0],"rotation":0,"texture":"#17f8d165-ef1c-3fff-5cf8-27b356a25c79","tintindex":0},"south":{"uv":[13.75,0.75,14.75,1.25],"rotation":0,"texture":"#17f8d165-ef1c-3fff-5cf8-27b356a25c79","tintindex":0},"up":{"uv":[13.75,3.25,14.75,3.75],"rotation":0,"texture":"#17f8d165-ef1c-3fff-5cf8-27b356a25c79","tintindex":0},"west":{"uv":[2.25,14.25,2.75,14.75],"rotation":0,"texture":"#17f8d165-ef1c-3fff-5cf8-27b356a25c79","tintindex":0}}}],"display":{"head":{"translation":[0.0,-6.4,0.0],"rotation":[0.0,0.0,0.0],"scale":[3.8095,3.8095,3.8095]},"gui":{"translation":[0.0,0.0,0.0],"rotation":[35.0,225.0,0.0],"scale":[0.625,0.625,0.625]}}}