{"file_name":"broom","texture_size":[32,32],"textures":{"eccc2af7-aef1-8b2c-aba9-89087a4c0838":"modelengine:entity/broom"},"elements":[{"name":"cube","from":[7.156059,7.1,-3.2414541],"to":[7.9960585,7.94,3.478546],"rotation":{"angle":0.0,"axis":"x","origin":[7.9960585,7.1,2.6385458]},"faces":{"down":{"uv":[7.0,0.0,12.5,0.5],"rotation":270,"texture":"#eccc2af7-aef1-8b2c-aba9-89087a4c0838","tintindex":0},"east":{"uv":[5.0,4.0,10.5,4.5],"rotation":0,"texture":"#eccc2af7-aef1-8b2c-aba9-89087a4c0838","tintindex":0},"north":{"uv":[4.0,9.5,4.5,10.0],"rotation":0,"texture":"#eccc2af7-aef1-8b2c-aba9-89087a4c0838","tintindex":0},"south":{"uv":[3.5,9.5,4.0,10.0],"rotation":0,"texture":"#eccc2af7-aef1-8b2c-aba9-89087a4c0838","tintindex":0},"up":{"uv":[11.5,7.5,6.0,7.0],"rotation":90,"texture":"#eccc2af7-aef1-8b2c-aba9-89087a4c0838","tintindex":0},"west":{"uv":[5.0,4.5,10.5,5.0],"rotation":0,"texture":"#eccc2af7-aef1-8b2c-aba9-89087a4c0838","tintindex":0}}},{"name":"cube","from":[7.156059,8.64333,-11.000295],"to":[7.9960585,9.48333,-6.800294],"rotation":{"angle":0.0,"axis":"x","origin":[7.9960585,8.64333,-7.640295]},"faces":{"down":{"uv":[9.0,8.0,12.5,8.5],"rotation":270,"texture":"#eccc2af7-aef1-8b2c-aba9-89087a4c0838","tintindex":0},"east":{"uv":[3.5,9.0,7.0,9.5],"rotation":0,"texture":"#eccc2af7-aef1-8b2c-aba9-89087a4c0838","tintindex":0},"north":{"uv":[6.0,9.5,6.5,10.0],"rotation":0,"texture":"#eccc2af7-aef1-8b2c-aba9-89087a4c0838","tintindex":0},"south":{"uv":[5.5,9.5,6.0,10.0],"rotation":0,"texture":"#eccc2af7-aef1-8b2c-aba9-89087a4c0838","tintindex":0},"up":{"uv":[12.5,8.0,9.0,7.5],"rotation":90,"texture":"#eccc2af7-aef1-8b2c-aba9-89087a4c0838","tintindex":0},"west":{"uv":[7.0,9.0,10.5,9.5],"rotation":0,"texture":"#eccc2af7-aef1-8b2c-aba9-89087a4c0838","tintindex":0}}},{"name":"cube","from":[7.156059,7.4214544,-7.377514],"to":[7.9960585,8.261454,-3.1775136],"rotation":{"angle":22.5,"axis":"x","origin":[7.9960585,7.4214544,-4.0175133]},"faces":{"down":{"uv":[0.0,9.0,3.5,9.5],"rotation":270,"texture":"#eccc2af7-aef1-8b2c-aba9-89087a4c0838","tintindex":0},"east":{"uv":[7.0,3.0,10.5,3.5],"rotation":0,"texture":"#eccc2af7-aef1-8b2c-aba9-89087a4c0838","tintindex":0},"north":{"uv":[5.0,9.5,5.5,10.0],"rotation":0,"texture":"#eccc2af7-aef1-8b2c-aba9-89087a4c0838","tintindex":0},"south":{"uv":[4.5,9.5,5.0,10.0],"rotation":0,"texture":"#eccc2af7-aef1-8b2c-aba9-89087a4c0838","tintindex":0},"up":{"uv":[10.5,7.0,7.0,6.5],"rotation":90,"texture":"#eccc2af7-aef1-8b2c-aba9-89087a4c0838","tintindex":0},"west":{"uv":[7.0,3.5,10.5,4.0],"rotation":0,"texture":"#eccc2af7-aef1-8b2c-aba9-89087a4c0838","tintindex":0}}},{"name":"cube","from":[6.7360587,6.6800003,3.478546],"to":[8.416059,8.360001,5.1585455],"rotation":{"angle":0.0,"axis":"x","origin":[7.9960585,7.1,3.478546]},"faces":{"down":{"uv":[8.5,5.0,10.0,6.5],"rotation":270,"texture":"#eccc2af7-aef1-8b2c-aba9-89087a4c0838","tintindex":0},"east":{"uv":[7.0,1.5,8.5,3.0],"rotation":0,"texture":"#eccc2af7-aef1-8b2c-aba9-89087a4c0838","tintindex":0},"north":{"uv":[7.5,7.5,9.0,9.0],"rotation":0,"texture":"#eccc2af7-aef1-8b2c-aba9-89087a4c0838","tintindex":0},"south":{"uv":[7.0,5.0,8.5,6.5],"rotation":0,"texture":"#eccc2af7-aef1-8b2c-aba9-89087a4c0838","tintindex":0},"up":{"uv":[10.0,3.0,8.5,1.5],"rotation":90,"texture":"#eccc2af7-aef1-8b2c-aba9-89087a4c0838","tintindex":0},"west":{"uv":[6.0,7.5,7.5,9.0],"rotation":0,"texture":"#eccc2af7-aef1-8b2c-aba9-89087a4c0838","tintindex":0}}},{"name":"cube","from":[6.316059,6.26,5.1585455],"to":[8.83606,8.78,7.6785464],"rotation":{"angle":0.0,"axis":"x","origin":[7.9960585,7.1,5.1585455]},"faces":{"down":{"uv":[4.0,7.0,6.0,9.0],"rotation":270,"texture":"#eccc2af7-aef1-8b2c-aba9-89087a4c0838","tintindex":0},"east":{"uv":[5.0,5.0,7.0,7.0],"rotation":0,"texture":"#eccc2af7-aef1-8b2c-aba9-89087a4c0838","tintindex":0},"north":{"uv":[0.0,7.0,2.0,9.0],"rotation":0,"texture":"#eccc2af7-aef1-8b2c-aba9-89087a4c0838","tintindex":0},"south":{"uv":[5.0,0.0,7.0,2.0],"rotation":0,"texture":"#eccc2af7-aef1-8b2c-aba9-89087a4c0838","tintindex":0},"up":{"uv":[4.0,9.0,2.0,7.0],"rotation":90,"texture":"#eccc2af7-aef1-8b2c-aba9-89087a4c0838","tintindex":0},"west":{"uv":[5.0,2.0,7.0,4.0],"rotation":0,"texture":"#eccc2af7-aef1-8b2c-aba9-89087a4c0838","tintindex":0}}},{"name":"cube","from":[5.476059,8.067883,8.321454],"to":[9.676059,8.907883,14.201454],"rotation":{"angle":-22.5,"axis":"x","origin":[7.9960585,7.2278824,8.321454]},"faces":{"down":{"uv":[0.0,3.5,5.0,7.0],"rotation":270,"texture":"#eccc2af7-aef1-8b2c-aba9-89087a4c0838","tintindex":0},"east":{"uv":[7.0,0.5,12.0,1.0],"rotation":0,"texture":"#eccc2af7-aef1-8b2c-aba9-89087a4c0838","tintindex":0},"north":{"uv":[0.0,9.5,3.5,10.0],"rotation":0,"texture":"#eccc2af7-aef1-8b2c-aba9-89087a4c0838","tintindex":0},"south":{"uv":[9.0,8.5,12.5,9.0],"rotation":0,"texture":"#eccc2af7-aef1-8b2c-aba9-89087a4c0838","tintindex":0},"up":{"uv":[5.0,3.5,0.0,0.0],"rotation":90,"texture":"#eccc2af7-aef1-8b2c-aba9-89087a4c0838","tintindex":0},"west":{"uv":[7.0,1.0,12.0,1.5],"rotation":0,"texture":"#eccc2af7-aef1-8b2c-aba9-89087a4c0838","tintindex":0}}},{"name":"cube","from":[6.2481766,5.42,8.321454],"to":[7.0881767,9.62,14.201454],"rotation":{"angle":-22.5,"axis":"y","origin":[7.9281764,7.94,8.321454]},"faces":{"down":{"uv":[12.0,1.0,7.0,1.5],"rotation":270,"texture":"#eccc2af7-aef1-8b2c-aba9-89087a4c0838","tintindex":0},"east":{"uv":[5.0,3.5,0.0,7.0],"rotation":180,"texture":"#eccc2af7-aef1-8b2c-aba9-89087a4c0838","tintindex":0},"north":{"uv":[0.0,9.5,3.5,10.0],"rotation":90,"texture":"#eccc2af7-aef1-8b2c-aba9-89087a4c0838","tintindex":0},"south":{"uv":[9.0,8.5,12.5,9.0],"rotation":270,"texture":"#eccc2af7-aef1-8b2c-aba9-89087a4c0838","tintindex":0},"up":{"uv":[7.0,0.5,12.0,1.0],"rotation":270,"texture":"#eccc2af7-aef1-8b2c-aba9-89087a4c0838","tintindex":0},"west":{"uv":[5.0,3.5,0.0,0.0],"rotation":0,"texture":"#eccc2af7-aef1-8b2c-aba9-89087a4c0838","tintindex":0}}},{"name":"cube","from":[5.5360584,6.1321173,8.321454],"to":[9.736059,6.9721174,14.201454],"rotation":{"angle":22.5,"axis":"x","origin":[8.056059,7.8121176,8.321454]},"faces":{"down":{"uv":[0.0,0.0,5.0,3.5],"rotation":270,"texture":"#eccc2af7-aef1-8b2c-aba9-89087a4c0838","tintindex":0},"east":{"uv":[7.0,1.0,12.0,0.5],"rotation":0,"texture":"#eccc2af7-aef1-8b2c-aba9-89087a4c0838","tintindex":0},"north":{"uv":[0.0,10.0,3.5,9.5],"rotation":0,"texture":"#eccc2af7-aef1-8b2c-aba9-89087a4c0838","tintindex":0},"south":{"uv":[9.0,9.0,12.5,8.5],"rotation":0,"texture":"#eccc2af7-aef1-8b2c-aba9-89087a4c0838","tintindex":0},"up":{"uv":[5.0,7.0,0.0,3.5],"rotation":90,"texture":"#eccc2af7-aef1-8b2c-aba9-89087a4c0838","tintindex":0},"west":{"uv":[7.0,1.5,12.0,1.0],"rotation":0,"texture":"#eccc2af7-aef1-8b2c-aba9-89087a4c0838","tintindex":0}}},{"name":"cube","from":[8.123941,5.4799995,8.321454],"to":[8.963942,9.68,14.201454],"rotation":{"angle":22.5,"axis":"y","origin":[7.2839413,8.0,8.321454]},"faces":{"down":{"uv":[12.0,1.5,7.0,1.0],"rotation":270,"texture":"#eccc2af7-aef1-8b2c-aba9-89087a4c0838","tintindex":0},"east":{"uv":[5.0,0.0,0.0,3.5],"rotation":180,"texture":"#eccc2af7-aef1-8b2c-aba9-89087a4c0838","tintindex":0},"north":{"uv":[0.0,10.0,3.5,9.5],"rotation":90,"texture":"#eccc2af7-aef1-8b2c-aba9-89087a4c0838","tintindex":0},"south":{"uv":[9.0,9.0,12.5,8.5],"rotation":270,"texture":"#eccc2af7-aef1-8b2c-aba9-89087a4c0838","tintindex":0},"up":{"uv":[7.0,1.0,12.0,0.5],"rotation":270,"texture":"#eccc2af7-aef1-8b2c-aba9-89087a4c0838","tintindex":0},"west":{"uv":[5.0,7.0,0.0,3.5],"rotation":0,"texture":"#eccc2af7-aef1-8b2c-aba9-89087a4c0838","tintindex":0}}},{"name":"cube","from":[5.4160585,8.843941,8.0],"to":[9.616059,9.683941,13.880001],"rotation":{"angle":-22.5,"axis":"x","origin":[7.9360585,8.003942,8.0]},"faces":{"down":{"uv":[0.0,0.0,5.0,3.5],"rotation":270,"texture":"#eccc2af7-aef1-8b2c-aba9-89087a4c0838","tintindex":0},"east":{"uv":[7.0,0.5,12.0,1.0],"rotation":0,"texture":"#eccc2af7-aef1-8b2c-aba9-89087a4c0838",