{"file_name":"membrane","texture_size":[32,32],"textures":{"5e71ac92-bdc0-8c01-9572-792a0c5c03ee":"modelengine:entity/jelly"},"elements":[{"name":"membrane","from":[6.5,6.2,9.5],"to":[9.5,7.4,10.1],"rotation":{"angle":0.0,"axis":"x","origin":[8.0,5.6,8.0]},"faces":{"down":{"uv":[10.0,5.0,12.5,5.5],"rotation":0,"texture":"#5e71ac92-bdc0-8c01-9572-792a0c5c03ee","tintindex":0},"east":{"uv":[7.0,5.5,7.5,6.5],"rotation":0,"texture":"#5e71ac92-bdc0-8c01-9572-792a0c5c03ee","tintindex":0},"north":{"uv":[7.5,5.5,10.0,6.5],"rotation":0,"texture":"#5e71ac92-bdc0-8c01-9572-792a0c5c03ee","tintindex":0},"south":{"uv":[10.5,5.5,13.0,6.5],"rotation":0,"texture":"#5e71ac92-bdc0-8c01-9572-792a0c5c03ee","tintindex":0},"up":{"uv":[10.0,5.5,7.5,5.0],"rotation":0,"texture":"#5e71ac92-bdc0-8c01-9572-792a0c5c03ee","tintindex":0},"west":{"uv":[10.0,5.5,10.5,6.5],"rotation":0,"texture":"#5e71ac92-bdc0-8c01-9572-792a0c5c03ee","tintindex":0}}},{"name":"membrane","from":[5.8999996,6.2,9.5],"to":[6.5,7.4,10.1],"rotation":{"angle":0.0,"axis":"x","origin":[8.0,5.6,8.0]},"faces":{"down":{"uv":[4.5,8.0,5.0,8.5],"rotation":0,"texture":"#5e71ac92-bdc0-8c01-9572-792a0c5c03ee","tintindex":0},"east":{"uv":[3.5,8.5,4.0,9.5],"rotation":0,"texture":"#5e71ac92-bdc0-8c01-9572-792a0c5c03ee","tintindex":0},"north":{"uv":[4.0,8.5,4.5,9.5],"rotation":0,"texture":"#5e71ac92-bdc0-8c01-9572-792a0c5c03ee","tintindex":0},"south":{"uv":[5.0,8.5,5.5,9.5],"rotation":0,"texture":"#5e71ac92-bdc0-8c01-9572-792a0c5c03ee","tintindex":0},"up":{"uv":[4.5,8.5,4.0,8.0],"rotation":0,"texture":"#5e71ac92-bdc0-8c01-9572-792a0c5c03ee","tintindex":0},"west":{"uv":[4.5,8.5,5.0,9.5],"rotation":0,"texture":"#5e71ac92-bdc0-8c01-9572-792a0c5c03ee","tintindex":0}}},{"name":"membrane","from":[5.8999996,6.2,5.8999996],"to":[6.5,7.4,6.5],"rotation":{"angle":0.0,"axis":"x","origin":[8.0,5.6,8.0]},"faces":{"down":{"uv":[8.5,0.0,9.0,0.5],"rotation":0,"texture":"#5e71ac92-bdc0-8c01-9572-792a0c5c03ee","tintindex":0},"east":{"uv":[7.5,0.5,8.0,1.5],"rotation":0,"texture":"#5e71ac92-bdc0-8c01-9572-792a0c5c03ee","tintindex":0},"north":{"uv":[8.0,0.5,8.5,1.5],"rotation":0,"texture":"#5e71ac92-bdc0-8c01-9572-792a0c5c03ee","tintindex":0},"south":{"uv":[9.0,0.5,9.5,1.5],"rotation":0,"texture":"#5e71ac92-bdc0-8c01-9572-792a0c5c03ee","tintindex":0},"up":{"uv":[8.5,0.5,8.0,0.0],"rotation":0,"texture":"#5e71ac92-bdc0-8c01-9572-792a0c5c03ee","tintindex":0},"west":{"uv":[8.5,0.5,9.0,1.5],"rotation":0,"texture":"#5e71ac92-bdc0-8c01-9572-792a0c5c03ee","tintindex":0}}},{"name":"membrane","from":[9.5,6.2,5.8999996],"to":[10.1,7.4,6.5],"rotation":{"angle":0.0,"axis":"x","origin":[8.0,5.6,8.0]},"faces":{"down":{"uv":[1.0,7.0,1.5,7.5],"rotation":0,"texture":"#5e71ac92-bdc0-8c01-9572-792a0c5c03ee","tintindex":0},"east":{"uv":[0.0,7.5,0.5,8.5],"rotation":0,"texture":"#5e71ac92-bdc0-8c01-9572-792a0c5c03ee","tintindex":0},"north":{"uv":[0.5,7.5,1.0,8.5],"rotation":0,"texture":"#5e71ac92-bdc0-8c01-9572-792a0c5c03ee","tintindex":0},"south":{"uv":[1.5,7.5,2.0,8.5],"rotation":0,"texture":"#5e71ac92-bdc0-8c01-9572-792a0c5c03ee","tintindex":0},"up":{"uv":[1.0,7.5,0.5,7.0],"rotation":0,"texture":"#5e71ac92-bdc0-8c01-9572-792a0c5c03ee","tintindex":0},"west":{"uv":[1.0,7.5,1.5,8.5],"rotation":0,"texture":"#5e71ac92-bdc0-8c01-9572-792a0c5c03ee","tintindex":0}}},{"name":"membrane","from":[9.5,6.2,9.5],"to":[10.1,7.4,10.1],"rotation":{"angle":0.0,"axis":"x","origin":[8.0,5.6,8.0]},"faces":{"down":{"uv":[1.0,0.0,1.5,0.5],"rotation":0,"texture":"#5e71ac92-bdc0-8c01-9572-792a0c5c03ee","tintindex":0},"east":{"uv":[0.0,0.5,0.5,1.5],"rotation":0,"texture":"#5e71ac92-bdc0-8c01-9572-792a0c5c03ee","tintindex":0},"north":{"uv":[0.5,0.5,1.0,1.5],"rotation":0,"texture":"#5e71ac92-bdc0-8c01-9572-792a0c5c03ee","tintindex":0},"south":{"uv":[1.5,0.5,2.0,1.5],"rotation":0,"texture":"#5e71ac92-bdc0-8c01-9572-792a0c5c03ee","tintindex":0},"up":{"uv":[1.0,0.5,0.5,0.0],"rotation":0,"texture":"#5e71ac92-bdc0-8c01-9572-792a0c5c03ee","tintindex":0},"west":{"uv":[1.0,0.5,1.5,1.5],"rotation":0,"texture":"#5e71ac92-bdc0-8c01-9572-792a0c5c03ee","tintindex":0}}},{"name":"membrane","from":[6.5,6.2,5.8999996],"to":[9.5,7.4,6.5],"rotation":{"angle":0.0,"axis":"x","origin":[8.0,5.6,8.0]},"faces":{"down":{"uv":[10.0,3.5,12.5,4.0],"rotation":0,"texture":"#5e71ac92-bdc0-8c01-9572-792a0c5c03ee","tintindex":0},"east":{"uv":[7.0,4.0,7.5,5.0],"rotation":0,"texture":"#5e71ac92-bdc0-8c01-9572-792a0c5c03ee","tintindex":0},"north":{"uv":[7.5,4.0,10.0,5.0],"rotation":0,"texture":"#5e71ac92-bdc0-8c01-9572-792a0c5c03ee","tintindex":0},"south":{"uv":[10.5,4.0,13.0,5.0],"rotation":0,"texture":"#5e71ac92-bdc0-8c01-9572-792a0c5c03ee","tintindex":0},"up":{"uv":[10.0,4.0,7.5,3.5],"rotation":0,"texture":"#5e71ac92-bdc0-8c01-9572-792a0c5c03ee","tintindex":0},"west":{"uv":[10.0,4.0,10.5,5.0],"rotation":0,"texture":"#5e71ac92-bdc0-8c01-9572-792a0c5c03ee","tintindex":0}}},{"name":"membrane","from":[5.8999996,6.2,6.5],"to":[6.5,7.4,9.5],"rotation":{"angle":0.0,"axis":"x","origin":[8.0,5.6,8.0]},"faces":{"down":{"uv":[3.0,7.0,3.5,9.5],"rotation":0,"texture":"#5e71ac92-bdc0-8c01-9572-792a0c5c03ee","tintindex":0},"east":{"uv":[0.0,9.5,2.5,10.5],"rotation":0,"texture":"#5e71ac92-bdc0-8c01-9572-792a0c5c03ee","tintindex":0},"north":{"uv":[2.5,9.5,3.0,10.5],"rotation":0,"texture":"#5e71ac92-bdc0-8c01-9572-792a0c5c03ee","tintindex":0},"south":{"uv":[5.5,9.5,6.0,10.5],"rotation":0,"texture":"#5e71ac92-bdc0-8c01-9572-792a0c5c03ee","tintindex":0},"up":{"uv":[3.0,9.5,2.5,7.0],"rotation":0,"texture":"#5e71ac92-bdc0-8c01-9572-792a0c5c03ee","tintindex":0},"west":{"uv":[3.0,9.5,5.5,10.5],"rotation":0,"texture":"#5e71ac92-bdc0-8c01-9572-792a0c5c03ee","tintindex":0}}},{"name":"membrane","from":[9.5,6.2,6.5],"to":[10.1,7.4,9.5],"rotation":{"angle":0.0,"axis":"x","origin":[8.0,5.6,8.0]},"faces":{"down":{"uv":[6.5,4.5,7.0,7.0],"rotation":0,"texture":"#5e71ac92-bdc0-8c01-9572-792a0c5c03ee","tintindex":0},"east":{"uv":[3.5,7.0,6.0,8.0],"rotation":0,"texture":"#5e71ac92-bdc0-8c01-9572-792a0c5c03ee","tintindex":0},"north":{"uv":[6.0,7.0,6.5,8.0],"rotation":0,"texture":"#5e71ac92-bdc0-8c01-9572-792a0c5c03ee","tintindex":0},"south":{"uv":[9.0,7.0,9.5,8.0],"rotation":0,"texture":"#5e71ac92-bdc0-8c01-9572-792a0c5c03ee","tintindex":0},"up":{"uv":[6.5,7.0,6.0,4.5],"rotation":0,"texture":"#5e71ac92-bdc0-8c01-9572-792a0c5c03ee","tintindex":0},"west":{"uv":[6.5,7.0,9.0,8.0],"rotation":0,"texture":"#5e71ac92-bdc0-8c01-9572-792a0c5c03ee","tintindex":0}}}],"display":{"head":{"translation":[0.0,-6.4,0.0],"rotation":[0.0,0.0,0.0],"scale":[3.8095,3.8095,3.8095]},"gui":{"translation":[0.0,0.0,0.0],"rotation":[35.0,225.0,0.0],"scale":[0.625,0.625,0.625]}}}