{"file_name":"head","texture_size":[128,128],"textures":{"bbce77ed-0d5e-5602-a8c4-b7201eafc330":"modelengine:entity/vamp"},"elements":[{"name":"cube","from":[6.2,5.960001,5.0],"to":[10.04,7.8799996,8.360001],"rotation":{"angle":0.0,"axis":"x","origin":[9.56,5.960001,5.48]},"faces":{"down":{"uv":[2.125,5.375,2.875,6.125],"rotation":0,"texture":"#bbce77ed-0d5e-5602-a8c4-b7201eafc330","tintindex":0},"east":{"uv":[6.25,2.125,7.0,2.5],"rotation":0,"texture":"#bbce77ed-0d5e-5602-a8c4-b7201eafc330","tintindex":0},"north":{"uv":[6.125,5.625,6.875,6.0],"rotation":0,"texture":"#bbce77ed-0d5e-5602-a8c4-b7201eafc330","tintindex":0},"south":{"uv":[2.875,6.625,3.625,7.0],"rotation":0,"texture":"#bbce77ed-0d5e-5602-a8c4-b7201eafc330","tintindex":0},"up":{"uv":[4.375,6.0,3.625,5.25],"rotation":0,"texture":"#bbce77ed-0d5e-5602-a8c4-b7201eafc330","tintindex":0},"west":{"uv":[2.0,6.75,2.75,7.125],"rotation":0,"texture":"#bbce77ed-0d5e-5602-a8c4-b7201eafc330","tintindex":0}}},{"name":"cube","from":[7.64,8.360002,5.0],"to":[8.6,8.840001,5.48],"rotation":{"angle":0.0,"axis":"x","origin":[7.64,8.360002,5.0]},"faces":{"down":{"uv":[5.75,2.875,6.0,3.0],"rotation":0,"texture":"#bbce77ed-0d5e-5602-a8c4-b7201eafc330","tintindex":0},"east":{"uv":[2.25,3.0,2.375,3.125],"rotation":0,"texture":"#bbce77ed-0d5e-5602-a8c4-b7201eafc330","tintindex":0},"north":{"uv":[3.375,1.5,3.625,1.625],"rotation":0,"texture":"#bbce77ed-0d5e-5602-a8c4-b7201eafc330","tintindex":0},"south":{"uv":[5.375,5.25,5.625,5.375],"rotation":0,"texture":"#bbce77ed-0d5e-5602-a8c4-b7201eafc330","tintindex":0},"up":{"uv":[5.875,5.375,5.625,5.25],"rotation":0,"texture":"#bbce77ed-0d5e-5602-a8c4-b7201eafc330","tintindex":0},"west":{"uv":[4.625,2.25,4.75,2.375],"rotation":0,"texture":"#bbce77ed-0d5e-5602-a8c4-b7201eafc330","tintindex":0}}},{"name":"cube","from":[6.2,7.8799996,5.48],"to":[10.04,11.72,9.32],"rotation":{"angle":0.0,"axis":"x","origin":[9.56,5.960001,5.48]},"faces":{"down":{"uv":[5.625,0.75,6.375,1.5],"rotation":0,"texture":"#bbce77ed-0d5e-5602-a8c4-b7201eafc330","tintindex":0},"east":{"uv":[5.375,3.0,6.125,3.75],"rotation":0,"texture":"#bbce77ed-0d5e-5602-a8c4-b7201eafc330","tintindex":0},"north":{"uv":[5.375,5.375,6.125,6.125],"rotation":0,"texture":"#bbce77ed-0d5e-5602-a8c4-b7201eafc330","tintindex":0},"south":{"uv":[5.375,3.75,6.125,4.5],"rotation":0,"texture":"#bbce77ed-0d5e-5602-a8c4-b7201eafc330","tintindex":0},"up":{"uv":[6.375,0.75,5.625,0.0],"rotation":0,"texture":"#bbce77ed-0d5e-5602-a8c4-b7201eafc330","tintindex":0},"west":{"uv":[5.375,4.5,6.125,5.25],"rotation":0,"texture":"#bbce77ed-0d5e-5602-a8c4-b7201eafc330","tintindex":0}}},{"name":"cube","from":[6.2,8.360002,7.4],"to":[6.6800003,10.28,10.76],"rotation":{"angle":-22.5,"axis":"y","origin":[6.2,9.8,7.4]},"faces":{"down":{"uv":[2.625,7.125,2.75,7.875],"rotation":0,"texture":"#bbce77ed-0d5e-5602-a8c4-b7201eafc330","tintindex":0},"east":{"uv":[5.375,6.75,6.125,7.125],"rotation":0,"texture":"#bbce77ed-0d5e-5602-a8c4-b7201eafc330","tintindex":0},"north":{"uv":[1.625,4.375,1.75,4.75],"rotation":0,"texture":"#bbce77ed-0d5e-5602-a8c4-b7201eafc330","tintindex":0},"south":{"uv":[5.375,7.375,5.5,7.75],"rotation":0,"texture":"#bbce77ed-0d5e-5602-a8c4-b7201eafc330","tintindex":0},"up":{"uv":[5.75,2.25,5.625,1.5],"rotation":0,"texture":"#bbce77ed-0d5e-5602-a8c4-b7201eafc330","tintindex":0},"west":{"uv":[6.125,6.75,6.875,7.125],"rotation":0,"texture":"#bbce77ed-0d5e-5602-a8c4-b7201eafc330","tintindex":0}}},{"name":"cube","from":[9.56,8.360002,7.4],"to":[10.04,10.28,10.76],"rotation":{"angle":22.5,"axis":"y","origin":[10.04,9.8,7.4]},"faces":{"down":{"uv":[2.75,7.125,2.625,7.875],"rotation":0,"texture":"#bbce77ed-0d5e-5602-a8c4-b7201eafc330","tintindex":0},"east":{"uv":[6.875,6.75,6.125,7.125],"rotation":0,"texture":"#bbce77ed-0d5e-5602-a8c4-b7201eafc330","tintindex":0},"north":{"uv":[1.75,4.375,1.625,4.75],"rotation":0,"texture":"#bbce77ed-0d5e-5602-a8c4-b7201eafc330","tintindex":0},"south":{"uv":[5.5,7.375,5.375,7.75],"rotation":0,"texture":"#bbce77ed-0d5e-5602-a8c4-b7201eafc330","tintindex":0},"up":{"uv":[5.625,2.25,5.75,1.5],"rotation":0,"texture":"#bbce77ed-0d5e-5602-a8c4-b7201eafc330","tintindex":0},"west":{"uv":[6.125,6.75,5.375,7.125],"rotation":0,"texture":"#bbce77ed-0d5e-5602-a8c4-b7201eafc330","tintindex":0}}}],"display":{"head":{"translation":[0.0,-6.4,0.0],"rotation":[0.0,0.0,0.0],"scale":[3.8095,3.8095,3.8095]},"gui":{"translation":[0.0,0.0,0.0],"rotation":[35.0,225.0,0.0],"scale":[0.625,0.625,0.625]}}}