{"file_name":"leftbicep","texture_size":[128,128],"textures":{"bbce77ed-0d5e-5602-a8c4-b7201eafc330":"modelengine:entity/vamp"},"elements":[{"name":"cube","from":[7.9408607,2.3592265,8.354876],"to":[13.340861,8.359228,8.954875],"rotation":{"angle":0.0,"axis":"x","origin":[7.94,8.0,8.0]},"faces":{"down":{"uv":[1.125,7.75,0.0,7.875],"rotation":0,"texture":"#bbce77ed-0d5e-5602-a8c4-b7201eafc330","tintindex":0},"east":{"uv":[10.0,0.0,9.875,1.5],"rotation":0,"texture":"#bbce77ed-0d5e-5602-a8c4-b7201eafc330","tintindex":0},"north":{"uv":[8.625,0.5,7.5,1.5],"rotation":0,"texture":"#bbce77ed-0d5e-5602-a8c4-b7201eafc330","tintindex":0},"south":{"uv":[9.875,0.5,8.75,1.5],"rotation":0,"texture":"#bbce77ed-0d5e-5602-a8c4-b7201eafc330","tintindex":0},"up":{"uv":[1.125,7.75,0.0,7.875],"rotation":0,"texture":"#bbce77ed-0d5e-5602-a8c4-b7201eafc330","tintindex":0},"west":{"uv":[0.125,7.625,0.0,9.125],"rotation":0,"texture":"#bbce77ed-0d5e-5602-a8c4-b7201eafc330","tintindex":0}}},{"name":"cube","from":[6.11,3.0799994,6.8],"to":[8.030001,9.08,9.2],"rotation":{"angle":0.0,"axis":"x","origin":[5.1499996,8.6,6.8]},"faces":{"down":{"uv":[7.25,6.875,6.875,7.375],"rotation":0,"texture":"#bbce77ed-0d5e-5602-a8c4-b7201eafc330","tintindex":0},"east":{"uv":[0.0,5.25,0.5,6.5],"rotation":0,"texture":"#bbce77ed-0d5e-5602-a8c4-b7201eafc330","tintindex":0},"north":{"uv":[3.625,6.0,4.0,7.25],"rotation":0,"texture":"#bbce77ed-0d5e-5602-a8c4-b7201eafc330","tintindex":0},"south":{"uv":[4.0,6.0,4.375,7.25],"rotation":0,"texture":"#bbce77ed-0d5e-5602-a8c4-b7201eafc330","tintindex":0},"up":{"uv":[5.375,4.375,5.0,3.875],"rotation":0,"texture":"#bbce77ed-0d5e-5602-a8c4-b7201eafc330","tintindex":0},"west":{"uv":[0.5,5.25,1.0,6.5],"rotation":0,"texture":"#bbce77ed-0d5e-5602-a8c4-b7201eafc330","tintindex":0}}}],"display":{"head":{"translation":[0.0,-6.4,0.0],"rotation":[0.0,0.0,0.0],"scale":[3.8095,3.8095,3.8095]},"gui":{"translation":[0.0,0.0,0.0],"rotation":[35.0,225.0,0.0],"scale":[0.625,0.625,0.625]}}}