{"file_name":"rightbicep","texture_size":[128,128],"textures":{"bbce77ed-0d5e-5602-a8c4-b7201eafc330":"modelengine:entity/vamp"},"elements":[{"name":"cube","from":[7.97,3.0799994,6.8],"to":[9.889999,9.08,9.2],"rotation":{"angle":0.0,"axis":"x","origin":[10.85,8.6,6.8]},"faces":{"down":{"uv":[6.875,6.875,7.25,7.375],"rotation":0,"texture":"#bbce77ed-0d5e-5602-a8c4-b7201eafc330","tintindex":0},"east":{"uv":[1.0,5.25,0.5,6.5],"rotation":0,"texture":"#bbce77ed-0d5e-5602-a8c4-b7201eafc330","tintindex":0},"north":{"uv":[4.0,6.0,3.625,7.25],"rotation":0,"texture":"#bbce77ed-0d5e-5602-a8c4-b7201eafc330","tintindex":0},"south":{"uv":[4.375,6.0,4.0,7.25],"rotation":0,"texture":"#bbce77ed-0d5e-5602-a8c4-b7201eafc330","tintindex":0},"up":{"uv":[5.0,4.375,5.375,3.875],"rotation":0,"texture":"#bbce77ed-0d5e-5602-a8c4-b7201eafc330","tintindex":0},"west":{"uv":[0.5,5.25,0.0,6.5],"rotation":0,"texture":"#bbce77ed-0d5e-5602-a8c4-b7201eafc330","tintindex":0}}},{"name":"cube","from":[2.5549667,3.2113214,8.551184],"to":[7.954967,9.211321,9.151184],"rotation":{"angle":0.0,"axis":"x","origin":[8.0,8.0,8.0]},"faces":{"down":{"uv":[0.0,7.75,1.125,7.875],"rotation":0,"texture":"#bbce77ed-0d5e-5602-a8c4-b7201eafc330","tintindex":0},"east":{"uv":[0.0,7.625,0.125,9.125],"rotation":0,"texture":"#bbce77ed-0d5e-5602-a8c4-b7201eafc330","tintindex":0},"north":{"uv":[7.5,0.5,8.625,1.5],"rotation":0,"texture":"#bbce77ed-0d5e-5602-a8c4-b7201eafc330","tintindex":0},"south":{"uv":[8.75,0.5,9.875,1.5],"rotation":0,"texture":"#bbce77ed-0d5e-5602-a8c4-b7201eafc330","tintindex":0},"up":{"uv":[0.0,7.75,1.125,7.875],"rotation":0,"texture":"#bbce77ed-0d5e-5602-a8c4-b7201eafc330","tintindex":0},"west":{"uv":[9.875,0.0,10.0,1.5],"rotation":0,"texture":"#bbce77ed-0d5e-5602-a8c4-b7201eafc330","tintindex":0}}}],"display":{"head":{"translation":[0.0,-6.4,0.0],"rotation":[0.0,0.0,0.0],"scale":[3.8095,3.8095,3.8095]},"gui":{"translation":[0.0,0.0,0.0],"rotation":[35.0,225.0,0.0],"scale":[0.625,0.625,0.625]}}}