{"file_name":"rightthigh","texture_size":[128,128],"textures":{"bbce77ed-0d5e-5602-a8c4-b7201eafc330":"modelengine:entity/vamp"},"elements":[{"name":"cube","from":[8.0,2.96,6.6800003],"to":[10.4,9.2,9.56],"rotation":{"angle":0.0,"axis":"x","origin":[8.0,8.24,6.6800003]},"faces":{"down":{"uv":[6.75,1.5,6.25,2.125],"rotation":0,"texture":"#bbce77ed-0d5e-5602-a8c4-b7201eafc330","tintindex":0},"east":{"uv":[1.625,4.375,1.0,5.625],"rotation":0,"texture":"#bbce77ed-0d5e-5602-a8c4-b7201eafc330","tintindex":0},"north":{"uv":[4.875,5.125,4.375,6.375],"rotation":0,"texture":"#bbce77ed-0d5e-5602-a8c4-b7201eafc330","tintindex":0},"south":{"uv":[5.375,5.125,4.875,6.375],"rotation":0,"texture":"#bbce77ed-0d5e-5602-a8c4-b7201eafc330","tintindex":0},"up":{"uv":[1.5,6.875,2.0,6.25],"rotation":0,"texture":"#bbce77ed-0d5e-5602-a8c4-b7201eafc330","tintindex":0},"west":{"uv":[3.75,3.875,3.125,5.125],"rotation":0,"texture":"#bbce77ed-0d5e-5602-a8c4-b7201eafc330","tintindex":0}}}],"display":{"head":{"translation":[0.0,-6.4,0.0],"rotation":[0.0,0.0,0.0],"scale":[3.8095,3.8095,3.8095]},"gui":{"translation":[0.0,0.0,0.0],"rotation":[35.0,225.0,0.0],"scale":[0.625,0.625,0.625]}}}