{"file_name":"rightfoot","texture_size":[128,128],"textures":{"bbce77ed-0d5e-5602-a8c4-b7201eafc330":"modelengine:entity/vamp"},"elements":[{"name":"cube","from":[6.8,7.22,6.56],"to":[9.2,8.18,9.440001],"rotation":{"angle":0.0,"axis":"x","origin":[8.0,8.18,8.360001]},"faces":{"down":{"uv":[0.5,6.5,1.0,7.125],"rotation":0,"texture":"#bbce77ed-0d5e-5602-a8c4-b7201eafc330","tintindex":0},"east":{"uv":[7.5,1.0,6.875,1.25],"rotation":0,"texture":"#bbce77ed-0d5e-5602-a8c4-b7201eafc330","tintindex":0},"north":{"uv":[6.375,7.125,5.875,7.375],"rotation":0,"texture":"#bbce77ed-0d5e-5602-a8c4-b7201eafc330","tintindex":0},"south":{"uv":[6.875,7.125,6.375,7.375],"rotation":0,"texture":"#bbce77ed-0d5e-5602-a8c4-b7201eafc330","tintindex":0},"up":{"uv":[0.0,7.125,0.5,6.5],"rotation":0,"texture":"#bbce77ed-0d5e-5602-a8c4-b7201eafc330","tintindex":0},"west":{"uv":[2.375,2.75,1.75,3.0],"rotation":0,"texture":"#bbce77ed-0d5e-5602-a8c4-b7201eafc330","tintindex":0}}},{"name":"cube","from":[6.8,5.7799997,4.16],"to":[9.2,7.22,9.440001],"rotation":{"angle":0.0,"axis":"x","origin":[6.8,7.22,6.56]},"faces":{"down":{"uv":[5.75,1.5,6.25,2.625],"rotation":0,"texture":"#bbce77ed-0d5e-5602-a8c4-b7201eafc330","tintindex":0},"east":{"uv":[7.875,2.75,6.75,3.0],"rotation":0,"texture":"#bbce77ed-0d5e-5602-a8c4-b7201eafc330","tintindex":0},"north":{"uv":[7.5,2.125,7.0,2.375],"rotation":0,"texture":"#bbce77ed-0d5e-5602-a8c4-b7201eafc330","tintindex":0},"south":{"uv":[5.875,7.125,5.375,7.375],"rotation":0,"texture":"#bbce77ed-0d5e-5602-a8c4-b7201eafc330","tintindex":0},"up":{"uv":[1.0,6.75,1.5,5.625],"rotation":0,"texture":"#bbce77ed-0d5e-5602-a8c4-b7201eafc330","tintindex":0},"west":{"uv":[7.875,2.5,6.75,2.75],"rotation":0,"texture":"#bbce77ed-0d5e-5602-a8c4-b7201eafc330","tintindex":0}}}],"display":{"head":{"translation":[0.0,-6.4,0.0],"rotation":[0.0,0.0,0.0],"scale":[3.8095,3.8095,3.8095]},"gui":{"translation":[0.0,0.0,0.0],"rotation":[35.0,225.0,0.0],"scale":[0.625,0.625,0.625]}}}