{
	"file_name": "fullbody",
	"texture_size": [
		128,
		128
	],
	"textures": {
		"f09b1888-11af-3432-180e-2c0103cf8ee4": "modelengine:entity/bartender",
		"e7285d54-411d-c3b1-ab8e-79fec9298ef7": "modelengine:entity/bartender",
		"a6497ccf-aab7-135a-1aba-b3f92615f141": "modelengine:entity/bartender",
		"78ea5aab-a09f-cac6-8aa9-47a8abc44e28": "modelengine:entity/bartender"
	},
	"elements": [
		{
			"name": "cube",
			"from": [
				4.3999996,
				17.6,
				2.6
			],
			"to": [
				12.2,
				23.600002,
				9.05
			],
			"rotation": {
				"angle": 0.0,
				"axis": "x",
				"origin": [
					8.0,
					8.0,
					8.0
				]
			},
			"faces": {
				"down": {
					"uv": [
						4.75,
						4.875,
						6.375,
						6.25
					],
					"rotation": 0,
					"texture": "#a6497ccf-aab7-135a-1aba-b3f92615f141",
					"tintindex": 0
				},
				"east": {
					"uv": [
						3.0,
						5.875,
						4.375,
						7.125
					],
					"rotation": 0,
					"texture": "#a6497ccf-aab7-135a-1aba-b3f92615f141",
					"tintindex": 0
				},
				"north": {
					"uv": [
						5.625,
						0.0,
						7.25,
						1.25
					],
					"rotation": 0,
					"texture": "#a6497ccf-aab7-135a-1aba-b3f92615f141",
					"tintindex": 0
				},
				"south": {
					"uv": [
						5.625,
						1.25,
						7.25,
						2.5
					],
					"rotation": 0,
					"texture": "#a6497ccf-aab7-135a-1aba-b3f92615f141",
					"tintindex": 0
				},
				"up": {
					"uv": [
						6.375,
						4.875,
						4.75,
						3.5
					],
					"rotation": 0,
					"texture": "#a6497ccf-aab7-135a-1aba-b3f92615f141",
					"tintindex": 0
				},
				"west": {
					"uv": [
						4.375,
						6.25,
						5.75,
						7.5
					],
					"rotation": 0,
					"texture": "#a6497ccf-aab7-135a-1aba-b3f92615f141",
					"tintindex": 0
				}
			}
		},
		{
			"name": "cube",
			"from": [
				9.2,
				8.0,
				5.6
			],
			"to": [
				12.2,
				17.6,
				8.6
			],
			"rotation": {
				"angle": 0.0,
				"axis": "x",
				"origin": [
					8.0,
					8.0,
					8.0
				]
			},
			"faces": {
				"down": {
					"uv": [
						3.0,
						5.0,
						3.625,
						5.625
					],
					"rotation": 0,
					"texture": "#a6497ccf-aab7-135a-1aba-b3f92615f141",
					"tintindex": 0
				},
				"east": {
					"uv": [
						7.125,
						6.875,
						7.75,
						8.875
					],
					"rotation": 0,
					"texture": "#a6497ccf-aab7-135a-1aba-b3f92615f141",
					"tintindex": 0
				},
				"north": {
					"uv": [
						3.375,
						7.125,
						4.0,
						9.125
					],
					"rotation": 0,
					"texture": "#a6497ccf-aab7-135a-1aba-b3f92615f141",
					"tintindex": 0
				},
				"south": {
					"uv": [
						7.25,
						0.0,
						7.875,
						2.0
					],
					"rotation": 0,
					"texture": "#a6497ccf-aab7-135a-1aba-b3f92615f141",
					"tintindex": 0
				},
				"up": {
					"uv": [
						3.625,
						5.0,
						3.0,
						4.375
					],
					"rotation": 0,
					"texture": "#a6497ccf-aab7-135a-1aba-b3f92615f141",
					"tintindex": 0
				},
				"west": {
					"uv": [
						5.75,
						7.25,
						6.375,
						9.25
					],
					"rotation": 0,
					"texture": "#a6497ccf-aab7-135a-1aba-b3f92615f141",
					"tintindex": 0
				}
			}
		},
		{
			"name": "cube",
			"from": [
				5.0,
				8.0,
				5.6
			],
			"to": [
				8.0,
				17.6,
				8.6
			],
			"rotation": {
				"angle": 0.0,
				"axis": "x",
				"origin": [
					8.0,
					8.0,
					8.0
				]
			},
			"faces": {
				"down": {
					"uv": [
						8.25,
						5.75,
						8.875,
						6.375
					],
					"rotation": 0,
					"texture": "#a6497ccf-aab7-135a-1aba-b3f92615f141",
					"tintindex": 0
				},
				"east": {
					"uv": [
						7.5,
						2.0,
						8.125,
						4.0
					],
					"rotation": 0,
					"texture": "#a6497ccf-aab7-135a-1aba-b3f92615f141",
					"tintindex": 0
				},
				"north": {
					"uv": [
						6.375,
						7.25,
						7.0,
						9.25
					],
					"rotation": 0,
					"texture": "#a6497ccf-aab7-135a-1aba-b3f92615f141",
					"tintindex": 0
				},
				"south": {
					"uv": [
						4.0,
						7.5,
						4.625,
						9.5
					],
					"rotation": 0,
					"texture": "#a6497ccf-aab7-135a-1aba-b3f92615f141",
					"tintindex": 0
				},
				"up": {
					"uv": [
						3.125,
						8.875,
						2.5,
						8.25
					],
					"rotation": 0,
					"texture": "#a6497ccf-aab7-135a-1aba-b3f92615f141",
					"tintindex": 0
				},
				"west": {
					"uv": [
						4.625,
						7.5,
						5.25,
						9.5
					],
					"rotation": 0,
					"texture": "#a6497ccf-aab7-135a-1aba-b3f92615f141",
					"tintindex": 0
				}
			}
		},
		{
			"name": "cube",
			"from": [
				3.7999997,
				11.0,
				4.3999996
			],
			"to": [
				12.8,
				19.400002,
				4.3999996
			],
			"rotation": {
				"angle": 0.0,
				"axis": "x",
				"origin": [
					8.0,
					8.0,
					8.0
				]
			},
			"faces": {
				"down": {
					"uv": [
						0.0,
						0.0,
						1.875,
						0.0
					],
					"rotation": 0,
					"texture": "#a6497ccf-aab7-135a-1aba-b3f92615f141",
					"tintindex": 0
				},
				"east": {
					"uv": [
						0.0,
						0.0,
						0.0,
						1.75
					],
					"rotation": 0,
					"texture": "#a6497ccf-aab7-135a-1aba-b3f92615f141",
					"tintindex": 0
				},
				"north": {
					"uv": [
						3.75,
						0.0,
						5.625,
						1.75
					],
					"rotation": 0,
					"texture": "#a6497ccf-aab7-135a-1aba-b3f92615f141",
					"tintindex": 0
				},
				"south": {
					"uv": [
						3.75,
						1.75,
						5.625,
						3.5
					],
					"rotation": 0,
					"texture": "#a6497ccf-aab7-135a-1aba-b3f92615f141",
					"tintindex": 0
				},
				"up": {
					"uv": [
						1.875,
						0.0,
						0.0,
						0.0
					],
					"rotation": 0,
					"texture": "#a6497ccf-aab7-135a-1aba-b3f92615f141",
					"tintindex": 0
				},
				"west": {
					"uv": [
						0.0,
						0.0,
						0.0,
						1.75
					],
					"rotation": 0,
					"texture": "#a6497ccf-aab7-135a-1aba-b3f92615f141",
					"tintindex": 0
				}
			}
		},
		{
			"name": "cube",
			"from": [
				3.7999997,
				11.0,
				9.2
			],
			"to": [
				12.8,
				32.0,
				9.2
			],
			"rotation": {
				"angle": 0.0,
				"axis": "x",
				"origin": [
					8.0,
					8.0,
					8.0
				]
			},
			"faces": {
				"down": {
					"uv": [
						0.0,
						0.0,
						1.875,
						0.0
					],
					"rotation": 0,
					"texture": "#a6497ccf-aab7-135a-1aba-b3f92615f141",
					"tintindex": 0
				},
				"east": {
					"uv": [
						0.0,
						0.0,
						0.0,
						4.375
					],
					"rotation": 0,
					"texture": "#a6497ccf-aab7-135a-1aba-b3f92615f141",
					"tintindex": 0
				},
				"north": {
					"uv": [
						0.0,
						0.0,
						1.875,
						4.375
					],
					"rotation": 0,
					"texture": "#a6497ccf-aab7-135a-1aba-b3f92615f141",
					"tintindex": 0
				},
				"south": {
					"uv": [
						1.875,
						0.0,
						3.75,
						4.375
					],
					"rotation": 0,
					"texture": "#a6497ccf-aab7-135a-1aba-b3f92615f141",
					"tintindex": 0
				},
				"up": {
					"uv": [
						1.875,
						0.0,
						0.0,
						0.0
					],
					"rotation": 0,
					"texture": "#a6497ccf-aab7-135a-1aba-b3f92615f141",
					"tintindex": 0
				},
				"west": {
					"uv": [
						0.0,
						0.0,
						0.0,
						4.375
					],
					"rotation": 0,
					"texture": "#a6497ccf-aab7-135a-1aba-b3f92615f141",
					"tintindex": 0
				}
			}
		},
		{
			"name": "cube",
			"from": [
				3.7999997,
				11.0,
				4.3999996
			],
			"to": [
				3.7999997,
				22.400002,
				9.2
			],
			"rotation": {
				"angle": 0.0,
				"axis": "x",
				"origin": [
					8.0,
					8.0,
					8.0
				]
			},
			"faces": {
				"down": {
					"uv": [
						0.0,
						0.0,
						0.0,
						1.0
					],
					"rotation": 0,
					"texture": "#a6497ccf-aab7-135a-1aba-b3f92615f141",
					"tintindex": 0
				},
				"east": {
					"uv": [
						3.75,
						3.5,
						4.75,
						5.875
					],
					"rotation": 0,
					"texture": "#a6497ccf-aab7-135a-1aba-b3f92615f141",
					"tintindex": 0
				},
				"north": {
					"uv": [
						0.0,
						0.0,
						0.0,
						2.375
					],
					"rotation": 0,