{
	"file_name": "head",
	"texture_size": [
		128,
		128
	],
	"textures": {
		"f09b1888-11af-3432-180e-2c0103cf8ee4": "modelengine:entity/bartender",
		"e7285d54-411d-c3b1-ab8e-79fec9298ef7": "modelengine:entity/bartender",
		"a6497ccf-aab7-135a-1aba-b3f92615f141": "modelengine:entity/bartender",
		"78ea5aab-a09f-cac6-8aa9-47a8abc44e28": "modelengine:entity/bartender"
	},
	"elements": [
		{
			"name": "cube",
			"from": [
				5.3,
				6.2,
				5.6
			],
			"to": [
				10.700001,
				11.6,
				11.0
			],
			"rotation": {
				"angle": 0.0,
				"axis": "x",
				"origin": [
					7.7,
					-13.600001,
					10.4
				]
			},
			"faces": {
				"down": {
					"uv": [
						7.125,
						5.75,
						8.25,
						6.875
					],
					"rotation": 0,
					"texture": "#a6497ccf-aab7-135a-1aba-b3f92615f141",
					"tintindex": 0
				},
				"east": {
					"uv": [
						6.375,
						4.625,
						7.5,
						5.75
					],
					"rotation": 0,
					"texture": "#a6497ccf-aab7-135a-1aba-b3f92615f141",
					"tintindex": 0
				},
				"north": {
					"uv": [
						6.375,
						3.5,
						7.5,
						4.625
					],
					"rotation": 0,
					"texture": "#a6497ccf-aab7-135a-1aba-b3f92615f141",
					"tintindex": 0
				},
				"south": {
					"uv": [
						0.0,
						6.75,
						1.125,
						7.875
					],
					"rotation": 0,
					"texture": "#a6497ccf-aab7-135a-1aba-b3f92615f141",
					"tintindex": 0
				},
				"up": {
					"uv": [
						3.375,
						8.25,
						2.25,
						7.125
					],
					"rotation": 0,
					"texture": "#a6497ccf-aab7-135a-1aba-b3f92615f141",
					"tintindex": 0
				},
				"west": {
					"uv": [
						1.125,
						6.75,
						2.25,
						7.875
					],
					"rotation": 0,
					"texture": "#a6497ccf-aab7-135a-1aba-b3f92615f141",
					"tintindex": 0
				}
			}
		},
		{
			"name": "cube",
			"from": [
				7.4,
				5.6,
				4.3999996
			],
			"to": [
				8.6,
				8.0,
				5.6
			],
			"rotation": {
				"angle": 0.0,
				"axis": "x",
				"origin": [
					7.7,
					-13.600001,
					10.4
				]
			},
			"faces": {
				"down": {
					"uv": [
						3.25,
						5.625,
						3.5,
						5.875
					],
					"rotation": 0,
					"texture": "#a6497ccf-aab7-135a-1aba-b3f92615f141",
					"tintindex": 0
				},
				"east": {
					"uv": [
						7.25,
						2.0,
						7.5,
						2.5
					],
					"rotation": 0,
					"texture": "#a6497ccf-aab7-135a-1aba-b3f92615f141",
					"tintindex": 0
				},
				"north": {
					"uv": [
						6.875,
						5.75,
						7.125,
						6.25
					],
					"rotation": 0,
					"texture": "#a6497ccf-aab7-135a-1aba-b3f92615f141",
					"tintindex": 0
				},
				"south": {
					"uv": [
						7.875,
						0.0,
						8.125,
						0.5
					],
					"rotation": 0,
					"texture": "#a6497ccf-aab7-135a-1aba-b3f92615f141",
					"tintindex": 0
				},
				"up": {
					"uv": [
						3.25,
						5.875,
						3.0,
						5.625
					],
					"rotation": 0,
					"texture": "#a6497ccf-aab7-135a-1aba-b3f92615f141",
					"tintindex": 0
				},
				"west": {
					"uv": [
						7.875,
						0.5,
						8.125,
						1.0
					],
					"rotation": 0,
					"texture": "#a6497ccf-aab7-135a-1aba-b3f92615f141",
					"tintindex": 0
				}
			}
		}
	],
	"display": {
		"head": {
			"translation": [
				0.0,
				-6.4,
				0.0
			],
			"rotation": [
				0.0,
				0.0,
				0.0
			],
			"scale": [
				3.8095,
				3.8095,
				3.8095
			]
		},
		"gui": {
			"translation": [
				0.0,
				0.0,
				0.0
			],
			"rotation": [
				35.0,
				225.0,
				0.0
			],
			"scale": [
				0.625,
				0.625,
				0.625
			]
		}
	}
}