{"file_name":"rfshoulder","texture_size":[128,128],"textures":{"1ea42f2f-9f7a-656b-b3d5-bc3b2518d3ad":"modelengine:entity/direwolf_taiga"},"elements":[{"name":"cube","from":[8.84,2.7146719,6.569525],"to":[10.639999,5.1146717,8.969525],"rotation":{"angle":-22.5,"axis":"x","origin":[9.17,5.6872983,7.977878]},"faces":{"down":{"uv":[8.5,4.625,8.875,5.125],"rotation":0,"texture":"#1ea42f2f-9f7a-656b-b3d5-bc3b2518d3ad","tintindex":0},"east":{"uv":[1.0,8.375,1.5,8.875],"rotation":0,"texture":"#1ea42f2f-9f7a-656b-b3d5-bc3b2518d3ad","tintindex":0},"north":{"uv":[1.125,5.25,1.5,5.75],"rotation":0,"texture":"#1ea42f2f-9f7a-656b-b3d5-bc3b2518d3ad","tintindex":0},"south":{"uv":[3.25,8.5,3.625,9.0],"rotation":0,"texture":"#1ea42f2f-9f7a-656b-b3d5-bc3b2518d3ad","tintindex":0},"up":{"uv":[8.875,4.625,8.5,4.125],"rotation":0,"texture":"#1ea42f2f-9f7a-656b-b3d5-bc3b2518d3ad","tintindex":0},"west":{"uv":[8.375,1.875,8.875,2.375],"rotation":0,"texture":"#1ea42f2f-9f7a-656b-b3d5-bc3b2518d3ad","tintindex":0}}},{"name":"cube","from":[10.639999,2.7146719,8.969525],"to":[10.639999,7.5146723,11.969525],"rotation":{"angle":-22.5,"axis":"x","origin":[9.17,5.6872983,7.977878]},"faces":{"down":{"uv":[0.0,0.0,0.0,0.625],"rotation":0,"texture":"#1ea42f2f-9f7a-656b-b3d5-bc3b2518d3ad","tintindex":0},"east":{"uv":[5.625,6.5,6.25,7.5],"rotation":0,"texture":"#1ea42f2f-9f7a-656b-b3d5-bc3b2518d3ad","tintindex":0},"north":{"uv":[0.0,0.0,0.0,1.0],"rotation":0,"texture":"#1ea42f2f-9f7a-656b-b3d5-bc3b2518d3ad","tintindex":0},"south":{"uv":[0.0,0.0,0.0,1.0],"rotation":0,"texture":"#1ea42f2f-9f7a-656b-b3d5-bc3b2518d3ad","tintindex":0},"up":{"uv":[0.0,0.625,0.0,0.0],"rotation":0,"texture":"#1ea42f2f-9f7a-656b-b3d5-bc3b2518d3ad","tintindex":0},"west":{"uv":[5.625,6.5,6.25,7.5],"rotation":0,"texture":"#1ea42f2f-9f7a-656b-b3d5-bc3b2518d3ad","tintindex":0}}},{"name":"cube","from":[8.45,4.508054,6.5022893],"to":[10.85,9.308054,10.102289],"rotation":{"angle":0.0,"axis":"x","origin":[9.56,5.6872983,7.977878]},"faces":{"down":{"uv":[8.0,1.125,8.5,1.875],"rotation":0,"texture":"#1ea42f2f-9f7a-656b-b3d5-bc3b2518d3ad","tintindex":0},"east":{"uv":[4.25,5.625,5.0,6.625],"rotation":0,"texture":"#1ea42f2f-9f7a-656b-b3d5-bc3b2518d3ad","tintindex":0},"north":{"uv":[3.625,7.0,4.125,8.0],"rotation":0,"texture":"#1ea42f2f-9f7a-656b-b3d5-bc3b2518d3ad","tintindex":0},"south":{"uv":[7.125,3.625,7.625,4.625],"rotation":0,"texture":"#1ea42f2f-9f7a-656b-b3d5-bc3b2518d3ad","tintindex":0},"up":{"uv":[8.375,8.125,7.875,7.375],"rotation":0,"texture":"#1ea42f2f-9f7a-656b-b3d5-bc3b2518d3ad","tintindex":0},"west":{"uv":[1.125,5.75,1.875,6.75],"rotation":0,"texture":"#1ea42f2f-9f7a-656b-b3d5-bc3b2518d3ad","tintindex":0}}}],"display":{"head":{"translation":[0.0,-6.4,0.0],"rotation":[0.0,0.0,0.0],"scale":[3.8095,3.8095,3.8095]},"gui":{"translation":[0.0,0.0,0.0],"rotation":[35.0,225.0,0.0],"scale":[0.625,0.625,0.625]}}}