{"file_name":"shoulders","texture_size":[128,128],"textures":{"1ea42f2f-9f7a-656b-b3d5-bc3b2518d3ad":"modelengine:entity/direwolf_taiga"},"elements":[{"name":"cube","from":[4.49,2.6899996,4.04],"to":[11.51,9.709999,8.719999],"rotation":{"angle":-22.5,"axis":"x","origin":[8.0,6.2,5.6]},"faces":{"down":{"uv":[0.0,4.25,1.5,5.25],"rotation":0,"texture":"#1ea42f2f-9f7a-656b-b3d5-bc3b2518d3ad","tintindex":0},"east":{"uv":[3.25,3.25,4.25,4.75],"rotation":0,"texture":"#1ea42f2f-9f7a-656b-b3d5-bc3b2518d3ad","tintindex":0},"north":{"uv":[0.0,0.0,1.5,1.5],"rotation":0,"texture":"#1ea42f2f-9f7a-656b-b3d5-bc3b2518d3ad","tintindex":0},"south":{"uv":[0.0,1.5,1.5,3.0],"rotation":0,"texture":"#1ea42f2f-9f7a-656b-b3d5-bc3b2518d3ad","tintindex":0},"up":{"uv":[5.25,2.5,3.75,1.5],"rotation":0,"texture":"#1ea42f2f-9f7a-656b-b3d5-bc3b2518d3ad","tintindex":0},"west":{"uv":[3.625,0.0,4.625,1.5],"rotation":0,"texture":"#1ea42f2f-9f7a-656b-b3d5-bc3b2518d3ad","tintindex":0}}},{"name":"cube","from":[8.06,8.690001,2.2400002],"to":[8.06,13.309999,9.92],"rotation":{"angle":-22.5,"axis":"x","origin":[8.0,6.2,5.6]},"faces":{"down":{"uv":[0.0,0.0,0.0,1.625],"rotation":0,"texture":"#1ea42f2f-9f7a-656b-b3d5-bc3b2518d3ad","tintindex":0},"east":{"uv":[0.0,3.25,1.625,4.25],"rotation":0,"texture":"#1ea42f2f-9f7a-656b-b3d5-bc3b2518d3ad","tintindex":0},"north":{"uv":[0.0,0.0,0.0,1.0],"rotation":0,"texture":"#1ea42f2f-9f7a-656b-b3d5-bc3b2518d3ad","tintindex":0},"south":{"uv":[0.0,0.0,0.0,1.0],"rotation":0,"texture":"#1ea42f2f-9f7a-656b-b3d5-bc3b2518d3ad","tintindex":0},"up":{"uv":[0.0,1.625,0.0,0.0],"rotation":0,"texture":"#1ea42f2f-9f7a-656b-b3d5-bc3b2518d3ad","tintindex":0},"west":{"uv":[1.625,3.25,0.0,4.25],"rotation":0,"texture":"#1ea42f2f-9f7a-656b-b3d5-bc3b2518d3ad","tintindex":0}}},{"name":"cube","from":[8.06,0.8899994,0.44000006],"to":[8.06,4.91,10.52],"rotation":{"angle":-22.5,"axis":"x","origin":[8.0,6.2,5.6]},"faces":{"down":{"uv":[0.0,0.0,0.0,2.125],"rotation":0,"texture":"#1ea42f2f-9f7a-656b-b3d5-bc3b2518d3ad","tintindex":0},"east":{"uv":[1.5,0.0,3.625,0.875],"rotation":0,"texture":"#1ea42f2f-9f7a-656b-b3d5-bc3b2518d3ad","tintindex":0},"north":{"uv":[0.0,0.0,0.0,0.875],"rotation":0,"texture":"#1ea42f2f-9f7a-656b-b3d5-bc3b2518d3ad","tintindex":0},"south":{"uv":[0.0,0.0,0.0,0.875],"rotation":0,"texture":"#1ea42f2f-9f7a-656b-b3d5-bc3b2518d3ad","tintindex":0},"up":{"uv":[0.0,2.125,0.0,0.0],"rotation":0,"texture":"#1ea42f2f-9f7a-656b-b3d5-bc3b2518d3ad","tintindex":0},"west":{"uv":[3.625,0.0,1.5,0.875],"rotation":0,"texture":"#1ea42f2f-9f7a-656b-b3d5-bc3b2518d3ad","tintindex":0}}},{"name":"cube","from":[5.27,2.6899996,1.2799999],"to":[10.73,9.709999,5.6],"rotation":{"angle":0.0,"axis":"x","origin":[8.0,6.2,5.6]},"faces":{"down":{"uv":[0.0,5.25,1.125,6.125],"rotation":0,"texture":"#1ea42f2f-9f7a-656b-b3d5-bc3b2518d3ad","tintindex":0},"east":{"uv":[1.5,4.25,2.375,5.75],"rotation":0,"texture":"#1ea42f2f-9f7a-656b-b3d5-bc3b2518d3ad","tintindex":0},"north":{"uv":[1.5,1.75,2.625,3.25],"rotation":0,"texture":"#1ea42f2f-9f7a-656b-b3d5-bc3b2518d3ad","tintindex":0},"south":{"uv":[2.625,1.75,3.75,3.25],"rotation":0,"texture":"#1ea42f2f-9f7a-656b-b3d5-bc3b2518d3ad","tintindex":0},"up":{"uv":[5.375,5.625,4.25,4.75],"rotation":0,"texture":"#1ea42f2f-9f7a-656b-b3d5-bc3b2518d3ad","tintindex":0},"west":{"uv":[2.375,4.25,3.25,5.75],"rotation":0,"texture":"#1ea42f2f-9f7a-656b-b3d5-bc3b2518d3ad","tintindex":0}}}],"display":{"head":{"translation":[0.0,-6.4,0.0],"rotation":[0.0,0.0,0.0],"scale":[3.8095,3.8095,3.8095]},"gui":{"translation":[0.0,0.0,0.0],"rotation":[35.0,225.0,0.0],"scale":[0.625,0.625,0.625]}}}