{"file_name":"arm","texture_size":[32,32],"textures":{"119ba6e8-65e3-8a36-5a03-bee6edf1470b":"modelengine:entity/plague"},"elements":[{"name":"cube","from":[7.4,8.0,7.4],"to":[9.2,13.400001,8.6],"rotation":{"angle":0.0,"axis":"x","origin":[8.3,10.700001,8.0]},"faces":{"down":{"uv":[8.5,6.0,10.0,7.0],"rotation":0,"texture":"#119ba6e8-65e3-8a36-5a03-bee6edf1470b","tintindex":0},"east":{"uv":[4.5,0.0,5.5,4.5],"rotation":0,"texture":"#119ba6e8-65e3-8a36-5a03-bee6edf1470b","tintindex":0},"north":{"uv":[0.0,0.0,1.5,4.5],"rotation":0,"texture":"#119ba6e8-65e3-8a36-5a03-bee6edf1470b","tintindex":0},"south":{"uv":[1.5,0.0,3.0,4.5],"rotation":0,"texture":"#119ba6e8-65e3-8a36-5a03-bee6edf1470b","tintindex":0},"up":{"uv":[10.0,6.0,8.5,5.0],"rotation":0,"texture":"#119ba6e8-65e3-8a36-5a03-bee6edf1470b","tintindex":0},"west":{"uv":[1.5,4.5,2.5,9.0],"rotation":0,"texture":"#119ba6e8-65e3-8a36-5a03-bee6edf1470b","tintindex":0}}}],"display":{"head":{"translation":[0.0,-6.4,0.0],"rotation":[0.0,0.0,0.0],"scale":[3.8095,3.8095,3.8095]},"gui":{"translation":[0.0,0.0,0.0],"rotation":[35.0,225.0,0.0],"scale":[0.625,0.625,0.625]}}}