{"file_name":"tail2","texture_size":[128,128],"textures":{"a4625cbc-4843-974f-7941-cf2627d1c8ee":"modelengine:entity/shadowwolf"},"elements":[{"name":"cube","from":[7.3792934,6.3113174,7.994721],"to":[9.779293,8.711318,12.194721],"rotation":{"angle":45.0,"axis":"z","origin":[7.97,7.53842,8.069721]},"faces":{"down":{"uv":[4.125,7.875,4.625,8.75],"rotation":0,"texture":"#a4625cbc-4843-974f-7941-cf2627d1c8ee","tintindex":0},"east":{"uv":[7.625,5.125,8.5,5.625],"rotation":0,"texture":"#a4625cbc-4843-974f-7941-cf2627d1c8ee","tintindex":0},"north":{"uv":[6.125,8.375,6.625,8.875],"rotation":0,"texture":"#a4625cbc-4843-974f-7941-cf2627d1c8ee","tintindex":0},"south":{"uv":[6.625,8.375,7.125,8.875],"rotation":0,"texture":"#a4625cbc-4843-974f-7941-cf2627d1c8ee","tintindex":0},"up":{"uv":[8.375,2.875,7.875,2.0],"rotation":0,"texture":"#a4625cbc-4843-974f-7941-cf2627d1c8ee","tintindex":0},"west":{"uv":[7.875,0.625,8.75,1.125],"rotation":0,"texture":"#a4625cbc-4843-974f-7941-cf2627d1c8ee","tintindex":0}}}],"display":{"head":{"translation":[0.0,-6.4,0.0],"rotation":[0.0,0.0,0.0],"scale":[3.8095,3.8095,3.8095]},"gui":{"translation":[0.0,0.0,0.0],"rotation":[35.0,225.0,0.0],"scale":[0.625,0.625,0.625]}}}