{"textures":{"0":"modelengine:entity/vs_crab_mount"},"elements":[{"name":"cube","from":[6.675558,6.503877,0.31827545],"to":[8.531958,10.073877,5.9282765],"rotation":{"angle":0.0,"axis":"x","origin":[9.111884,3.3330884,11.262982]},"faces":{"down":{"uv":[6.0,6.5,5.75,7.1875],"rotation":0,"texture":"#0","tintindex":0},"east":{"uv":[5.25,2.0,5.9375,2.4375],"rotation":0,"texture":"#0","tintindex":0},"north":{"uv":[7.125,0.5,7.375,0.9375],"rotation":0,"texture":"#0","tintindex":0},"south":{"uv":[1.625,7.125,1.875,7.5625],"rotation":0,"texture":"#0","tintindex":0},"up":{"uv":[5.75,7.1875,5.5,6.5],"rotation":0,"texture":"#0","tintindex":0},"west":{"uv":[5.9375,2.0,5.25,2.4375],"rotation":0,"texture":"#0","tintindex":0}}},{"name":"cube","from":[7.603758,4.004877,-2.6805239],"to":[7.603758,5.4328775,2.603076],"rotation":{"angle":0.0,"axis":"x","origin":[9.111884,2.527288,11.548582]},"faces":{"down":{"uv":[0.0,0.0,0.0,0.625],"rotation":0,"texture":"#0","tintindex":0},"east":{"uv":[7.75,0.3125,7.125,0.5],"rotation":0,"texture":"#0","tintindex":0},"north":{"uv":[0.0,0.0,0.0,0.1875],"rotation":0,"texture":"#0","tintindex":0},"south":{"uv":[0.0,0.0,0.0,0.1875],"rotation":0,"texture":"#0","tintindex":0},"up":{"uv":[0.0,0.625,0.0,0.0],"rotation":0,"texture":"#0","tintindex":0},"west":{"uv":[7.125,0.25,7.75,0.4375],"rotation":0,"texture":"#0","tintindex":0}}},{"name":"cube","from":[6.175758,8.146077,-2.6805239],"to":[9.031758,9.574078,-2.6805239],"rotation":{"angle":0.0,"axis":"x","origin":[9.111884,3.547288,11.548582]},"faces":{"down":{"uv":[0.375,0.0,0.0,0.0],"rotation":0,"texture":"#0","tintindex":0},"east":{"uv":[0.0,0.0,0.0,0.1875],"rotation":0,"texture":"#0","tintindex":0},"north":{"uv":[1.875,7.625,1.5,7.8125],"rotation":0,"texture":"#0","tintindex":0},"south":{"uv":[1.5,7.625,1.875,7.8125],"rotation":0,"texture":"#0","tintindex":0},"up":{"uv":[0.375,0.0,0.0,0.0],"rotation":0,"texture":"#0","tintindex":0},"west":{"uv":[0.0,0.0,0.0,0.1875],"rotation":0,"texture":"#0","tintindex":0}}},{"name":"cube","from":[6.175758,5.4328775,-2.6805239],"to":[9.031758,8.146077,2.603076],"rotation":{"angle":0.0,"axis":"x","origin":[9.111884,3.547288,11.548582]},"faces":{"down":{"uv":[3.25,6.0,2.875,6.625],"rotation":0,"texture":"#0","tintindex":0},"east":{"uv":[5.0,6.125,4.375,6.4375],"rotation":0,"texture":"#0","tintindex":0},"north":{"uv":[7.0,2.25,7.375,2.5625],"rotation":0,"texture":"#0","tintindex":0},"south":{"uv":[2.75,7.0,3.125,7.3125],"rotation":0,"texture":"#0","tintindex":0},"up":{"uv":[2.875,6.5,2.5,5.875],"rotation":0,"texture":"#0","tintindex":0},"west":{"uv":[4.375,6.125,5.0,6.4375],"rotation":0,"texture":"#0","tintindex":0}}},{"name":"cube","from":[6.175758,8.110377,-2.6805239],"to":[6.175758,9.574078,2.603076],"rotation":{"angle":0.0,"axis":"x","origin":[9.111884,3.547288,11.548582]},"faces":{"down":{"uv":[0.0,0.0,0.0,0.625],"rotation":0,"texture":"#0","tintindex":0},"east":{"uv":[6.625,7.0,7.25,7.1875],"rotation":0,"texture":"#0","tintindex":0},"north":{"uv":[0.0,0.0,0.0,0.1875],"rotation":0,"texture":"#0","tintindex":0},"south":{"uv":[0.0,0.0,0.0,0.1875],"rotation":0,"texture":"#0","tintindex":0},"up":{"uv":[0.0,0.625,0.0,0.0],"rotation":0,"texture":"#0","tintindex":0},"west":{"uv":[7.25,7.0,6.625,7.1875],"rotation":0,"texture":"#0","tintindex":0}}},{"name":"cube","from":[9.031758,8.110377,-2.6805239],"to":[9.031758,9.574078,2.603076],"rotation":{"angle":0.0,"axis":"x","origin":[9.111884,3.547288,11.548582]},"faces":{"down":{"uv":[0.0,0.0,0.0,0.625],"rotation":0,"texture":"#0","tintindex":0},"east":{"uv":[6.625,7.0,7.25,7.1875],"rotation":0,"texture":"#0","tintindex":0},"north":{"uv":[0.0,0.0,0.0,0.1875],"rotation":0,"texture":"#0","tintindex":0},"south":{"uv":[0.0,0.0,0.0,0.1875],"rotation":0,"texture":"#0","tintindex":0},"up":{"uv":[0.0,0.625,0.0,0.0],"rotation":0,"texture":"#0","tintindex":0},"west":{"uv":[7.25,7.0,6.625,7.1875],"rotation":0,"texture":"#0","tintindex":0}}},{"name":"cube","from":[6.8904715,4.9642973,-6.1307383],"to":[8.317043,7.74747,-3.4903665],"rotation":{"angle":22.5,"axis":"x","origin":[8.754884,3.261688,-1.9460192]},"faces":{"down":{"uv":[7.9375,1.25,7.75,1.5625],"rotation":0,"texture":"#0","tintindex":0},"east":{"uv":[3.8125,7.25,3.5,7.5625],"rotation":0,"texture":"#0","tintindex":0},"north":{"uv":[7.625,7.5,7.8125,7.8125],"rotation":0,"texture":"#0","tintindex":0},"south":{"uv":[7.75,0.0,7.9375,0.3125],"rotation":0,"texture":"#0","tintindex":0},"up":{"uv":[0.6875,8.0625,0.5,7.75],"rotation":0,"texture":"#0","tintindex":0},"west":{"uv":[3.5,7.25,3.8125,7.5625],"rotation":0,"texture":"#0","tintindex":0}}},{"name":"cube","from":[6.8904715,7.7488976,-6.1307383],"to":[8.317043,8.46147,-6.132167],"rotation":{"angle":22.5,"axis":"x","origin":[8.754884,3.261688,-1.9460192]},"faces":{"down":{"uv":[0.1875,0.0,0.0,0.0],"rotation":0,"texture":"#0","tintindex":0},"east":{"uv":[0.0,0.0,0.0,0.0625],"rotation":0,"texture":"#0","tintindex":0},"north":{"uv":[8.0,1.25,8.1875,1.3125],"rotation":0,"texture":"#0","tintindex":0},"south":{"uv":[8.1875,1.1875,8.0,1.25],"rotation":0,"texture":"#0","tintindex":0},"up":{"uv":[0.1875,0.0,0.0,0.0],"rotation":0,"texture":"#0","tintindex":0},"west":{"uv":[0.0,0.0,0.0,0.0625],"rotation":0,"texture":"#0","tintindex":0}}},{"name":"cube","from":[7.603758,10.073877,0.31827545],"to":[7.603758,11.501878,3.888276],"rotation":{"angle":0.0,"axis":"x","origin":[9.111884,3.3330884,11.262982]},"faces":{"down":{"uv":[0.0,0.0,0.0,0.4375],"rotation":0,"texture":"#0","tintindex":0},"east":{"uv":[7.8125,6.75,7.375,6.9375],"rotation":0,"texture":"#0","tintindex":0},"north":{"uv":[0.0,0.0,0.0,0.1875],"rotation":0,"texture":"#0","tintindex":0},"south":{"uv":[0.0,0.0,0.0,0.1875],"rotation":0,"texture":"#0","tintindex":0},"up":{"uv":[0.0,0.4375,0.0,0.0],"rotation":0,"texture":"#0","tintindex":0},"west":{"uv":[7.375,6.75,7.8125,6.9375],"rotation":0,"texture":"#0","tintindex":0}}},{"name":"cube","from":[6.8904715,7.7488976,-6.1307383],"to":[6.889044,8.46147,-3.4903665],"rotation":{"angle":22.5,"axis":"x","origin":[8.754884,3.261688,-1.9460192]},"faces":{"down":{"uv":[0.0,0.0,0.0,0.3125],"rotation":0,"texture":"#0","tintindex":0},"east":{"uv":[8.1875,6.875,7.875,6.9375],"rotation":0,"texture":"#0","tintindex":0},"north":{"uv":[0.0,0.0,0.0,0.0625],"rotation":0,"texture":"#0","tintindex":0},"south":{"uv":[0.0,0.0,0.0,0.0625],"rotation":0,"texture":"#0","tintindex":0},"up":{"uv":[0.0,0.3125,0.0,0.0],"rotation":0,"texture":"#0","tintindex":0},"west":{"uv":[7.875,6.875,8.1875,6.9375],"rotation":0,"texture":"#0","tintindex":0}}},{"name":"cube","from":[8.318472,7.7488976,-6.1307383],"to":[8.317043,8.46147,-3.4903665],"rotation":{"angle":22.5,"axis":"x","origin":[8.754884,3.261688,-1.9460192]},"faces":{"down":{"uv":[0.0,0.0,0.0,0.3125],"rotation":0,"texture":"#0","tintindex":0},"east":{"uv":[8.1875,6.875,7.875,6.9375],"rotation":0,"texture":"#0","tintindex":0},"north":{"uv":[0.0,0.0,0.0,0.0625],"rotation":0,"texture":"#0","tintindex":0},"south":{"uv":[0.0,0.0,0.0,0.0625],"rotation":0,"texture":"#0","tintindex":0},"up":{"uv":[0.0,0.3125,0.0,0.0],"rotation":0,"texture":"#0","tintindex":0},"west":{"uv":[7.875,6.875,8.1875,6.9375],"rotation":0,"texture":"#0","tintindex":0}}},{"name":"cube","from":[8.821027,7.362682,3.888276],"to":[10.249027,8.790683,8.1722765],"rotation":{"angle":22.5,"axis":"z","origin":[9.111884,3.3330884,11.262982]},"faces":{"down":{"uv":[2.0625,7.375,1.875,7.875],"rotation":0,"texture":"#0","tintindex":0},"east":{"uv":[7.25,7.0,7.75,7.1875],"rotation":0,"texture":"#0","tintindex":0},"north":{"uv":[1.25,7.875,1.4375,8.0625],"rotation":0,"texture":"#0","tintindex":0},"south":{"uv":[1.5,7.875,1.6875,8.0625],"rotation":0,"texture":"#0","tintindex":0},"up":{"uv":[1.4375,7.875,1.25,7.375],"rotation":0,"texture":"#0","tintindex":0},"west":{"uv":[7.75,7.0625,7.25,7.25],"rotation":0,"texture":"#0","tintindex":0}}}],"display":{"head":{"translation":[0.0,-6.4,0.0],"rotation":[0.0,0.0,0.0],"scale":[3.8095,3.8095,3.8095]}}}