{"textures":{"0":"modelengine:entity/vs_crab_mount"},"elements":[{"name":"cube","from":[6.1696744,7.3388414,7.2018056],"to":[9.454075,9.480842,10.771805],"rotation":{"angle":0.0,"axis":"x","origin":[9.320001,2.7434773,-4.162851]},"faces":{"down":{"uv":[6.875,6.1875,6.5,5.75],"rotation":0,"texture":"#0","tintindex":0},"east":{"uv":[7.125,2.625,7.5625,2.875],"rotation":0,"texture":"#0","tintindex":0},"north":{"uv":[7.75,1.5,7.375,1.75],"rotation":0,"texture":"#0","tintindex":0},"south":{"uv":[7.75,0.75,7.375,1.0],"rotation":0,"texture":"#0","tintindex":0},"up":{"uv":[6.875,4.625,6.5,5.0625],"rotation":0,"texture":"#0","tintindex":0},"west":{"uv":[7.5625,2.625,7.125,2.875],"rotation":0,"texture":"#0","tintindex":0}}},{"name":"cube","from":[6.8836746,7.3388414,10.771805],"to":[8.740074,9.480842,13.627805],"rotation":{"angle":0.0,"axis":"x","origin":[9.320001,2.7434773,-4.162851]},"faces":{"down":{"uv":[7.625,4.0,7.375,3.625],"rotation":0,"texture":"#0","tintindex":0},"east":{"uv":[2.625,7.375,3.0,7.625],"rotation":0,"texture":"#0","tintindex":0},"north":{"uv":[7.875,3.625,7.625,3.875],"rotation":0,"texture":"#0","tintindex":0},"south":{"uv":[3.875,7.625,3.625,7.875],"rotation":0,"texture":"#0","tintindex":0},"up":{"uv":[2.375,7.375,2.125,7.75],"rotation":0,"texture":"#0","tintindex":0},"west":{"uv":[3.0,7.375,2.625,7.625],"rotation":0,"texture":"#0","tintindex":0}}},{"name":"cube","from":[6.8829603,5.8979545,9.766664],"to":[8.740788,8.041384,13.338092],"rotation":{"angle":45.0,"axis":"x","origin":[8.962999,4.122806,13.463267]},"faces":{"down":{"uv":[0.75,7.6875,0.5,7.25],"rotation":0,"texture":"#0","tintindex":0},"east":{"uv":[7.125,3.125,7.5625,3.375],"rotation":0,"texture":"#0","tintindex":0},"north":{"uv":[4.375,7.625,4.125,7.875],"rotation":0,"texture":"#0","tintindex":0},"south":{"uv":[4.125,7.625,3.875,7.875],"rotation":0,"texture":"#0","tintindex":0},"up":{"uv":[2.625,7.125,2.375,7.5625],"rotation":0,"texture":"#0","tintindex":0},"west":{"uv":[7.5625,3.125,7.125,3.375],"rotation":0,"texture":"#0","tintindex":0}}},{"name":"cube","from":[6.8829603,5.1839542,13.336664],"to":[8.740788,5.899382,13.338092],"rotation":{"angle":45.0,"axis":"x","origin":[8.962999,4.122806,13.463267]},"faces":{"down":{"uv":[0.25,0.0,0.0,0.0],"rotation":0,"texture":"#0","tintindex":0},"east":{"uv":[0.0,0.0,0.0,0.0625],"rotation":0,"texture":"#0","tintindex":0},"north":{"uv":[8.25,0.25,8.0,0.3125],"rotation":0,"texture":"#0","tintindex":0},"south":{"uv":[0.375,8.0,0.125,8.0625],"rotation":0,"texture":"#0","tintindex":0},"up":{"uv":[0.25,0.0,0.0,0.0],"rotation":0,"texture":"#0","tintindex":0},"west":{"uv":[0.0,0.0,0.0,0.0625],"rotation":0,"texture":"#0","tintindex":0}}},{"name":"cube","from":[6.8829603,5.1839542,9.766664],"to":[6.884388,5.899382,13.338092],"rotation":{"angle":45.0,"axis":"x","origin":[8.962999,4.122806,13.463267]},"faces":{"down":{"uv":[0.0,0.4375,0.0,0.0],"rotation":0,"texture":"#0","tintindex":0},"east":{"uv":[7.875,3.125,8.3125,3.1875],"rotation":0,"texture":"#0","tintindex":0},"north":{"uv":[0.0,0.0,0.0,0.0625],"rotation":0,"texture":"#0","tintindex":0},"south":{"uv":[0.0,0.0,0.0,0.0625],"rotation":0,"texture":"#0","tintindex":0},"up":{"uv":[0.0,0.0,0.0,0.4375],"rotation":0,"texture":"#0","tintindex":0},"west":{"uv":[8.3125,3.125,7.875,3.1875],"rotation":0,"texture":"#0","tintindex":0}}},{"name":"cube","from":[8.71896,5.1839542,9.766664],"to":[8.720388,5.899382,13.338092],"rotation":{"angle":45.0,"axis":"x","origin":[8.962999,4.122806,13.463267]},"faces":{"down":{"uv":[0.0,0.4375,0.0,0.0],"rotation":0,"texture":"#0","tintindex":0},"east":{"uv":[7.875,3.125,8.3125,3.1875],"rotation":0,"texture":"#0","tintindex":0},"north":{"uv":[0.0,0.0,0.0,0.0625],"rotation":0,"texture":"#0","tintindex":0},"south":{"uv":[0.0,0.0,0.0,0.0625],"rotation":0,"texture":"#0","tintindex":0},"up":{"uv":[0.0,0.0,0.0,0.4375],"rotation":0,"texture":"#0","tintindex":0},"west":{"uv":[8.3125,3.125,7.875,3.1875],"rotation":0,"texture":"#0","tintindex":0}}}],"display":{"head":{"translation":[0.0,-6.4,0.0],"rotation":[0.0,0.0,0.0],"scale":[3.8095,3.8095,3.8095]}}}