{"textures":{"0":"modelengine:entity/vs_crab_mount"},"elements":[{"name":"cube","from":[6.169674,7.3388414,5.228195],"to":[9.454074,9.480842,8.798196],"rotation":{"angle":0.0,"axis":"x","origin":[9.32,2.7434773,20.162853]},"faces":{"down":{"uv":[6.875,5.75,6.5,6.1875],"rotation":0,"texture":"#0","tintindex":0},"east":{"uv":[7.5625,2.625,7.125,2.875],"rotation":0,"texture":"#0","tintindex":0},"north":{"uv":[7.375,0.75,7.75,1.0],"rotation":0,"texture":"#0","tintindex":0},"south":{"uv":[7.375,1.5,7.75,1.75],"rotation":0,"texture":"#0","tintindex":0},"up":{"uv":[6.875,5.0625,6.5,4.625],"rotation":0,"texture":"#0","tintindex":0},"west":{"uv":[7.125,2.625,7.5625,2.875],"rotation":0,"texture":"#0","tintindex":0}}},{"name":"cube","from":[6.8836746,7.3388414,2.3721948],"to":[8.740074,9.480842,5.228195],"rotation":{"angle":0.0,"axis":"x","origin":[9.32,2.7434773,20.162853]},"faces":{"down":{"uv":[7.625,3.625,7.375,4.0],"rotation":0,"texture":"#0","tintindex":0},"east":{"uv":[3.0,7.375,2.625,7.625],"rotation":0,"texture":"#0","tintindex":0},"north":{"uv":[3.625,7.625,3.875,7.875],"rotation":0,"texture":"#0","tintindex":0},"south":{"uv":[7.625,3.625,7.875,3.875],"rotation":0,"texture":"#0","tintindex":0},"up":{"uv":[2.375,7.75,2.125,7.375],"rotation":0,"texture":"#0","tintindex":0},"west":{"uv":[2.625,7.375,3.0,7.625],"rotation":0,"texture":"#0","tintindex":0}}},{"name":"cube","from":[6.88296,5.8979545,2.6619084],"to":[8.7407875,8.041382,6.233337],"rotation":{"angle":-45.0,"axis":"x","origin":[8.962999,4.122806,2.5367322]},"faces":{"down":{"uv":[0.75,7.25,0.5,7.6875],"rotation":0,"texture":"#0","tintindex":0},"east":{"uv":[7.5625,3.125,7.125,3.375],"rotation":0,"texture":"#0","tintindex":0},"north":{"uv":[3.875,7.625,4.125,7.875],"rotation":0,"texture":"#0","tintindex":0},"south":{"uv":[4.125,7.625,4.375,7.875],"rotation":0,"texture":"#0","tintindex":0},"up":{"uv":[2.625,7.5625,2.375,7.125],"rotation":0,"texture":"#0","tintindex":0},"west":{"uv":[7.125,3.125,7.5625,3.375],"rotation":0,"texture":"#0","tintindex":0}}},{"name":"cube","from":[6.88296,5.1839542,2.6619084],"to":[8.7407875,5.899382,2.6633377],"rotation":{"angle":-45.0,"axis":"x","origin":[8.962999,4.122806,2.5367322]},"faces":{"down":{"uv":[0.25,0.0,0.0,0.0],"rotation":0,"texture":"#0","tintindex":0},"east":{"uv":[0.0,0.0,0.0,0.0625],"rotation":0,"texture":"#0","tintindex":0},"north":{"uv":[0.125,8.0,0.375,8.0625],"rotation":0,"texture":"#0","tintindex":0},"south":{"uv":[8.0,0.25,8.25,0.3125],"rotation":0,"texture":"#0","tintindex":0},"up":{"uv":[0.25,0.0,0.0,0.0],"rotation":0,"texture":"#0","tintindex":0},"west":{"uv":[0.0,0.0,0.0,0.0625],"rotation":0,"texture":"#0","tintindex":0}}},{"name":"cube","from":[6.88296,5.1839542,2.6619084],"to":[6.884388,5.899382,6.233337],"rotation":{"angle":-45.0,"axis":"x","origin":[8.962999,4.122806,2.5367322]},"faces":{"down":{"uv":[0.0,0.0,0.0,0.4375],"rotation":0,"texture":"#0","tintindex":0},"east":{"uv":[8.3125,3.125,7.875,3.1875],"rotation":0,"texture":"#0","tintindex":0},"north":{"uv":[0.0,0.0,0.0,0.0625],"rotation":0,"texture":"#0","tintindex":0},"south":{"uv":[0.0,0.0,0.0,0.0625],"rotation":0,"texture":"#0","tintindex":0},"up":{"uv":[0.0,0.4375,0.0,0.0],"rotation":0,"texture":"#0","tintindex":0},"west":{"uv":[7.875,3.125,8.3125,3.1875],"rotation":0,"texture":"#0","tintindex":0}}},{"name":"cube","from":[8.71896,5.1839542,2.6619084],"to":[8.720388,5.899382,6.233337],"rotation":{"angle":-45.0,"axis":"x","origin":[8.962999,4.122806,2.5367322]},"faces":{"down":{"uv":[0.0,0.0,0.0,0.4375],"rotation":0,"texture":"#0","tintindex":0},"east":{"uv":[8.3125,3.125,7.875,3.1875],"rotation":0,"texture":"#0","tintindex":0},"north":{"uv":[0.0,0.0,0.0,0.0625],"rotation":0,"texture":"#0","tintindex":0},"south":{"uv":[0.0,0.0,0.0,0.0625],"rotation":0,"texture":"#0","tintindex":0},"up":{"uv":[0.0,0.4375,0.0,0.0],"rotation":0,"texture":"#0","tintindex":0},"west":{"uv":[7.875,3.125,8.3125,3.1875],"rotation":0,"texture":"#0","tintindex":0}}}],"display":{"head":{"translation":[0.0,-6.4,0.0],"rotation":[0.0,0.0,0.0],"scale":[3.8095,3.8095,3.8095]}}}