{"textures":{"0":"modelengine:entity/vs_crab_mount"},"elements":[{"name":"cube","from":[7.1855574,6.503877,10.071724],"to":[9.041958,10.073877,15.681724],"rotation":{"angle":0.0,"axis":"x","origin":[9.621883,3.3330884,4.7370186]},"faces":{"down":{"uv":[6.0,7.1875,5.75,6.5],"rotation":0,"texture":"#0","tintindex":0},"east":{"uv":[5.9375,2.0,5.25,2.4375],"rotation":0,"texture":"#0","tintindex":0},"north":{"uv":[1.875,7.125,1.625,7.5625],"rotation":0,"texture":"#0","tintindex":0},"south":{"uv":[7.375,0.5,7.125,0.9375],"rotation":0,"texture":"#0","tintindex":0},"up":{"uv":[5.75,6.5,5.5,7.1875],"rotation":0,"texture":"#0","tintindex":0},"west":{"uv":[5.25,2.0,5.9375,2.4375],"rotation":0,"texture":"#0","tintindex":0}}},{"name":"cube","from":[8.113758,4.0048776,13.396924],"to":[8.113758,5.4328775,18.680523],"rotation":{"angle":0.0,"axis":"x","origin":[9.621883,2.5272887,4.4514184]},"faces":{"down":{"uv":[0.0,0.625,0.0,0.0],"rotation":0,"texture":"#0","tintindex":0},"east":{"uv":[7.125,0.3125,7.75,0.5],"rotation":0,"texture":"#0","tintindex":0},"north":{"uv":[0.0,0.0,0.0,0.1875],"rotation":0,"texture":"#0","tintindex":0},"south":{"uv":[0.0,0.0,0.0,0.1875],"rotation":0,"texture":"#0","tintindex":0},"up":{"uv":[0.0,0.0,0.0,0.625],"rotation":0,"texture":"#0","tintindex":0},"west":{"uv":[7.75,0.25,7.125,0.4375],"rotation":0,"texture":"#0","tintindex":0}}},{"name":"cube","from":[6.6857576,8.146078,18.680523],"to":[9.541758,9.574078,18.680523],"rotation":{"angle":0.0,"axis":"x","origin":[9.621883,3.5472884,4.4514184]},"faces":{"down":{"uv":[0.375,0.0,0.0,0.0],"rotation":0,"texture":"#0","tintindex":0},"east":{"uv":[0.0,0.0,0.0,0.1875],"rotation":0,"texture":"#0","tintindex":0},"north":{"uv":[1.875,7.625,1.5,7.8125],"rotation":0,"texture":"#0","tintindex":0},"south":{"uv":[1.5,7.625,1.875,7.8125],"rotation":0,"texture":"#0","tintindex":0},"up":{"uv":[0.375,0.0,0.0,0.0],"rotation":0,"texture":"#0","tintindex":0},"west":{"uv":[0.0,0.0,0.0,0.1875],"rotation":0,"texture":"#0","tintindex":0}}},{"name":"cube","from":[6.6857576,5.4328775,13.396924],"to":[9.541758,8.146078,18.680523],"rotation":{"angle":0.0,"axis":"x","origin":[9.621883,3.5472884,4.4514184]},"faces":{"down":{"uv":[3.25,6.625,2.875,6.0],"rotation":0,"texture":"#0","tintindex":0},"east":{"uv":[4.375,6.125,5.0,6.4375],"rotation":0,"texture":"#0","tintindex":0},"north":{"uv":[3.125,7.0,2.75,7.3125],"rotation":0,"texture":"#0","tintindex":0},"south":{"uv":[7.375,2.25,7.0,2.5625],"rotation":0,"texture":"#0","tintindex":0},"up":{"uv":[2.875,5.875,2.5,6.5],"rotation":0,"texture":"#0","tintindex":0},"west":{"uv":[5.0,6.125,4.375,6.4375],"rotation":0,"texture":"#0","tintindex":0}}},{"name":"cube","from":[6.6857576,8.110377,13.396924],"to":[6.6857576,9.574078,18.680523],"rotation":{"angle":0.0,"axis":"x","origin":[9.621883,3.5472884,4.4514184]},"faces":{"down":{"uv":[0.0,0.625,0.0,0.0],"rotation":0,"texture":"#0","tintindex":0},"east":{"uv":[7.25,7.0,6.625,7.1875],"rotation":0,"texture":"#0","tintindex":0},"north":{"uv":[0.0,0.0,0.0,0.1875],"rotation":0,"texture":"#0","tintindex":0},"south":{"uv":[0.0,0.0,0.0,0.1875],"rotation":0,"texture":"#0","tintindex":0},"up":{"uv":[0.0,0.0,0.0,0.625],"rotation":0,"texture":"#0","tintindex":0},"west":{"uv":[6.625,7.0,7.25,7.1875],"rotation":0,"texture":"#0","tintindex":0}}},{"name":"cube","from":[9.541758,8.110377,13.396924],"to":[9.541758,9.574078,18.680523],"rotation":{"angle":0.0,"axis":"x","origin":[9.621883,3.5472884,4.4514184]},"faces":{"down":{"uv":[0.0,0.625,0.0,0.0],"rotation":0,"texture":"#0","tintindex":0},"east":{"uv":[7.25,7.0,6.625,7.1875],"rotation":0,"texture":"#0","tintindex":0},"north":{"uv":[0.0,0.0,0.0,0.1875],"rotation":0,"texture":"#0","tintindex":0},"south":{"uv":[0.0,0.0,0.0,0.1875],"rotation":0,"texture":"#0","tintindex":0},"up":{"uv":[0.0,0.0,0.0,0.625],"rotation":0,"texture":"#0","tintindex":0},"west":{"uv":[6.625,7.0,7.25,7.1875],"rotation":0,"texture":"#0","tintindex":0}}},{"name":"cube","from":[7.4004717,4.9642973,19.490364],"to":[8.827044,7.74747,22.130741],"rotation":{"angle":-22.5,"axis":"x","origin":[9.264883,3.2616887,17.946018]},"faces":{"down":{"uv":[7.9375,1.5625,7.75,1.25],"rotation":0,"texture":"#0","tintindex":0},"east":{"uv":[3.5,7.25,3.8125,7.5625],"rotation":0,"texture":"#0","tintindex":0},"north":{"uv":[7.9375,0.0,7.75,0.3125],"rotation":0,"texture":"#0","tintindex":0},"south":{"uv":[7.8125,7.5,7.625,7.8125],"rotation":0,"texture":"#0","tintindex":0},"up":{"uv":[0.6875,7.75,0.5,8.0625],"rotation":0,"texture":"#0","tintindex":0},"west":{"uv":[3.8125,7.25,3.5,7.5625],"rotation":0,"texture":"#0","tintindex":0}}},{"name":"cube","from":[7.4004717,7.7488976,22.132164],"to":[8.827044,8.46147,22.130741],"rotation":{"angle":-22.5,"axis":"x","origin":[9.264883,3.2616887,17.946018]},"faces":{"down":{"uv":[0.1875,0.0,0.0,0.0],"rotation":0,"texture":"#0","tintindex":0},"east":{"uv":[0.0,0.0,0.0,0.0625],"rotation":0,"texture":"#0","tintindex":0},"north":{"uv":[8.0,1.1875,8.1875,1.25],"rotation":0,"texture":"#0","tintindex":0},"south":{"uv":[8.1875,1.25,8.0,1.3125],"rotation":0,"texture":"#0","tintindex":0},"up":{"uv":[0.1875,0.0,0.0,0.0],"rotation":0,"texture":"#0","tintindex":0},"west":{"uv":[0.0,0.0,0.0,0.0625],"rotation":0,"texture":"#0","tintindex":0}}},{"name":"cube","from":[8.113758,10.073877,12.111723],"to":[8.113758,11.501878,15.681724],"rotation":{"angle":0.0,"axis":"x","origin":[9.621883,3.3330884,4.7370186]},"faces":{"down":{"uv":[0.0,0.4375,0.0,0.0],"rotation":0,"texture":"#0","tintindex":0},"east":{"uv":[7.375,6.75,7.8125,6.9375],"rotation":0,"texture":"#0","tintindex":0},"north":{"uv":[0.0,0.0,0.0,0.1875],"rotation":0,"texture":"#0","tintindex":0},"south":{"uv":[0.0,0.0,0.0,0.1875],"rotation":0,"texture":"#0","tintindex":0},"up":{"uv":[0.0,0.0,0.0,0.4375],"rotation":0,"texture":"#0","tintindex":0},"west":{"uv":[7.8125,6.75,7.375,6.9375],"rotation":0,"texture":"#0","tintindex":0}}},{"name":"cube","from":[7.4004717,7.7488976,19.490364],"to":[7.3990436,8.46147,22.130741],"rotation":{"angle":-22.5,"axis":"x","origin":[9.264883,3.2616887,17.946018]},"faces":{"down":{"uv":[0.0,0.3125,0.0,0.0],"rotation":0,"texture":"#0","tintindex":0},"east":{"uv":[7.875,6.875,8.1875,6.9375],"rotation":0,"texture":"#0","tintindex":0},"north":{"uv":[0.0,0.0,0.0,0.0625],"rotation":0,"texture":"#0","tintindex":0},"south":{"uv":[0.0,0.0,0.0,0.0625],"rotation":0,"texture":"#0","tintindex":0},"up":{"uv":[0.0,0.0,0.0,0.3125],"rotation":0,"texture":"#0","tintindex":0},"west":{"uv":[8.1875,6.875,7.875,6.9375],"rotation":0,"texture":"#0","tintindex":0}}},{"name":"cube","from":[8.828472,7.7488976,19.490364],"to":[8.827044,8.46147,22.130741],"rotation":{"angle":-22.5,"axis":"x","origin":[9.264883,3.2616887,17.946018]},"faces":{"down":{"uv":[0.0,0.3125,0.0,0.0],"rotation":0,"texture":"#0","tintindex":0},"east":{"uv":[7.875,6.875,8.1875,6.9375],"rotation":0,"texture":"#0","tintindex":0},"north":{"uv":[0.0,0.0,0.0,0.0625],"rotation":0,"texture":"#0","tintindex":0},"south":{"uv":[0.0,0.0,0.0,0.0625],"rotation":0,"texture":"#0","tintindex":0},"up":{"uv":[0.0,0.0,0.0,0.3125],"rotation":0,"texture":"#0","tintindex":0},"west":{"uv":[8.1875,6.875,7.875,6.9375],"rotation":0,"texture":"#0","tintindex":0}}},{"name":"cube","from":[9.331026,7.362682,7.8277235],"to":[10.759027,8.790683,12.111723],"rotation":{"angle":22.5,"axis":"z","origin":[9.621883,3.3330884,4.7370186]},"faces":{"down":{"uv":[2.0625,7.875,1.875,7.375],"rotation":0,"texture":"#0","tintindex":0},"east":{"uv":[7.75,7.0,7.25,7.1875],"rotation":0,"texture":"#0","tintindex":0},"north":{"uv":[1.6875,7.875,1.5,8.0625],"rotation":0,"texture":"#0","tintindex":0},"south":{"uv":[1.4375,7.875,1.25,8.0625],"rotation":0,"texture":"#0","tintindex":0},"up":{"uv":[1.4375,7.375,1.25,7.875],"rotation":0,"texture":"#0","tintindex":0},"west":{"uv":[7.25,7.0625,7.75,7.25],"rotation":0,"texture":"#0","tintindex":0}}}],"display":{"head":{"translation":[0.0,-6.4,0.0],"rotation":[0.0,0.0,0.0],"scale":[3.8095,3.8095,3.8095]}}}