{"textures":{"0":"modelengine:entity/vs_crab_mount"},"elements":[{"name":"cube","from":[6.598778,7.296629,7.3483496],"to":[8.944778,9.540628,12.142349],"rotation":{"angle":0.0,"axis":"x","origin":[7.306718,-1.079402,-4.5689754]},"faces":{"down":{"uv":[6.8125,4.1875,6.5,3.625],"rotation":0,"texture":"#0","tintindex":0},"east":{"uv":[6.75,5.5,7.3125,5.75],"rotation":0,"texture":"#0","tintindex":0},"north":{"uv":[7.5625,7.5,7.25,7.75],"rotation":0,"texture":"#0","tintindex":0},"south":{"uv":[7.1875,7.5,6.875,7.75],"rotation":0,"texture":"#0","tintindex":0},"up":{"uv":[2.6875,6.5,2.375,7.0625],"rotation":0,"texture":"#0","tintindex":0},"west":{"uv":[7.3125,5.5,6.75,5.75],"rotation":0,"texture":"#0","tintindex":0}}},{"name":"cube","from":[5.9867773,5.1129856,9.603613],"to":[9.556778,9.294987,15.009614],"rotation":{"angle":22.5,"axis":"x","origin":[8.581718,4.887599,14.658024]},"faces":{"down":{"uv":[4.9375,6.0625,4.5,5.375],"rotation":0,"texture":"#0","tintindex":0},"east":{"uv":[5.6875,1.25,5.0,1.75],"rotation":0,"texture":"#0","tintindex":0},"north":{"uv":[5.4375,6.0,5.0,6.5],"rotation":0,"texture":"#0","tintindex":0},"south":{"uv":[6.4375,3.75,6.0,4.25],"rotation":0,"texture":"#0","tintindex":0},"up":{"uv":[4.4375,5.375,4.0,6.0625],"rotation":0,"texture":"#0","tintindex":0},"west":{"uv":[5.6875,1.25,5.0,1.75],"rotation":0,"texture":"#0","tintindex":0}}},{"name":"cube","from":[7.8227777,9.294987,9.603613],"to":[7.8227777,12.354986,15.009614],"rotation":{"angle":22.5,"axis":"x","origin":[8.581718,4.887599,14.658024]},"faces":{"down":{"uv":[0.0,0.6875,0.0,0.0],"rotation":0,"texture":"#0","tintindex":0},"east":{"uv":[5.75,4.875,6.4375,5.25],"rotation":0,"texture":"#0","tintindex":0},"north":{"uv":[0.0,0.0,0.0,0.375],"rotation":0,"texture":"#0","tintindex":0},"south":{"uv":[0.0,0.0,0.0,0.375],"rotation":0,"texture":"#0","tintindex":0},"up":{"uv":[0.0,0.0,0.0,0.6875],"rotation":0,"texture":"#0","tintindex":0},"west":{"uv":[6.4375,4.875,5.75,5.25],"rotation":0,"texture":"#0","tintindex":0}}},{"name":"cube","from":[8.5367775,5.9289856,12.663613],"to":[7.006778,8.478986,17.457613],"rotation":{"angle":22.5,"axis":"x","origin":[8.581718,4.887599,14.658024]},"faces":{"down":{"uv":[1.1875,7.8125,1.0,7.25],"rotation":0,"texture":"#0","tintindex":0},"east":{"uv":[7.0625,4.25,6.5,4.5625],"rotation":0,"texture":"#0","tintindex":0},"north":{"uv":[2.3125,7.75,2.125,8.0625],"rotation":0,"texture":"#0","tintindex":0},"south":{"uv":[7.9375,1.625,7.75,1.9375],"rotation":0,"texture":"#0","tintindex":0},"up":{"uv":[0.9375,7.25,0.75,7.8125],"rotation":0,"texture":"#0","tintindex":0},"west":{"uv":[6.5,4.25,7.0625,4.5625],"rotation":0,"texture":"#0","tintindex":0}}},{"name":"cube","from":[6.394778,1.1109357,17.520859],"to":[9.148778,4.6809363,21.80486],"rotation":{"angle":45.0,"axis":"x","origin":[8.581718,4.887599,21.798027]},"faces":{"down":{"uv":[7.0625,3.25,6.75,2.75],"rotation":0,"texture":"#0","tintindex":0},"east":{"uv":[6.0,5.75,6.5,6.1875],"rotation":0,"texture":"#0","tintindex":0},"north":{"uv":[2.3125,6.875,2.0,7.3125],"rotation":0,"texture":"#0","tintindex":0},"south":{"uv":[1.5625,6.875,1.25,7.3125],"rotation":0,"texture":"#0","tintindex":0},"up":{"uv":[7.0625,0.0,6.75,0.5],"rotation":0,"texture":"#0","tintindex":0},"west":{"uv":[6.5,5.75,6.0,6.1875],"rotation":0,"texture":"#0","tintindex":0}}},{"name":"cube","from":[6.9047775,-2.127645,21.759384],"to":[8.638778,4.6043553,24.513382],"rotation":{"angle":-22.5,"axis":"x","origin":[8.581718,-5.0574017,22.512024]},"faces":{"down":{"uv":[7.9375,4.5625,7.75,4.25],"rotation":0,"texture":"#0","tintindex":0},"east":{"uv":[1.625,5.75,1.9375,6.5625],"rotation":0,"texture":"#0","tintindex":0},"north":{"uv":[4.3125,6.75,4.125,7.5625],"rotation":0,"texture":"#0","tintindex":0},"south":{"uv":[4.0625,6.75,3.875,7.5625],"rotation":0,"texture":"#0","tintindex":0},"up":{"uv":[7.9375,3.875,7.75,4.1875],"rotation":0,"texture":"#0","tintindex":0},"west":{"uv":[1.9375,5.75,1.625,6.5625],"rotation":0,"texture":"#0","tintindex":0}}}],"display":{"head":{"translation":[0.0,-6.4,0.0],"rotation":[0.0,0.0,0.0],"scale":[3.8095,3.8095,3.8095]}}}