{"textures":{"0":"modelengine:entity/vs_crab_mount"},"elements":[{"name":"cube","from":[5.6716876,6.557188,2.9200625],"to":[11.077688,9.923189,8.020063],"rotation":{"angle":0.0,"axis":"x","origin":[6.502186,-0.7822404,12.726562]},"faces":{"down":{"uv":[5.1875,1.875,4.5,2.5],"rotation":0,"texture":"#0","tintindex":0},"east":{"uv":[4.0,5.625,3.375,6.0625],"rotation":0,"texture":"#0","tintindex":0},"north":{"uv":[2.25,5.375,2.9375,5.8125],"rotation":0,"texture":"#0","tintindex":0},"south":{"uv":[5.375,3.25,6.0625,3.6875],"rotation":0,"texture":"#0","tintindex":0},"up":{"uv":[4.9375,1.875,4.25,1.25],"rotation":0,"texture":"#0","tintindex":0},"west":{"uv":[3.375,5.625,4.0,6.0625],"rotation":0,"texture":"#0","tintindex":0}}},{"name":"cube","from":[5.6716876,6.557188,-3.1999373],"to":[11.077688,10.4331875,1.900063],"rotation":{"angle":0.0,"axis":"x","origin":[6.502186,-0.7822404,12.726562]},"faces":{"down":{"uv":[5.1875,3.875,4.5,4.5],"rotation":0,"texture":"#0","tintindex":0},"east":{"uv":[2.25,5.25,1.625,5.75],"rotation":0,"texture":"#0","tintindex":0},"north":{"uv":[0.625,4.875,1.3125,5.375],"rotation":0,"texture":"#0","tintindex":0},"south":{"uv":[4.25,4.875,4.9375,5.375],"rotation":0,"texture":"#0","tintindex":0},"up":{"uv":[4.1875,5.125,3.5,4.5],"rotation":0,"texture":"#0","tintindex":0},"west":{"uv":[1.625,5.25,2.25,5.75],"rotation":0,"texture":"#0","tintindex":0}}},{"name":"cube","from":[8.221688,10.331188,-3.1999373],"to":[8.221688,12.473189,0.8800626],"rotation":{"angle":0.0,"axis":"x","origin":[6.502186,-0.7822404,12.726562]},"faces":{"down":{"uv":[0.0,0.0,0.0,0.5],"rotation":0,"texture":"#0","tintindex":0},"east":{"uv":[6.875,6.75,7.375,7.0],"rotation":0,"texture":"#0","tintindex":0},"north":{"uv":[0.0,0.0,0.0,0.25],"rotation":0,"texture":"#0","tintindex":0},"south":{"uv":[0.0,0.0,0.0,0.25],"rotation":0,"texture":"#0","tintindex":0},"up":{"uv":[0.0,0.5,0.0,0.0],"rotation":0,"texture":"#0","tintindex":0},"west":{"uv":[7.375,6.75,6.875,7.0],"rotation":0,"texture":"#0","tintindex":0}}},{"name":"cube","from":[6.385688,7.577189,0.8800626],"to":[10.3636875,9.413189,3.9400632],"rotation":{"angle":0.0,"axis":"x","origin":[6.502186,-0.7822404,12.726562]},"faces":{"down":{"uv":[1.0,6.5,0.5,6.875],"rotation":0,"texture":"#0","tintindex":0},"east":{"uv":[7.375,4.5,7.75,4.75],"rotation":0,"texture":"#0","tintindex":0},"north":{"uv":[6.875,6.0,7.375,6.25],"rotation":0,"texture":"#0","tintindex":0},"south":{"uv":[6.875,6.5,7.375,6.75],"rotation":0,"texture":"#0","tintindex":0},"up":{"uv":[0.5,6.875,0.0,6.5],"rotation":0,"texture":"#0","tintindex":0},"west":{"uv":[7.375,4.5,7.75,4.75],"rotation":0,"texture":"#0","tintindex":0}}},{"name":"cube","from":[8.323688,7.577189,0.8800626],"to":[8.323688,11.963189,3.9400632],"rotation":{"angle":0.0,"axis":"x","origin":[6.502186,-0.7822404,12.726562]},"faces":{"down":{"uv":[0.0,0.0,0.0,0.375],"rotation":0,"texture":"#0","tintindex":0},"east":{"uv":[6.5,4.25,6.125,4.8125],"rotation":0,"texture":"#0","tintindex":0},"north":{"uv":[0.0,0.0,0.0,0.5625],"rotation":0,"texture":"#0","tintindex":0},"south":{"uv":[0.0,0.0,0.0,0.5625],"rotation":0,"texture":"#0","tintindex":0},"up":{"uv":[0.0,0.375,0.0,0.0],"rotation":0,"texture":"#0","tintindex":0},"west":{"uv":[6.125,4.25,6.5,4.8125],"rotation":0,"texture":"#0","tintindex":0}}}],"display":{"head":{"translation":[0.0,-6.4,0.0],"rotation":[0.0,0.0,0.0],"scale":[3.8095,3.8095,3.8095]}}}