{"textures":{"0":"modelengine:entity/vs_crab_mount"},"elements":[{"name":"cube","from":[6.5526,6.9988756,4.269125],"to":[8.8986,9.242876,9.063126],"rotation":{"angle":0.0,"axis":"x","origin":[7.2605395,-1.3771548,20.98045]},"faces":{"down":{"uv":[6.8125,3.625,6.5,4.1875],"rotation":0,"texture":"#0","tintindex":0},"east":{"uv":[7.3125,5.5,6.75,5.75],"rotation":0,"texture":"#0","tintindex":0},"north":{"uv":[6.875,7.5,7.1875,7.75],"rotation":0,"texture":"#0","tintindex":0},"south":{"uv":[7.25,7.5,7.5625,7.75],"rotation":0,"texture":"#0","tintindex":0},"up":{"uv":[2.6875,7.0625,2.375,6.5],"rotation":0,"texture":"#0","tintindex":0},"west":{"uv":[6.75,5.5,7.3125,5.75],"rotation":0,"texture":"#0","tintindex":0}}},{"name":"cube","from":[5.9405994,4.8152328,1.4018617],"to":[9.510599,8.997232,6.8078623],"rotation":{"angle":-22.5,"axis":"x","origin":[8.53554,4.589845,1.7534494]},"faces":{"down":{"uv":[4.9375,5.375,4.5,6.0625],"rotation":0,"texture":"#0","tintindex":0},"east":{"uv":[5.0,1.25,5.6875,1.75],"rotation":0,"texture":"#0","tintindex":0},"north":{"uv":[6.0,3.75,6.4375,4.25],"rotation":0,"texture":"#0","tintindex":0},"south":{"uv":[5.0,6.0,5.4375,6.5],"rotation":0,"texture":"#0","tintindex":0},"up":{"uv":[4.4375,6.0625,4.0,5.375],"rotation":0,"texture":"#0","tintindex":0},"west":{"uv":[5.0,1.25,5.6875,1.75],"rotation":0,"texture":"#0","tintindex":0}}},{"name":"cube","from":[7.7766,8.997232,1.4018617],"to":[7.7766,12.057233,6.8078623],"rotation":{"angle":-22.5,"axis":"x","origin":[8.53554,4.589845,1.7534494]},"faces":{"down":{"uv":[0.0,0.0,0.0,0.6875],"rotation":0,"texture":"#0","tintindex":0},"east":{"uv":[6.4375,4.875,5.75,5.25],"rotation":0,"texture":"#0","tintindex":0},"north":{"uv":[0.0,0.0,0.0,0.375],"rotation":0,"texture":"#0","tintindex":0},"south":{"uv":[0.0,0.0,0.0,0.375],"rotation":0,"texture":"#0","tintindex":0},"up":{"uv":[0.0,0.6875,0.0,0.0],"rotation":0,"texture":"#0","tintindex":0},"west":{"uv":[5.75,4.875,6.4375,5.25],"rotation":0,"texture":"#0","tintindex":0}}},{"name":"cube","from":[8.4906,5.6312323,-1.0461397],"to":[6.9606,8.181232,3.7478616],"rotation":{"angle":-22.5,"axis":"x","origin":[8.53554,4.589845,1.7534494]},"faces":{"down":{"uv":[1.1875,7.25,1.0,7.8125],"rotation":0,"texture":"#0","tintindex":0},"east":{"uv":[6.5,4.25,7.0625,4.5625],"rotation":0,"texture":"#0","tintindex":0},"north":{"uv":[7.75,1.625,7.9375,1.9375],"rotation":0,"texture":"#0","tintindex":0},"south":{"uv":[2.125,7.75,2.3125,8.0625],"rotation":0,"texture":"#0","tintindex":0},"up":{"uv":[0.9375,7.8125,0.75,7.25],"rotation":0,"texture":"#0","tintindex":0},"west":{"uv":[7.0625,4.25,6.5,4.5625],"rotation":0,"texture":"#0","tintindex":0}}},{"name":"cube","from":[6.3485994,0.81318283,-5.393384],"to":[9.1026,4.3831825,-1.1093817],"rotation":{"angle":-45.0,"axis":"x","origin":[8.53554,4.589845,-5.386552]},"faces":{"down":{"uv":[7.0625,2.75,6.75,3.25],"rotation":0,"texture":"#0","tintindex":0},"east":{"uv":[6.5,5.75,6.0,6.1875],"rotation":0,"texture":"#0","tintindex":0},"north":{"uv":[1.25,6.875,1.5625,7.3125],"rotation":0,"texture":"#0","tintindex":0},"south":{"uv":[2.0,6.875,2.3125,7.3125],"rotation":0,"texture":"#0","tintindex":0},"up":{"uv":[7.0625,0.5,6.75,0.0],"rotation":0,"texture":"#0","tintindex":0},"west":{"uv":[6.0,5.75,6.5,6.1875],"rotation":0,"texture":"#0","tintindex":0}}},{"name":"cube","from":[6.8585997,-2.4253988,-8.101908],"to":[8.5926,4.3066015,-5.347907],"rotation":{"angle":22.5,"axis":"x","origin":[8.53554,-5.355155,-6.1005507]},"faces":{"down":{"uv":[7.9375,4.25,7.75,4.5625],"rotation":0,"texture":"#0","tintindex":0},"east":{"uv":[1.9375,5.75,1.625,6.5625],"rotation":0,"texture":"#0","tintindex":0},"north":{"uv":[3.875,6.75,4.0625,7.5625],"rotation":0,"texture":"#0","tintindex":0},"south":{"uv":[4.125,6.75,4.3125,7.5625],"rotation":0,"texture":"#0","tintindex":0},"up":{"uv":[7.9375,4.1875,7.75,3.875],"rotation":0,"texture":"#0","tintindex":0},"west":{"uv":[1.625,5.75,1.9375,6.5625],"rotation":0,"texture":"#0","tintindex":0}}}],"display":{"head":{"translation":[0.0,-6.4,0.0],"rotation":[0.0,0.0,0.0],"scale":[3.8095,3.8095,3.8095]}}}