{"textures":{"0":"modelengine:entity/vs_crab_mount"},"elements":[{"name":"cube","from":[5.4681787,6.6860094,7.604456],"to":[10.874178,10.05201,12.704455],"rotation":{"angle":0.0,"axis":"x","origin":[6.2986765,-0.6534195,2.8979576]},"faces":{"down":{"uv":[5.1875,2.5,4.5,1.875],"rotation":0,"texture":"#0","tintindex":0},"east":{"uv":[3.375,5.625,4.0,6.0625],"rotation":0,"texture":"#0","tintindex":0},"north":{"uv":[6.0625,3.25,5.375,3.6875],"rotation":0,"texture":"#0","tintindex":0},"south":{"uv":[2.9375,5.375,2.25,5.8125],"rotation":0,"texture":"#0","tintindex":0},"up":{"uv":[4.9375,1.25,4.25,1.875],"rotation":0,"texture":"#0","tintindex":0},"west":{"uv":[4.0,5.625,3.375,6.0625],"rotation":0,"texture":"#0","tintindex":0}}},{"name":"cube","from":[5.4681787,6.6860094,13.724456],"to":[10.874178,10.56201,18.824455],"rotation":{"angle":0.0,"axis":"x","origin":[6.2986765,-0.6534195,2.8979576]},"faces":{"down":{"uv":[5.1875,4.5,4.5,3.875],"rotation":0,"texture":"#0","tintindex":0},"east":{"uv":[1.625,5.25,2.25,5.75],"rotation":0,"texture":"#0","tintindex":0},"north":{"uv":[4.9375,4.875,4.25,5.375],"rotation":0,"texture":"#0","tintindex":0},"south":{"uv":[1.3125,4.875,0.625,5.375],"rotation":0,"texture":"#0","tintindex":0},"up":{"uv":[4.1875,4.5,3.5,5.125],"rotation":0,"texture":"#0","tintindex":0},"west":{"uv":[2.25,5.25,1.625,5.75],"rotation":0,"texture":"#0","tintindex":0}}},{"name":"cube","from":[8.018179,10.46001,14.744456],"to":[8.018179,12.60201,18.824455],"rotation":{"angle":0.0,"axis":"x","origin":[6.2986765,-0.6534195,2.8979576]},"faces":{"down":{"uv":[0.0,0.5,0.0,0.0],"rotation":0,"texture":"#0","tintindex":0},"east":{"uv":[7.375,6.75,6.875,7.0],"rotation":0,"texture":"#0","tintindex":0},"north":{"uv":[0.0,0.0,0.0,0.25],"rotation":0,"texture":"#0","tintindex":0},"south":{"uv":[0.0,0.0,0.0,0.25],"rotation":0,"texture":"#0","tintindex":0},"up":{"uv":[0.0,0.0,0.0,0.5],"rotation":0,"texture":"#0","tintindex":0},"west":{"uv":[6.875,6.75,7.375,7.0],"rotation":0,"texture":"#0","tintindex":0}}},{"name":"cube","from":[6.1821785,7.7060094,11.684457],"to":[10.160179,9.54201,14.744456],"rotation":{"angle":0.0,"axis":"x","origin":[6.2986765,-0.6534195,2.8979576]},"faces":{"down":{"uv":[1.0,6.875,0.5,6.5],"rotation":0,"texture":"#0","tintindex":0},"east":{"uv":[7.75,4.5,7.375,4.75],"rotation":0,"texture":"#0","tintindex":0},"north":{"uv":[7.375,6.5,6.875,6.75],"rotation":0,"texture":"#0","tintindex":0},"south":{"uv":[7.375,6.0,6.875,6.25],"rotation":0,"texture":"#0","tintindex":0},"up":{"uv":[0.5,6.5,0.0,6.875],"rotation":0,"texture":"#0","tintindex":0},"west":{"uv":[7.75,4.5,7.375,4.75],"rotation":0,"texture":"#0","tintindex":0}}},{"name":"cube","from":[8.120178,7.7060094,11.684457],"to":[8.120178,12.0920105,14.744456],"rotation":{"angle":0.0,"axis":"x","origin":[6.2986765,-0.6534195,2.8979576]},"faces":{"down":{"uv":[0.0,0.375,0.0,0.0],"rotation":0,"texture":"#0","tintindex":0},"east":{"uv":[6.125,4.25,6.5,4.8125],"rotation":0,"texture":"#0","tintindex":0},"north":{"uv":[0.0,0.0,0.0,0.5625],"rotation":0,"texture":"#0","tintindex":0},"south":{"uv":[0.0,0.0,0.0,0.5625],"rotation":0,"texture":"#0","tintindex":0},"up":{"uv":[0.0,0.0,0.0,0.375],"rotation":0,"texture":"#0","tintindex":0},"west":{"uv":[6.5,4.25,6.125,4.8125],"rotation":0,"texture":"#0","tintindex":0}}}],"display":{"head":{"translation":[0.0,-6.4,0.0],"rotation":[0.0,0.0,0.0],"scale":[3.8095,3.8095,3.8095]}}}