{"textures":{"0":"modelengine:entity/vs_crab_mount"},"elements":[{"name":"cube","from":[4.3966875,6.490841,2.6650634],"to":[9.802688,9.85684,7.7650633],"rotation":{"angle":0.0,"axis":"x","origin":[8.97219,-0.848588,12.471561]},"faces":{"down":{"uv":[4.5,1.875,5.1875,2.5],"rotation":0,"texture":"#0","tintindex":0},"east":{"uv":[4.0,5.625,3.375,6.0625],"rotation":0,"texture":"#0","tintindex":0},"north":{"uv":[2.9375,5.375,2.25,5.8125],"rotation":0,"texture":"#0","tintindex":0},"south":{"uv":[6.0625,3.25,5.375,3.6875],"rotation":0,"texture":"#0","tintindex":0},"up":{"uv":[4.25,1.875,4.9375,1.25],"rotation":0,"texture":"#0","tintindex":0},"west":{"uv":[3.375,5.625,4.0,6.0625],"rotation":0,"texture":"#0","tintindex":0}}},{"name":"cube","from":[4.3966875,6.490841,-3.4549365],"to":[9.802688,10.36684,1.6450629],"rotation":{"angle":0.0,"axis":"x","origin":[8.97219,-0.848588,12.471561]},"faces":{"down":{"uv":[4.5,3.875,5.1875,4.5],"rotation":0,"texture":"#0","tintindex":0},"east":{"uv":[2.25,5.25,1.625,5.75],"rotation":0,"texture":"#0","tintindex":0},"north":{"uv":[1.3125,4.875,0.625,5.375],"rotation":0,"texture":"#0","tintindex":0},"south":{"uv":[4.9375,4.875,4.25,5.375],"rotation":0,"texture":"#0","tintindex":0},"up":{"uv":[3.5,5.125,4.1875,4.5],"rotation":0,"texture":"#0","tintindex":0},"west":{"uv":[1.625,5.25,2.25,5.75],"rotation":0,"texture":"#0","tintindex":0}}},{"name":"cube","from":[7.2526875,10.264841,-3.4549365],"to":[7.2526875,12.40684,0.62506366],"rotation":{"angle":0.0,"axis":"x","origin":[8.97219,-0.848588,12.471561]},"faces":{"down":{"uv":[0.0,0.0,0.0,0.5],"rotation":0,"texture":"#0","tintindex":0},"east":{"uv":[6.875,6.75,7.375,7.0],"rotation":0,"texture":"#0","tintindex":0},"north":{"uv":[0.0,0.0,0.0,0.25],"rotation":0,"texture":"#0","tintindex":0},"south":{"uv":[0.0,0.0,0.0,0.25],"rotation":0,"texture":"#0","tintindex":0},"up":{"uv":[0.0,0.5,0.0,0.0],"rotation":0,"texture":"#0","tintindex":0},"west":{"uv":[7.375,6.75,6.875,7.0],"rotation":0,"texture":"#0","tintindex":0}}},{"name":"cube","from":[5.1106877,7.5108404,0.62506366],"to":[9.088688,9.346842,3.6850634],"rotation":{"angle":0.0,"axis":"x","origin":[8.97219,-0.848588,12.471561]},"faces":{"down":{"uv":[0.5,6.5,1.0,6.875],"rotation":0,"texture":"#0","tintindex":0},"east":{"uv":[7.75,4.5,7.375,4.75],"rotation":0,"texture":"#0","tintindex":0},"north":{"uv":[7.375,6.0,6.875,6.25],"rotation":0,"texture":"#0","tintindex":0},"south":{"uv":[7.375,6.5,6.875,6.75],"rotation":0,"texture":"#0","tintindex":0},"up":{"uv":[0.0,6.875,0.5,6.5],"rotation":0,"texture":"#0","tintindex":0},"west":{"uv":[7.75,4.5,7.375,4.75],"rotation":0,"texture":"#0","tintindex":0}}},{"name":"cube","from":[7.150688,7.5108404,0.62506366],"to":[7.150688,11.896842,3.6850634],"rotation":{"angle":0.0,"axis":"x","origin":[8.97219,-0.848588,12.471561]},"faces":{"down":{"uv":[0.0,0.0,0.0,0.375],"rotation":0,"texture":"#0","tintindex":0},"east":{"uv":[6.5,4.25,6.125,4.8125],"rotation":0,"texture":"#0","tintindex":0},"north":{"uv":[0.0,0.0,0.0,0.5625],"rotation":0,"texture":"#0","tintindex":0},"south":{"uv":[0.0,0.0,0.0,0.5625],"rotation":0,"texture":"#0","tintindex":0},"up":{"uv":[0.0,0.375,0.0,0.0],"rotation":0,"texture":"#0","tintindex":0},"west":{"uv":[6.125,4.25,6.5,4.8125],"rotation":0,"texture":"#0","tintindex":0}}}],"display":{"head":{"translation":[0.0,-6.4,0.0],"rotation":[0.0,0.0,0.0],"scale":[3.8095,3.8095,3.8095]}}}