{"textures":{"0":"modelengine:entity/vs_crab_mount"},"elements":[{"name":"cube","from":[6.8825808,6.7889767,4.528833],"to":[9.22858,9.032977,9.322833],"rotation":{"angle":0.0,"axis":"x","origin":[8.520641,-1.5870543,21.240158]},"faces":{"down":{"uv":[6.5,3.625,6.8125,4.1875],"rotation":0,"texture":"#0","tintindex":0},"east":{"uv":[7.3125,5.5,6.75,5.75],"rotation":0,"texture":"#0","tintindex":0},"north":{"uv":[7.1875,7.5,6.875,7.75],"rotation":0,"texture":"#0","tintindex":0},"south":{"uv":[7.5625,7.5,7.25,7.75],"rotation":0,"texture":"#0","tintindex":0},"up":{"uv":[2.375,7.0625,2.6875,6.5],"rotation":0,"texture":"#0","tintindex":0},"west":{"uv":[6.75,5.5,7.3125,5.75],"rotation":0,"texture":"#0","tintindex":0}}},{"name":"cube","from":[6.2705803,4.6053324,1.6615694],"to":[9.840581,8.787333,7.0675697],"rotation":{"angle":-22.5,"axis":"x","origin":[7.2456408,4.3799458,2.013157]},"faces":{"down":{"uv":[4.5,5.375,4.9375,6.0625],"rotation":0,"texture":"#0","tintindex":0},"east":{"uv":[5.6875,1.25,5.0,1.75],"rotation":0,"texture":"#0","tintindex":0},"north":{"uv":[6.4375,3.75,6.0,4.25],"rotation":0,"texture":"#0","tintindex":0},"south":{"uv":[5.4375,6.0,5.0,6.5],"rotation":0,"texture":"#0","tintindex":0},"up":{"uv":[4.0,6.0625,4.4375,5.375],"rotation":0,"texture":"#0","tintindex":0},"west":{"uv":[5.6875,1.25,5.0,1.75],"rotation":0,"texture":"#0","tintindex":0}}},{"name":"cube","from":[8.0045805,8.787333,1.6615694],"to":[8.0045805,11.847333,7.0675697],"rotation":{"angle":-22.5,"axis":"x","origin":[7.2456408,4.3799458,2.013157]},"faces":{"down":{"uv":[0.0,0.0,0.0,0.6875],"rotation":0,"texture":"#0","tintindex":0},"east":{"uv":[6.4375,4.875,5.75,5.25],"rotation":0,"texture":"#0","tintindex":0},"north":{"uv":[0.0,0.0,0.0,0.375],"rotation":0,"texture":"#0","tintindex":0},"south":{"uv":[0.0,0.0,0.0,0.375],"rotation":0,"texture":"#0","tintindex":0},"up":{"uv":[0.0,0.6875,0.0,0.0],"rotation":0,"texture":"#0","tintindex":0},"west":{"uv":[5.75,4.875,6.4375,5.25],"rotation":0,"texture":"#0","tintindex":0}}},{"name":"cube","from":[8.820581,5.4213333,-0.78642964],"to":[7.2905807,7.9713326,4.0075703],"rotation":{"angle":-22.5,"axis":"x","origin":[7.2456408,4.3799458,2.013157]},"faces":{"down":{"uv":[1.0,7.25,1.1875,7.8125],"rotation":0,"texture":"#0","tintindex":0},"east":{"uv":[6.5,4.25,7.0625,4.5625],"rotation":0,"texture":"#0","tintindex":0},"north":{"uv":[7.9375,1.625,7.75,1.9375],"rotation":0,"texture":"#0","tintindex":0},"south":{"uv":[2.3125,7.75,2.125,8.0625],"rotation":0,"texture":"#0","tintindex":0},"up":{"uv":[0.75,7.8125,0.9375,7.25],"rotation":0,"texture":"#0","tintindex":0},"west":{"uv":[7.0625,4.25,6.5,4.5625],"rotation":0,"texture":"#0","tintindex":0}}},{"name":"cube","from":[6.6785803,0.60328317,-5.1336737],"to":[9.432581,4.173283,-0.8496742],"rotation":{"angle":-45.0,"axis":"x","origin":[7.2456408,4.3799458,-5.1268415]},"faces":{"down":{"uv":[6.75,2.75,7.0625,3.25],"rotation":0,"texture":"#0","tintindex":0},"east":{"uv":[6.5,5.75,6.0,6.1875],"rotation":0,"texture":"#0","tintindex":0},"north":{"uv":[1.5625,6.875,1.25,7.3125],"rotation":0,"texture":"#0","tintindex":0},"south":{"uv":[2.3125,6.875,2.0,7.3125],"rotation":0,"texture":"#0","tintindex":0},"up":{"uv":[6.75,0.5,7.0625,0.0],"rotation":0,"texture":"#0","tintindex":0},"west":{"uv":[6.0,5.75,6.5,6.1875],"rotation":0,"texture":"#0","tintindex":0}}},{"name":"cube","from":[7.1885805,-2.6352983,-7.8422003],"to":[8.922581,4.096702,-5.0881996],"rotation":{"angle":22.5,"axis":"x","origin":[7.2456408,-5.565055,-5.840843]},"faces":{"down":{"uv":[7.75,4.25,7.9375,4.5625],"rotation":0,"texture":"#0","tintindex":0},"east":{"uv":[1.9375,5.75,1.625,6.5625],"rotation":0,"texture":"#0","tintindex":0},"north":{"uv":[4.0625,6.75,3.875,7.5625],"rotation":0,"texture":"#0","tintindex":0},"south":{"uv":[4.3125,6.75,4.125,7.5625],"rotation":0,"texture":"#0","tintindex":0},"up":{"uv":[7.75,4.1875,7.9375,3.875],"rotation":0,"texture":"#0","tintindex":0},"west":{"uv":[1.625,5.75,1.9375,6.5625],"rotation":0,"texture":"#0","tintindex":0}}}],"display":{"head":{"translation":[0.0,-6.4,0.0],"rotation":[0.0,0.0,0.0],"scale":[3.8095,3.8095,3.8095]}}}