{"textures":{"0":"modelengine:entity/vs_crab_mount"},"elements":[{"name":"cube","from":[6.8825803,6.7889767,6.677167],"to":[9.22858,9.032977,11.471168],"rotation":{"angle":0.0,"axis":"x","origin":[8.52064,-1.5870538,-5.240158]},"faces":{"down":{"uv":[6.5,4.1875,6.8125,3.625],"rotation":0,"texture":"#0","tintindex":0},"east":{"uv":[6.75,5.5,7.3125,5.75],"rotation":0,"texture":"#0","tintindex":0},"north":{"uv":[7.25,7.5,7.5625,7.75],"rotation":0,"texture":"#0","tintindex":0},"south":{"uv":[6.875,7.5,7.1875,7.75],"rotation":0,"texture":"#0","tintindex":0},"up":{"uv":[2.375,6.5,2.6875,7.0625],"rotation":0,"texture":"#0","tintindex":0},"west":{"uv":[7.3125,5.5,6.75,5.75],"rotation":0,"texture":"#0","tintindex":0}}},{"name":"cube","from":[6.2705803,4.6053333,8.93243],"to":[9.84058,8.787333,14.338429],"rotation":{"angle":22.5,"axis":"x","origin":[7.2456403,4.379946,13.986842]},"faces":{"down":{"uv":[4.5,6.0625,4.9375,5.375],"rotation":0,"texture":"#0","tintindex":0},"east":{"uv":[5.0,1.25,5.6875,1.75],"rotation":0,"texture":"#0","tintindex":0},"north":{"uv":[5.0,6.0,5.4375,6.5],"rotation":0,"texture":"#0","tintindex":0},"south":{"uv":[6.0,3.75,6.4375,4.25],"rotation":0,"texture":"#0","tintindex":0},"up":{"uv":[4.0,5.375,4.4375,6.0625],"rotation":0,"texture":"#0","tintindex":0},"west":{"uv":[5.0,1.25,5.6875,1.75],"rotation":0,"texture":"#0","tintindex":0}}},{"name":"cube","from":[8.00458,8.787333,8.93243],"to":[8.00458,11.847333,14.338429],"rotation":{"angle":22.5,"axis":"x","origin":[7.2456403,4.379946,13.986842]},"faces":{"down":{"uv":[0.0,0.6875,0.0,0.0],"rotation":0,"texture":"#0","tintindex":0},"east":{"uv":[5.75,4.875,6.4375,5.25],"rotation":0,"texture":"#0","tintindex":0},"north":{"uv":[0.0,0.0,0.0,0.375],"rotation":0,"texture":"#0","tintindex":0},"south":{"uv":[0.0,0.0,0.0,0.375],"rotation":0,"texture":"#0","tintindex":0},"up":{"uv":[0.0,0.0,0.0,0.6875],"rotation":0,"texture":"#0","tintindex":0},"west":{"uv":[6.4375,4.875,5.75,5.25],"rotation":0,"texture":"#0","tintindex":0}}},{"name":"cube","from":[8.8205805,5.4213333,11.99243],"to":[7.2905803,7.9713335,16.78643],"rotation":{"angle":22.5,"axis":"x","origin":[7.2456403,4.379946,13.986842]},"faces":{"down":{"uv":[1.0,7.8125,1.1875,7.25],"rotation":0,"texture":"#0","tintindex":0},"east":{"uv":[7.0625,4.25,6.5,4.5625],"rotation":0,"texture":"#0","tintindex":0},"north":{"uv":[2.125,7.75,2.3125,8.0625],"rotation":0,"texture":"#0","tintindex":0},"south":{"uv":[7.75,1.625,7.9375,1.9375],"rotation":0,"texture":"#0","tintindex":0},"up":{"uv":[0.75,7.25,0.9375,7.8125],"rotation":0,"texture":"#0","tintindex":0},"west":{"uv":[6.5,4.25,7.0625,4.5625],"rotation":0,"texture":"#0","tintindex":0}}},{"name":"cube","from":[6.6785803,0.6032839,16.849674],"to":[9.43258,4.1732836,21.133675],"rotation":{"angle":45.0,"axis":"x","origin":[7.2456403,4.379946,21.126842]},"faces":{"down":{"uv":[6.75,3.25,7.0625,2.75],"rotation":0,"texture":"#0","tintindex":0},"east":{"uv":[6.0,5.75,6.5,6.1875],"rotation":0,"texture":"#0","tintindex":0},"north":{"uv":[2.0,6.875,2.3125,7.3125],"rotation":0,"texture":"#0","tintindex":0},"south":{"uv":[1.25,6.875,1.5625,7.3125],"rotation":0,"texture":"#0","tintindex":0},"up":{"uv":[6.75,0.0,7.0625,0.5],"rotation":0,"texture":"#0","tintindex":0},"west":{"uv":[6.5,5.75,6.0,6.1875],"rotation":0,"texture":"#0","tintindex":0}}},{"name":"cube","from":[7.18858,-2.6352983,21.0882],"to":[8.922581,4.0967026,23.842201],"rotation":{"angle":-22.5,"axis":"x","origin":[7.2456403,-5.565055,21.840843]},"faces":{"down":{"uv":[7.75,4.5625,7.9375,4.25],"rotation":0,"texture":"#0","tintindex":0},"east":{"uv":[1.625,5.75,1.9375,6.5625],"rotation":0,"texture":"#0","tintindex":0},"north":{"uv":[4.125,6.75,4.3125,7.5625],"rotation":0,"texture":"#0","tintindex":0},"south":{"uv":[3.875,6.75,4.0625,7.5625],"rotation":0,"texture":"#0","tintindex":0},"up":{"uv":[7.75,3.875,7.9375,4.1875],"rotation":0,"texture":"#0","tintindex":0},"west":{"uv":[1.9375,5.75,1.625,6.5625],"rotation":0,"texture":"#0","tintindex":0}}}],"display":{"head":{"translation":[0.0,-6.4,0.0],"rotation":[0.0,0.0,0.0],"scale":[3.8095,3.8095,3.8095]}}}