{"textures":{"0":"modelengine:entity/vs_crab_mount"},"elements":[{"name":"cube","from":[4.077177,7.698471,6.4189997],"to":[7.137177,8.208471,6.929],"rotation":{"angle":-22.5,"axis":"y","origin":[5.607177,7.9534707,7.184]},"faces":{"down":{"uv":[8.25,3.75,7.875,3.8125],"rotation":0,"texture":"#0","tintindex":0},"east":{"uv":[8.0,7.0,8.0625,7.0625],"rotation":0,"texture":"#0","tintindex":0},"north":{"uv":[3.375,7.875,3.75,7.9375],"rotation":0,"texture":"#0","tintindex":0},"south":{"uv":[7.875,3.625,8.25,3.6875],"rotation":0,"texture":"#0","tintindex":0},"up":{"uv":[4.125,7.9375,3.75,7.875],"rotation":0,"texture":"#0","tintindex":0},"west":{"uv":[8.0,7.125,8.0625,7.1875],"rotation":0,"texture":"#0","tintindex":0}}},{"name":"cube","from":[4.077177,7.698471,9.071],"to":[7.137177,8.208471,9.581],"rotation":{"angle":22.5,"axis":"y","origin":[5.607177,7.9534707,8.816]},"faces":{"down":{"uv":[8.25,3.8125,7.875,3.75],"rotation":0,"texture":"#0","tintindex":0},"east":{"uv":[8.0625,7.0,8.0,7.0625],"rotation":0,"texture":"#0","tintindex":0},"north":{"uv":[8.25,3.625,7.875,3.6875],"rotation":0,"texture":"#0","tintindex":0},"south":{"uv":[3.75,7.875,3.375,7.9375],"rotation":0,"texture":"#0","tintindex":0},"up":{"uv":[4.125,7.875,3.75,7.9375],"rotation":0,"texture":"#0","tintindex":0},"west":{"uv":[8.0625,7.125,8.0,7.1875],"rotation":0,"texture":"#0","tintindex":0}}},{"name":"cube","from":[1.0627434,7.3698244,9.550461],"to":[3.1027439,7.879823,10.060461],"rotation":{"angle":-22.5,"axis":"z","origin":[4.5808353,4.2564154,9.805462]},"faces":{"down":{"uv":[8.125,7.8125,7.875,7.75],"rotation":0,"texture":"#0","tintindex":0},"east":{"uv":[8.0625,7.25,8.0,7.3125],"rotation":0,"texture":"#0","tintindex":0},"north":{"uv":[7.875,7.875,7.625,7.9375],"rotation":0,"texture":"#0","tintindex":0},"south":{"uv":[8.125,7.5,7.875,7.5625],"rotation":0,"texture":"#0","tintindex":0},"up":{"uv":[8.125,7.625,7.875,7.6875],"rotation":0,"texture":"#0","tintindex":0},"west":{"uv":[7.4375,8.0,7.375,8.0625],"rotation":0,"texture":"#0","tintindex":0}}},{"name":"cube","from":[3.6833177,7.378401,9.552502],"to":[4.1892376,9.414322,10.05842],"rotation":{"angle":45.0,"axis":"z","origin":[1.7248352,6.602415,9.805462]},"faces":{"down":{"uv":[7.5625,8.0625,7.5,8.0],"rotation":0,"texture":"#0","tintindex":0},"east":{"uv":[2.6875,7.125,2.625,7.375],"rotation":0,"texture":"#0","tintindex":0},"north":{"uv":[1.5625,7.375,1.5,7.625],"rotation":0,"texture":"#0","tintindex":0},"south":{"uv":[1.9375,7.125,1.875,7.375],"rotation":0,"texture":"#0","tintindex":0},"up":{"uv":[8.0625,7.375,8.0,7.4375],"rotation":0,"texture":"#0","tintindex":0},"west":{"uv":[3.0625,7.375,3.0,7.625],"rotation":0,"texture":"#0","tintindex":0}}},{"name":"cube","from":[3.005365,10.629034,9.652461],"to":[3.3113651,13.689034,9.958462],"rotation":{"angle":22.5,"axis":"z","origin":[3.7443323,5.736917,9.805462]},"faces":{"down":{"uv":[7.8125,8.0625,7.75,8.0],"rotation":0,"texture":"#0","tintindex":0},"east":{"uv":[7.9375,7.875,7.875,8.125],"rotation":0,"texture":"#0","tintindex":0},"north":{"uv":[0.0625,8.0,0.0,8.25],"rotation":0,"texture":"#0","tintindex":0},"south":{"uv":[6.8125,7.875,6.75,8.125],"rotation":0,"texture":"#0","tintindex":0},"up":{"uv":[7.6875,8.0,7.625,8.0625],"rotation":0,"texture":"#0","tintindex":0},"west":{"uv":[8.0625,0.0,8.0,0.25],"rotation":0,"texture":"#0","tintindex":0}}},{"name":"cube","from":[3.6673799,7.378401,5.941579],"to":[4.1733,9.414322,6.4474993],"rotation":{"angle":45.0,"axis":"z","origin":[1.7088976,6.602415,6.194539]},"faces":{"down":{"uv":[7.5625,8.0,7.5,8.0625],"rotation":0,"texture":"#0","tintindex":0},"east":{"uv":[2.625,7.125,2.6875,7.375],"rotation":0,"texture":"#0","tintindex":0},"north":{"uv":[1.875,7.125,1.9375,7.375],"rotation":0,"texture":"#0","tintindex":0},"south":{"uv":[1.5,7.375,1.5625,7.625],"rotation":0,"texture":"#0","tintindex":0},"up":{"uv":[8.0625,7.4375,8.0,7.375],"rotation":0,"texture":"#0","tintindex":0},"west":{"uv":[3.0,7.375,3.0625,7.625],"rotation":0,"texture":"#0","tintindex":0}}},{"name":"cube","from":[1.0468063,7.3698244,5.939539],"to":[3.0868063,7.879823,6.449539],"rotation":{"angle":-22.5,"axis":"z","origin":[4.5648975,4.2564154,6.194539]},"faces":{"down":{"uv":[8.125,7.75,7.875,7.8125],"rotation":0,"texture":"#0","tintindex":0},"east":{"uv":[8.0,7.25,8.0625,7.3125],"rotation":0,"texture":"#0","tintindex":0},"north":{"uv":[7.875,7.5,8.125,7.5625],"rotation":0,"texture":"#0","tintindex":0},"south":{"uv":[7.625,7.875,7.875,7.9375],"rotation":0,"texture":"#0","tintindex":0},"up":{"uv":[8.125,7.6875,7.875,7.625],"rotation":0,"texture":"#0","tintindex":0},"west":{"uv":[7.375,8.0,7.4375,8.0625],"rotation":0,"texture":"#0","tintindex":0}}},{"name":"cube","from":[2.989428,10.629034,6.0415387],"to":[3.2954276,13.689034,6.347539],"rotation":{"angle":22.5,"axis":"z","origin":[3.7283947,5.736917,6.194539]},"faces":{"down":{"uv":[7.8125,8.0,7.75,8.0625],"rotation":0,"texture":"#0","tintindex":0},"east":{"uv":[7.875,7.875,7.9375,8.125],"rotation":0,"texture":"#0","tintindex":0},"north":{"uv":[6.75,7.875,6.8125,8.125],"rotation":0,"texture":"#0","tintindex":0},"south":{"uv":[0.0,8.0,0.0625,8.25],"rotation":0,"texture":"#0","tintindex":0},"up":{"uv":[7.6875,8.0625,7.625,8.0],"rotation":0,"texture":"#0","tintindex":0},"west":{"uv":[8.0,0.0,8.0625,0.25],"rotation":0,"texture":"#0","tintindex":0}}}],"display":{"head":{"translation":[0.0,-6.4,0.0],"rotation":[0.0,0.0,0.0],"scale":[3.8095,3.8095,3.8095]}}}