{"file_name":"head","texture_size":[128,128],"textures":{"8db16956-a675-dbc6-10a8-fa7b45240755":"modelengine:entity/camel"},"elements":[{"name":"cube","from":[5.825,6.5478363,3.4970026],"to":[10.025,10.747837,8.897003],"rotation":{"angle":0.0,"axis":"x","origin":[7.625,-15.052165,15.4970045]},"faces":{"down":{"uv":[4.875,8.125,5.75,9.25],"rotation":0,"texture":"#8db16956-a675-dbc6-10a8-fa7b45240755","tintindex":0},"east":{"uv":[8.125,0.0,9.25,0.875],"rotation":0,"texture":"#8db16956-a675-dbc6-10a8-fa7b45240755","tintindex":0},"north":{"uv":[9.0,3.0,9.875,3.875],"rotation":0,"texture":"#8db16956-a675-dbc6-10a8-fa7b45240755","tintindex":0},"south":{"uv":[8.75,9.125,9.625,10.0],"rotation":0,"texture":"#8db16956-a675-dbc6-10a8-fa7b45240755","tintindex":0},"up":{"uv":[9.0,4.125,8.125,3.0],"rotation":0,"texture":"#8db16956-a675-dbc6-10a8-fa7b45240755","tintindex":0},"west":{"uv":[8.125,2.125,9.25,3.0],"rotation":0,"texture":"#8db16956-a675-dbc6-10a8-fa7b45240755","tintindex":0}}},{"name":"cube","from":[3.4249997,9.547836,8.897003],"to":[7.625,13.747836,8.897003],"rotation":{"angle":45.0,"axis":"y","origin":[5.5249996,11.647837,8.897003]},"faces":{"down":{"uv":[0.0,0.0,0.875,0.0],"rotation":0,"texture":"#8db16956-a675-dbc6-10a8-fa7b45240755","tintindex":0},"east":{"uv":[0.0,0.0,0.0,0.875],"rotation":0,"texture":"#8db16956-a675-dbc6-10a8-fa7b45240755","tintindex":0},"north":{"uv":[9.25,0.0,10.125,0.875],"rotation":0,"texture":"#8db16956-a675-dbc6-10a8-fa7b45240755","tintindex":0},"south":{"uv":[10.125,2.125,9.25,3.0],"rotation":0,"texture":"#8db16956-a675-dbc6-10a8-fa7b45240755","tintindex":0},"up":{"uv":[0.875,0.0,0.0,0.0],"rotation":0,"texture":"#8db16956-a675-dbc6-10a8-fa7b45240755","tintindex":0},"west":{"uv":[0.0,0.0,0.0,0.875],"rotation":0,"texture":"#8db16956-a675-dbc6-10a8-fa7b45240755","tintindex":0}}},{"name":"cube","from":[8.225,9.547836,8.897003],"to":[12.425,13.747836,8.897003],"rotation":{"angle":-45.0,"axis":"y","origin":[10.325001,11.647837,8.897003]},"faces":{"down":{"uv":[0.875,0.0,0.0,0.0],"rotation":0,"texture":"#8db16956-a675-dbc6-10a8-fa7b45240755","tintindex":0},"east":{"uv":[0.0,0.0,0.0,0.875],"rotation":0,"texture":"#8db16956-a675-dbc6-10a8-fa7b45240755","tintindex":0},"north":{"uv":[10.125,0.0,9.25,0.875],"rotation":0,"texture":"#8db16956-a675-dbc6-10a8-fa7b45240755","tintindex":0},"south":{"uv":[9.25,2.125,10.125,3.0],"rotation":0,"texture":"#8db16956-a675-dbc6-10a8-fa7b45240755","tintindex":0},"up":{"uv":[0.0,0.0,0.875,0.0],"rotation":0,"texture":"#8db16956-a675-dbc6-10a8-fa7b45240755","tintindex":0},"west":{"uv":[0.0,0.0,0.0,0.875],"rotation":0,"texture":"#8db16956-a675-dbc6-10a8-fa7b45240755","tintindex":0}}},{"name":"cube","from":[6.425,7.147836,0.4970026],"to":[9.425,10.747837,3.4970026],"rotation":{"angle":0.0,"axis":"x","origin":[7.625,-13.852164,15.4970045]},"faces":{"down":{"uv":[10.125,4.375,10.75,5.0],"rotation":0,"texture":"#8db16956-a675-dbc6-10a8-fa7b45240755","tintindex":0},"east":{"uv":[9.875,3.0,10.5,3.75],"rotation":0,"texture":"#8db16956-a675-dbc6-10a8-fa7b45240755","tintindex":0},"north":{"uv":[9.375,5.875,10.0,6.625],"rotation":0,"texture":"#8db16956-a675-dbc6-10a8-fa7b45240755","tintindex":0},"south":{"uv":[10.125,0.0,10.75,0.75],"rotation":0,"texture":"#8db16956-a675-dbc6-10a8-fa7b45240755","tintindex":0},"up":{"uv":[10.75,4.375,10.125,3.75],"rotation":0,"texture":"#8db16956-a675-dbc6-10a8-fa7b45240755","tintindex":0},"west":{"uv":[2.75,10.125,3.375,10.875],"rotation":0,"texture":"#8db16956-a675-dbc6-10a8-fa7b45240755","tintindex":0}}}],"display":{"head":{"translation":[0.0,-6.4,0.0],"rotation":[0.0,0.0,0.0],"scale":[3.8095,3.8095,3.8095]},"gui":{"translation":[0.0,0.0,0.0],"rotation":[35.0,225.0,0.0],"scale":[0.625,0.625,0.625]}}}