{"file_name":"leftbackfoot","texture_size":[128,128],"textures":{"8db16956-a675-dbc6-10a8-fa7b45240755":"modelengine:entity/camel"},"elements":[{"name":"cube","from":[7.2673492,-3.4201446,5.9216375],"to":[9.067349,7.979856,8.021637],"rotation":{"angle":0.0,"axis":"x","origin":[9.263161,6.9412203,10.928053]},"faces":{"down":{"uv":[7.5,5.0,7.875,5.5],"rotation":0,"texture":"#8db16956-a675-dbc6-10a8-fa7b45240755","tintindex":0},"east":{"uv":[1.0,7.5,1.5,9.875],"rotation":0,"texture":"#8db16956-a675-dbc6-10a8-fa7b45240755","tintindex":0},"north":{"uv":[4.5,8.5,4.875,10.875],"rotation":0,"texture":"#8db16956-a675-dbc6-10a8-fa7b45240755","tintindex":0},"south":{"uv":[2.0,8.75,2.375,11.125],"rotation":0,"texture":"#8db16956-a675-dbc6-10a8-fa7b45240755","tintindex":0},"up":{"uv":[7.5,5.5,7.125,5.0],"rotation":0,"texture":"#8db16956-a675-dbc6-10a8-fa7b45240755","tintindex":0},"west":{"uv":[1.5,7.5,2.0,9.875],"rotation":0,"texture":"#8db16956-a675-dbc6-10a8-fa7b45240755","tintindex":0}}}],"display":{"head":{"translation":[0.0,-6.4,0.0],"rotation":[0.0,0.0,0.0],"scale":[3.8095,3.8095,3.8095]},"gui":{"translation":[0.0,0.0,0.0],"rotation":[35.0,225.0,0.0],"scale":[0.625,0.625,0.625]}}}