{"file_name":"leftfrontleg","texture_size":[128,128],"textures":{"8db16956-a675-dbc6-10a8-fa7b45240755":"modelengine:entity/camel"},"elements":[{"name":"cube","from":[4.601475,0.15008283,8.565779],"to":[6.401475,6.750083,11.565779],"rotation":{"angle":-22.5,"axis":"x","origin":[8.109853,4.134625,14.098316]},"faces":{"down":{"uv":[4.875,7.25,5.25,7.875],"rotation":0,"texture":"#8db16956-a675-dbc6-10a8-fa7b45240755","tintindex":0},"east":{"uv":[2.375,8.75,3.0,10.125],"rotation":0,"texture":"#8db16956-a675-dbc6-10a8-fa7b45240755","tintindex":0},"north":{"uv":[4.125,9.75,4.5,11.125],"rotation":0,"texture":"#8db16956-a675-dbc6-10a8-fa7b45240755","tintindex":0},"south":{"uv":[2.375,10.125,2.75,11.5],"rotation":0,"texture":"#8db16956-a675-dbc6-10a8-fa7b45240755","tintindex":0},"up":{"uv":[7.125,3.125,6.75,2.5],"rotation":0,"texture":"#8db16956-a675-dbc6-10a8-fa7b45240755","tintindex":0},"west":{"uv":[3.0,8.75,3.625,10.125],"rotation":0,"texture":"#8db16956-a675-dbc6-10a8-fa7b45240755","tintindex":0}}},{"name":"cube","from":[4.601475,6.750083,7.9657784],"to":[8.201475,12.750083,12.765779],"rotation":{"angle":-22.5,"axis":"x","origin":[8.109853,4.134625,14.098316]},"faces":{"down":{"uv":[9.25,6.625,10.0,7.625],"rotation":0,"texture":"#8db16956-a675-dbc6-10a8-fa7b45240755","tintindex":0},"east":{"uv":[7.125,2.5,8.125,3.75],"rotation":0,"texture":"#8db16956-a675-dbc6-10a8-fa7b45240755","tintindex":0},"north":{"uv":[3.75,8.5,4.5,9.75],"rotation":0,"texture":"#8db16956-a675-dbc6-10a8-fa7b45240755","tintindex":0},"south":{"uv":[8.5,6.625,9.25,7.875],"rotation":0,"texture":"#8db16956-a675-dbc6-10a8-fa7b45240755","tintindex":0},"up":{"uv":[5.625,10.25,4.875,9.25],"rotation":0,"texture":"#8db16956-a675-dbc6-10a8-fa7b45240755","tintindex":0},"west":{"uv":[7.125,3.75,8.125,5.0],"rotation":0,"texture":"#8db16956-a675-dbc6-10a8-fa7b45240755","tintindex":0}}}],"display":{"head":{"translation":[0.0,-6.4,0.0],"rotation":[0.0,0.0,0.0],"scale":[3.8095,3.8095,3.8095]},"gui":{"translation":[0.0,0.0,0.0],"rotation":[35.0,225.0,0.0],"scale":[0.625,0.625,0.625]}}}