{"file_name":"leftbackleg","texture_size":[128,128],"textures":{"8db16956-a675-dbc6-10a8-fa7b45240755":"modelengine:entity/camel"},"elements":[{"name":"cube","from":[4.7147794,0.5679605,9.377602],"to":[7.1147795,6.5679607,12.377603],"rotation":{"angle":-22.5,"axis":"x","origin":[7.3105903,2.3147845,14.231774]},"faces":{"down":{"uv":[4.875,10.25,5.375,10.875],"rotation":0,"texture":"#8db16956-a675-dbc6-10a8-fa7b45240755","tintindex":0},"east":{"uv":[8.875,0.875,9.5,2.125],"rotation":0,"texture":"#8db16956-a675-dbc6-10a8-fa7b45240755","tintindex":0},"north":{"uv":[10.0,5.875,10.5,7.125],"rotation":0,"texture":"#8db16956-a675-dbc6-10a8-fa7b45240755","tintindex":0},"south":{"uv":[10.0,7.125,10.5,8.375],"rotation":0,"texture":"#8db16956-a675-dbc6-10a8-fa7b45240755","tintindex":0},"up":{"uv":[8.625,4.75,8.125,4.125],"rotation":0,"texture":"#8db16956-a675-dbc6-10a8-fa7b45240755","tintindex":0},"west":{"uv":[6.125,9.0,6.75,10.25],"rotation":0,"texture":"#8db16956-a675-dbc6-10a8-fa7b45240755","tintindex":0}}},{"name":"cube","from":[4.7147794,6.5679607,8.777601],"to":[8.314779,12.567962,13.577602],"rotation":{"angle":-22.5,"axis":"x","origin":[7.3105903,2.3147845,14.231774]},"faces":{"down":{"uv":[9.625,9.625,10.375,10.625],"rotation":0,"texture":"#8db16956-a675-dbc6-10a8-fa7b45240755","tintindex":0},"east":{"uv":[3.875,7.25,4.875,8.5],"rotation":0,"texture":"#8db16956-a675-dbc6-10a8-fa7b45240755","tintindex":0},"north":{"uv":[8.625,4.125,9.375,5.375],"rotation":0,"texture":"#8db16956-a675-dbc6-10a8-fa7b45240755","tintindex":0},"south":{"uv":[8.625,5.375,9.375,6.625],"rotation":0,"texture":"#8db16956-a675-dbc6-10a8-fa7b45240755","tintindex":0},"up":{"uv":[10.375,9.625,9.625,8.625],"rotation":0,"texture":"#8db16956-a675-dbc6-10a8-fa7b45240755","tintindex":0},"west":{"uv":[0.0,7.375,1.0,8.625],"rotation":0,"texture":"#8db16956-a675-dbc6-10a8-fa7b45240755","tintindex":0}}}],"display":{"head":{"translation":[0.0,-6.4,0.0],"rotation":[0.0,0.0,0.0],"scale":[3.8095,3.8095,3.8095]},"gui":{"translation":[0.0,0.0,0.0],"rotation":[35.0,225.0,0.0],"scale":[0.625,0.625,0.625]}}}