{"textures":{"0":"modelengine:entity/camel"},"elements":[{"name":"cube","from":[8.8852215,0.5679605,9.377602],"to":[11.285221,6.5679607,12.377603],"rotation":{"angle":-22.5,"axis":"x","origin":[8.689409,2.3147845,14.231774]},"faces":{"down":{"uv":[4.875,10.25,5.375,10.875],"rotation":0,"texture":"#0","tintindex":0},"east":{"uv":[6.75,9.0,6.125,10.25],"rotation":0,"texture":"#0","tintindex":0},"north":{"uv":[10.5,5.875,10.0,7.125],"rotation":0,"texture":"#0","tintindex":0},"south":{"uv":[10.5,7.125,10.0,8.375],"rotation":0,"texture":"#0","tintindex":0},"up":{"uv":[8.125,4.75,8.625,4.125],"rotation":0,"texture":"#0","tintindex":0},"west":{"uv":[9.5,0.875,8.875,2.125],"rotation":0,"texture":"#0","tintindex":0}}},{"name":"cube","from":[7.6852207,6.5679607,8.777601],"to":[11.285221,12.567962,13.577602],"rotation":{"angle":-22.5,"axis":"x","origin":[8.689409,2.3147845,14.231774]},"faces":{"down":{"uv":[9.625,9.625,10.375,10.625],"rotation":0,"texture":"#0","tintindex":0},"east":{"uv":[1.0,7.375,0.0,8.625],"rotation":0,"texture":"#0","tintindex":0},"north":{"uv":[9.375,4.125,8.625,5.375],"rotation":0,"texture":"#0","tintindex":0},"south":{"uv":[9.375,5.375,8.625,6.625],"rotation":0,"texture":"#0","tintindex":0},"up":{"uv":[9.625,9.625,10.375,8.625],"rotation":0,"texture":"#0","tintindex":0},"west":{"uv":[4.875,7.25,3.875,8.5],"rotation":0,"texture":"#0","tintindex":0}}}],"display":{"head":{"translation":[0.0,-6.4,0.0],"rotation":[0.0,0.0,0.0],"scale":[3.8095,3.8095,3.8095]}}}