{"file_name":"archer","texture_size":[64,64],"textures":{"eea870d5-8f35-58c0-ae5c-724a49ed9e6c":"modelengine:entity/archer"},"elements":[{"name":"cube","from":[5.3104506,7.9883237,6.029153],"to":[10.710451,9.788324,7.829153],"rotation":{"angle":45.0,"axis":"x","origin":[8.298658,9.8243065,8.998611]},"faces":{"down":{"uv":[0.75,12.0,0.0,14.25],"rotation":90,"texture":"#eea870d5-8f35-58c0-ae5c-724a49ed9e6c","tintindex":0},"east":{"uv":[11.0,13.75,11.75,14.5],"rotation":0,"texture":"#eea870d5-8f35-58c0-ae5c-724a49ed9e6c","tintindex":0},"north":{"uv":[6.0,11.75,8.25,12.5],"rotation":0,"texture":"#eea870d5-8f35-58c0-ae5c-724a49ed9e6c","tintindex":0},"south":{"uv":[11.75,9.0,14.0,9.75],"rotation":0,"texture":"#eea870d5-8f35-58c0-ae5c-724a49ed9e6c","tintindex":0},"up":{"uv":[9.0,14.0,8.25,11.75],"rotation":270,"texture":"#eea870d5-8f35-58c0-ae5c-724a49ed9e6c","tintindex":0},"west":{"uv":[13.75,6.25,14.5,7.0],"rotation":0,"texture":"#eea870d5-8f35-58c0-ae5c-724a49ed9e6c","tintindex":0}}},{"name":"cube","from":[4.71045,8.898586,6.8734436],"to":[11.310451,12.498587,9.873444],"rotation":{"angle":0.0,"axis":"x","origin":[8.298658,9.8243065,8.998611]},"faces":{"down":{"uv":[1.25,8.75,0.0,11.5],"rotation":90,"texture":"#eea870d5-8f35-58c0-ae5c-724a49ed9e6c","tintindex":0},"east":{"uv":[10.75,3.25,12.0,4.75],"rotation":0,"texture":"#eea870d5-8f35-58c0-ae5c-724a49ed9e6c","tintindex":0},"north":{"uv":[2.25,5.75,5.0,7.25],"rotation":0,"texture":"#eea870d5-8f35-58c0-ae5c-724a49ed9e6c","tintindex":0},"south":{"uv":[5.75,3.5,8.5,5.0],"rotation":0,"texture":"#eea870d5-8f35-58c0-ae5c-724a49ed9e6c","tintindex":0},"up":{"uv":[7.5,11.0,6.25,8.25],"rotation":270,"texture":"#eea870d5-8f35-58c0-ae5c-724a49ed9e6c","tintindex":0},"west":{"uv":[10.5,9.5,11.75,11.0],"rotation":0,"texture":"#eea870d5-8f35-58c0-ae5c-724a49ed9e6c","tintindex":0}}},{"name":"cube","from":[5.3104506,5.7038364,7.161108],"to":[10.710451,9.303837,10.161108],"rotation":{"angle":22.5,"axis":"x","origin":[8.298658,9.8243065,8.998611]},"faces":{"down":{"uv":[3.75,9.25,2.5,11.5],"rotation":90,"texture":"#eea870d5-8f35-58c0-ae5c-724a49ed9e6c","tintindex":0},"east":{"uv":[11.0,0.0,12.25,1.5],"rotation":0,"texture":"#eea870d5-8f35-58c0-ae5c-724a49ed9e6c","tintindex":0},"north":{"uv":[8.75,0.0,11.0,1.5],"rotation":0,"texture":"#eea870d5-8f35-58c0-ae5c-724a49ed9e6c","tintindex":0},"south":{"uv":[4.0,9.0,6.25,10.5],"rotation":0,"texture":"#eea870d5-8f35-58c0-ae5c-724a49ed9e6c","tintindex":0},"up":{"uv":[2.5,11.5,1.25,9.25],"rotation":270,"texture":"#eea870d5-8f35-58c0-ae5c-724a49ed9e6c","tintindex":0},"west":{"uv":[10.75,4.75,12.0,6.25],"rotation":0,"texture":"#eea870d5-8f35-58c0-ae5c-724a49ed9e6c","tintindex":0}}},{"name":"cube","from":[5.91045,5.520671,5.724144],"to":[10.110451,6.7206707,8.724144],"rotation":{"angle":0.0,"axis":"x","origin":[8.298658,9.8243065,8.998611]},"faces":{"down":{"uv":[10.75,5.75,9.5,7.5],"rotation":90,"texture":"#eea870d5-8f35-58c0-ae5c-724a49ed9e6c","tintindex":0},"east":{"uv":[12.25,11.0,13.5,11.5],"rotation":0,"texture":"#eea870d5-8f35-58c0-ae5c-724a49ed9e6c","tintindex":0},"north":{"uv":[10.75,6.25,12.5,6.75],"rotation":0,"texture":"#eea870d5-8f35-58c0-ae5c-724a49ed9e6c","tintindex":0},"south":{"uv":[10.5,11.0,12.25,11.5],"rotation":0,"texture":"#eea870d5-8f35-58c0-ae5c-724a49ed9e6c","tintindex":0},"up":{"uv":[10.75,5.75,9.5,4.0],"rotation":270,"texture":"#eea870d5-8f35-58c0-ae5c-724a49ed9e6c","tintindex":0},"west":{"uv":[4.5,3.5,5.75,4.0],"rotation":0,"texture":"#eea870d5-8f35-58c0-ae5c-724a49ed9e6c","tintindex":0}}},{"name":"cube","from":[10.710451,5.1038365,4.161108],"to":[11.910451,8.103837,12.561109],"rotation":{"angle":22.5,"axis":"x","origin":[8.298658,9.8243065,8.998611]},"faces":{"down":{"uv":[3.5,11.5,0.0,12.0],"rotation":90,"texture":"#eea870d5-8f35-58c0-ae5c-724a49ed9e6c","tintindex":0},"east":{"uv":[4.5,2.25,8.0,3.5],"rotation":0,"texture":"#eea870d5-8f35-58c0-ae5c-724a49ed9e6c","tintindex":0},"north":{"uv":[8.0,2.0,8.5,3.25],"rotation":0,"texture":"#eea870d5-8f35-58c0-ae5c-724a49ed9e6c","tintindex":0},"south":{"uv":[9.0,11.75,9.5,13.0],"rotation":0,"texture":"#eea870d5-8f35-58c0-ae5c-724a49ed9e6c","tintindex":0},"up":{"uv":[9.5,11.75,6.0,11.25],"rotation":270,"texture":"#eea870d5-8f35-58c0-ae5c-724a49ed9e6c","tintindex":0},"west":{"uv":[2.25,4.5,5.75,5.75],"rotation":0,"texture":"#eea870d5-8f35-58c0-ae5c-724a49ed9e6c","tintindex":0}}},{"name":"cube","from":[11.460451,5.1038365,1.1611083],"to":[11.460451,7.5038366,4.161108],"rotation":{"angle":22.5,"axis":"x","origin":[8.298658,9.8243065,8.998611]},"faces":{"down":{"uv":[1.5,16.0,0.25,16.0],"rotation":90,"texture":"#eea870d5-8f35-58c0-ae5c-724a49ed9e6c","tintindex":0},"east":{"uv":[16.0,15.0,14.75,16.0],"rotation":0,"texture":"#eea870d5-8f35-58c0-ae5c-724a49ed9e6c","tintindex":0},"north":{"uv":[0.0,0.0,0.0,1.0],"rotation":0,"texture":"#eea870d5-8f35-58c0-ae5c-724a49ed9e6c","tintindex":0},"south":{"uv":[9.0,11.75,9.0,12.75],"rotation":0,"texture":"#eea870d5-8f35-58c0-ae5c-724a49ed9e6c","tintindex":0},"up":{"uv":[6.0,16.0,4.75,16.0],"rotation":270,"texture":"#eea870d5-8f35-58c0-ae5c-724a49ed9e6c","tintindex":0},"west":{"uv":[14.75,15.0,16.0,16.0],"rotation":0,"texture":"#eea870d5-8f35-58c0-ae5c-724a49ed9e6c","tintindex":0}}},{"name":"cube","from":[4.652789,12.260144,9.873444],"to":[6.4527893,14.060144,11.073444],"rotation":{"angle":22.5,"axis":"z","origin":[8.298658,9.8243065,8.998611]},"faces":{"down":{"uv":[5.75,14.5,5.25,15.25],"rotation":90,"texture":"#eea870d5-8f35-58c0-ae5c-724a49ed9e6c","tintindex":0},"east":{"uv":[4.25,14.5,4.75,15.25],"rotation":0,"texture":"#eea870d5-8f35-58c0-ae5c-724a49ed9e6c","tintindex":0},"north":{"uv":[14.0,1.5,14.75,2.25],"rotation":0,"texture":"#eea870d5-8f35-58c0-ae5c-724a49ed9e6c","tintindex":0},"south":{"uv":[5.75,14.0,6.5,14.75],"rotation":0,"texture":"#eea870d5-8f35-58c0-ae5c-724a49ed9e6c","tintindex":0},"up":{"uv":[5.25,15.25,4.75,14.5],"rotation":270,"texture":"#eea870d5-8f35-58c0-ae5c-724a49ed9e6c","tintindex":0},"west":{"uv":[5.75,5.0,6.25,5.75],"rotation":0,"texture":"#eea870d5-8f35-58c0-ae5c-724a49ed9e6c","tintindex":0}}},{"name":"cube","from":[3.7723126,12.431328,10.173444],"to":[4.9723125,16.631329,10.773443],"rotation":{"angle":0.0,"axis":"x","origin":[8.298658,9.8243065,8.998611]},"faces":{"down":{"uv":[6.25,10.5,6.0,11.0],"rotation":90,"texture":"#eea870d5-8f35-58c0-ae5c-724a49ed9e6c","tintindex":0},"east":{"uv":[6.5,14.0,6.75,15.75],"rotation":0,"texture":"#eea870d5-8f35-58c0-ae5c-724a49ed9e6c","tintindex":0},"north":{"uv":[10.0,13.0,10.5,14.75],"rotation":0,"texture":"#eea870d5-8f35-58c0-ae5c-724a49ed9e6c","tintindex":0},"south":{"uv":[12.0,13.25,12.5,15.0],"rotation":0,"texture":"#eea870d5-8f35-58c0-ae5c-724a49ed9e6c","tintindex":0},"up":{"uv":[2.25,7.25,2.0,6.75],"rotation":270,"texture":"#eea870d5-8f35-58c0-ae5c-724a49ed9e6c","tintindex":0},"west":{"uv":[11.75,13.75,12.0,15.5],"rotation":0,"texture":"#eea870d5-8f35-58c0-ae5c-724a49ed9e6c","tintindex":0}}},{"name":"cube","from":[0.2847576,11.436987,10.173444],"to":[1.4847575,15.636988,10.773443],"rotation":{"angle":-45.0,"axis":"z","origin":[8.298658,9.8243065,8.998611]},"faces":{"down":{"uv":[13.5,0.75,13.25,1.25],"rotation":90,"texture":"#eea870d5-8f35-58c0-ae5c-724a49ed9e6c","tintindex":0},"east":{"uv":[9.5,14.0,9.75,15.75],"rotation":0,"texture":"#eea870d5-8f35-58c0-ae5c-724a49ed9e6c","tintindex":0},"north":{"uv":[12.5,13.25,13.0,15.0],"rotation":0,"texture":"#eea870d5-8f35-58c0-ae5c-724a49ed9e6c","tintindex":0},"south":{"uv":[13.5,0.75,14.0,2.5],"rotation":0,"texture":"#eea870d5-8f35-58c0-ae5c-724a49ed9e6c","tintindex":0},"up":{"uv":[11.75,9.5,11.5,9.0],"rotation":270,"texture":"#eea870d5-8f35-58c0-ae5c-724a49ed9e6c","tintindex":0},"west":{"uv":[6.75,14.0,7.0,15.75],"rotation":0,"texture":"#eea870d5-8f35-58c0-ae5c-724a49ed9e6c","tintindex":0}}},{"name":"cube","from":[10.622419,2.8421922,10.473444],"to":[11.072418,18.442192,10.473444],"rotation":{"angle":22.5,"axis":"z","origin":[8.298658,9.8243065,8.998611]},