{"file_name":"hawk","texture_size":[64,64],"textures":{"eea870d5-8f35-58c0-ae5c-724a49ed9e6c":"modelengine:entity/archer"},"elements":[{"name":"cube","from":[5.8104553,7.8041096,6.5],"to":[7.6104555,10.204109,9.5],"rotation":{"angle":45.0,"axis":"z","origin":[6.710456,9.00411,8.0]},"faces":{"down":{"uv":[14.5,0.0,13.25,0.75],"rotation":90,"texture":"#eea870d5-8f35-58c0-ae5c-724a49ed9e6c","tintindex":0},"east":{"uv":[7.0,12.5,8.25,13.5],"rotation":0,"texture":"#eea870d5-8f35-58c0-ae5c-724a49ed9e6c","tintindex":0},"north":{"uv":[13.5,3.25,14.25,4.25],"rotation":0,"texture":"#eea870d5-8f35-58c0-ae5c-724a49ed9e6c","tintindex":0},"south":{"uv":[3.5,13.5,4.25,14.5],"rotation":0,"texture":"#eea870d5-8f35-58c0-ae5c-724a49ed9e6c","tintindex":0},"up":{"uv":[14.25,13.75,13.0,13.0],"rotation":270,"texture":"#eea870d5-8f35-58c0-ae5c-724a49ed9e6c","tintindex":0},"west":{"uv":[12.5,6.25,13.75,7.25],"rotation":0,"texture":"#eea870d5-8f35-58c0-ae5c-724a49ed9e6c","tintindex":0}}},{"name":"cube","from":[8.114577,5.3502035,6.5],"to":[9.9145775,7.1502037,7.7],"rotation":{"angle":45.0,"axis":"z","origin":[8.309578,5.9837046,8.0]},"faces":{"down":{"uv":[13.5,14.5,13.0,15.25],"rotation":90,"texture":"#eea870d5-8f35-58c0-ae5c-724a49ed9e6c","tintindex":0},"east":{"uv":[14.5,7.0,15.0,7.75],"rotation":0,"texture":"#eea870d5-8f35-58c0-ae5c-724a49ed9e6c","tintindex":0},"north":{"uv":[14.25,3.25,15.0,4.0],"rotation":0,"texture":"#eea870d5-8f35-58c0-ae5c-724a49ed9e6c","tintindex":0},"south":{"uv":[14.25,4.0,15.0,4.75],"rotation":0,"texture":"#eea870d5-8f35-58c0-ae5c-724a49ed9e6c","tintindex":0},"up":{"uv":[11.5,15.25,11.0,14.5],"rotation":270,"texture":"#eea870d5-8f35-58c0-ae5c-724a49ed9e6c","tintindex":0},"west":{"uv":[14.5,6.25,15.0,7.0],"rotation":0,"texture":"#eea870d5-8f35-58c0-ae5c-724a49ed9e6c","tintindex":0}}},{"name":"cube","from":[8.114577,5.3502035,8.3],"to":[9.9145775,7.1502037,9.5],"rotation":{"angle":45.0,"axis":"z","origin":[8.309578,5.9837046,8.0]},"faces":{"down":{"uv":[13.0,14.5,13.5,15.25],"rotation":90,"texture":"#eea870d5-8f35-58c0-ae5c-724a49ed9e6c","tintindex":0},"east":{"uv":[15.0,7.0,14.5,7.75],"rotation":0,"texture":"#eea870d5-8f35-58c0-ae5c-724a49ed9e6c","tintindex":0},"north":{"uv":[15.0,4.0,14.25,4.75],"rotation":0,"texture":"#eea870d5-8f35-58c0-ae5c-724a49ed9e6c","tintindex":0},"south":{"uv":[15.0,3.25,14.25,4.0],"rotation":0,"texture":"#eea870d5-8f35-58c0-ae5c-724a49ed9e6c","tintindex":0},"up":{"uv":[11.0,15.25,11.5,14.5],"rotation":270,"texture":"#eea870d5-8f35-58c0-ae5c-724a49ed9e6c","tintindex":0},"west":{"uv":[15.0,6.25,14.5,7.0],"rotation":0,"texture":"#eea870d5-8f35-58c0-ae5c-724a49ed9e6c","tintindex":0}}},{"name":"cube","from":[8.4145775,5.6502037,7.1],"to":[10.214577,8.050204,8.9],"rotation":{"angle":45.0,"axis":"z","origin":[8.309578,5.9837046,8.0]},"faces":{"down":{"uv":[0.75,14.25,0.0,15.0],"rotation":90,"texture":"#eea870d5-8f35-58c0-ae5c-724a49ed9e6c","tintindex":0},"east":{"uv":[5.0,13.5,5.75,14.5],"rotation":0,"texture":"#eea870d5-8f35-58c0-ae5c-724a49ed9e6c","tintindex":0},"north":{"uv":[13.5,4.25,14.25,5.25],"rotation":0,"texture":"#eea870d5-8f35-58c0-ae5c-724a49ed9e6c","tintindex":0},"south":{"uv":[13.5,5.25,14.25,6.25],"rotation":0,"texture":"#eea870d5-8f35-58c0-ae5c-724a49ed9e6c","tintindex":0},"up":{"uv":[14.75,12.5,14.0,11.75],"rotation":270,"texture":"#eea870d5-8f35-58c0-ae5c-724a49ed9e6c","tintindex":0},"west":{"uv":[4.25,13.5,5.0,14.5],"rotation":0,"texture":"#eea870d5-8f35-58c0-ae5c-724a49ed9e6c","tintindex":0}}},{"name":"cube","from":[6.914577,5.950204,6.8],"to":[8.114577,6.550204,7.4],"rotation":{"angle":45.0,"axis":"z","origin":[8.309578,5.9837046,8.0]},"faces":{"down":{"uv":[0.75,15.0,0.5,15.5],"rotation":90,"texture":"#eea870d5-8f35-58c0-ae5c-724a49ed9e6c","tintindex":0},"east":{"uv":[14.0,2.25,14.25,2.5],"rotation":0,"texture":"#eea870d5-8f35-58c0-ae5c-724a49ed9e6c","tintindex":0},"north":{"uv":[4.5,12.25,5.0,12.5],"rotation":0,"texture":"#eea870d5-8f35-58c0-ae5c-724a49ed9e6c","tintindex":0},"south":{"uv":[13.0,10.75,13.5,11.0],"rotation":0,"texture":"#eea870d5-8f35-58c0-ae5c-724a49ed9e6c","tintindex":0},"up":{"uv":[6.5,15.25,6.25,14.75],"rotation":270,"texture":"#eea870d5-8f35-58c0-ae5c-724a49ed9e6c","tintindex":0},"west":{"uv":[11.25,7.25,11.5,7.5],"rotation":0,"texture":"#eea870d5-8f35-58c0-ae5c-724a49ed9e6c","tintindex":0}}},{"name":"cube","from":[6.914577,5.950204,8.6],"to":[8.114577,6.550204,9.2],"rotation":{"angle":45.0,"axis":"z","origin":[8.309578,5.9837046,8.0]},"faces":{"down":{"uv":[0.5,15.0,0.75,15.5],"rotation":90,"texture":"#eea870d5-8f35-58c0-ae5c-724a49ed9e6c","tintindex":0},"east":{"uv":[14.25,2.25,14.0,2.5],"rotation":0,"texture":"#eea870d5-8f35-58c0-ae5c-724a49ed9e6c","tintindex":0},"north":{"uv":[13.5,10.75,13.0,11.0],"rotation":0,"texture":"#eea870d5-8f35-58c0-ae5c-724a49ed9e6c","tintindex":0},"south":{"uv":[5.0,12.25,4.5,12.5],"rotation":0,"texture":"#eea870d5-8f35-58c0-ae5c-724a49ed9e6c","tintindex":0},"up":{"uv":[6.25,15.25,6.5,14.75],"rotation":270,"texture":"#eea870d5-8f35-58c0-ae5c-724a49ed9e6c","tintindex":0},"west":{"uv":[11.5,7.25,11.25,7.5],"rotation":0,"texture":"#eea870d5-8f35-58c0-ae5c-724a49ed9e6c","tintindex":0}}},{"name":"cube","from":[6.314577,6.550204,6.2],"to":[7.514577,7.750204,7.4],"rotation":{"angle":45.0,"axis":"z","origin":[8.309578,5.9837046,8.0]},"faces":{"down":{"uv":[2.75,15.0,2.25,15.5],"rotation":90,"texture":"#eea870d5-8f35-58c0-ae5c-724a49ed9e6c","tintindex":0},"east":{"uv":[0.0,15.0,0.5,15.5],"rotation":0,"texture":"#eea870d5-8f35-58c0-ae5c-724a49ed9e6c","tintindex":0},"north":{"uv":[14.5,14.75,15.0,15.25],"rotation":0,"texture":"#eea870d5-8f35-58c0-ae5c-724a49ed9e6c","tintindex":0},"south":{"uv":[1.25,15.0,1.75,15.5],"rotation":0,"texture":"#eea870d5-8f35-58c0-ae5c-724a49ed9e6c","tintindex":0},"up":{"uv":[2.25,15.5,1.75,15.0],"rotation":270,"texture":"#eea870d5-8f35-58c0-ae5c-724a49ed9e6c","tintindex":0},"west":{"uv":[14.75,12.0,15.25,12.5],"rotation":0,"texture":"#eea870d5-8f35-58c0-ae5c-724a49ed9e6c","tintindex":0}}},{"name":"cube","from":[6.314577,6.550204,8.6],"to":[7.514577,7.750204,9.8],"rotation":{"angle":45.0,"axis":"z","origin":[8.309578,5.9837046,8.0]},"faces":{"down":{"uv":[2.25,15.0,2.75,15.5],"rotation":90,"texture":"#eea870d5-8f35-58c0-ae5c-724a49ed9e6c","tintindex":0},"east":{"uv":[0.5,15.0,0.0,15.5],"rotation":0,"texture":"#eea870d5-8f35-58c0-ae5c-724a49ed9e6c","tintindex":0},"north":{"uv":[1.75,15.0,1.25,15.5],"rotation":0,"texture":"#eea870d5-8f35-58c0-ae5c-724a49ed9e6c","tintindex":0},"south":{"uv":[15.0,14.75,14.5,15.25],"rotation":0,"texture":"#eea870d5-8f35-58c0-ae5c-724a49ed9e6c","tintindex":0},"up":{"uv":[1.75,15.5,2.25,15.0],"rotation":270,"texture":"#eea870d5-8f35-58c0-ae5c-724a49ed9e6c","tintindex":0},"west":{"uv":[15.25,12.0,14.75,12.5],"rotation":0,"texture":"#eea870d5-8f35-58c0-ae5c-724a49ed9e6c","tintindex":0}}},{"name":"cube","from":[6.914577,6.550204,6.8],"to":[7.514577,7.1502037,7.4],"rotation":{"angle":45.0,"axis":"z","origin":[8.309578,5.9837046,8.0]},"faces":{"down":{"uv":[14.75,7.75,14.5,8.0],"rotation":90,"texture":"#eea870d5-8f35-58c0-ae5c-724a49ed9e6c","tintindex":0},"east":{"uv":[14.25,8.5,14.5,8.75],"rotation":0,"texture":"#eea870d5-8f35-58c0-ae5c-724a49ed9e6c","tintindex":0},"north":{"uv":[14.25,7.0,14.5,7.25],"rotation":0,"texture":"#eea870d5-8f35-58c0-ae5c-724a49ed9e6c","tintindex":0},"south":{"uv":[14.25,13.5,14.5,13.75],"rotation":0,"texture":"#eea870d5-8f35-58c0-ae5c-724a49ed9e6c","tintindex":0},"up":{"uv":[14.75,0.75,14.5,0.5],"rotation":270,"texture":"#eea870d5-8f35-58c0-ae5c-724a49ed9e6c","tintindex":0},"west":{"uv":[14.25,2.25,14.5,2.5],"rotation":0,"texture":"#eea870d5-8f35-58c0-ae5c-724a49ed9e6c","tintindex":0}}},{"name":"cube","from":[6.914577,6.550204,8.6],"to":[7.514577,7.1502037,9.2],"rotation":{"angle":45.0,"axis":"z","origin":[8.309578,5.9837046,8.0]},"faces":{"down":{"uv":[14.5,7.75,14.75,8.0],"rotation":90,"texture":"#eea870d5-8f35-58c0-ae5c-724a49ed9e6c","tintindex":0},