{"file_name":"head","texture_size":[64,64],"textures":{"eea870d5-8f35-58c0-ae5c-724a49ed9e6c":"modelengine:entity/archer"},"elements":[{"name":"cube","from":[5.3993144,7.4328427,7.4],"to":[6.119314,8.092842,8.6],"rotation":{"angle":0.0,"axis":"x","origin":[6.310251,8.06617,8.0]},"faces":{"down":{"uv":[12.75,1.25,12.25,1.5],"rotation":90,"texture":"#eea870d5-8f35-58c0-ae5c-724a49ed9e6c","tintindex":0},"east":{"uv":[10.75,7.25,11.25,7.5],"rotation":0,"texture":"#eea870d5-8f35-58c0-ae5c-724a49ed9e6c","tintindex":0},"north":{"uv":[7.75,2.0,8.0,2.25],"rotation":0,"texture":"#eea870d5-8f35-58c0-ae5c-724a49ed9e6c","tintindex":0},"south":{"uv":[3.75,10.25,4.0,10.5],"rotation":0,"texture":"#eea870d5-8f35-58c0-ae5c-724a49ed9e6c","tintindex":0},"up":{"uv":[7.5,11.25,7.0,11.0],"rotation":270,"texture":"#eea870d5-8f35-58c0-ae5c-724a49ed9e6c","tintindex":0},"west":{"uv":[8.0,3.25,8.5,3.5],"rotation":0,"texture":"#eea870d5-8f35-58c0-ae5c-724a49ed9e6c","tintindex":0}}},{"name":"cube","from":[5.647261,7.440901,7.4],"to":[6.6372614,8.640901,8.6],"rotation":{"angle":-45.0,"axis":"z","origin":[6.310251,8.06617,8.0]},"faces":{"down":{"uv":[15.25,11.5,14.75,12.0],"rotation":90,"texture":"#eea870d5-8f35-58c0-ae5c-724a49ed9e6c","tintindex":0},"east":{"uv":[14.75,10.0,15.25,10.5],"rotation":0,"texture":"#eea870d5-8f35-58c0-ae5c-724a49ed9e6c","tintindex":0},"north":{"uv":[10.0,14.75,10.5,15.25],"rotation":0,"texture":"#eea870d5-8f35-58c0-ae5c-724a49ed9e6c","tintindex":0},"south":{"uv":[14.75,10.5,15.25,11.0],"rotation":0,"texture":"#eea870d5-8f35-58c0-ae5c-724a49ed9e6c","tintindex":0},"up":{"uv":[15.25,11.5,14.75,11.0],"rotation":270,"texture":"#eea870d5-8f35-58c0-ae5c-724a49ed9e6c","tintindex":0},"west":{"uv":[14.75,9.5,15.25,10.0],"rotation":0,"texture":"#eea870d5-8f35-58c0-ae5c-724a49ed9e6c","tintindex":0}}},{"name":"cube","from":[6.097842,7.3685784,7.1],"to":[7.8978424,9.168579,8.9],"rotation":{"angle":0.0,"axis":"x","origin":[6.310251,8.06617,8.0]},"faces":{"down":{"uv":[14.75,11.0,14.0,11.75],"rotation":90,"texture":"#eea870d5-8f35-58c0-ae5c-724a49ed9e6c","tintindex":0},"east":{"uv":[14.0,8.75,14.75,9.5],"rotation":0,"texture":"#eea870d5-8f35-58c0-ae5c-724a49ed9e6c","tintindex":0},"north":{"uv":[8.75,14.0,9.5,14.75],"rotation":0,"texture":"#eea870d5-8f35-58c0-ae5c-724a49ed9e6c","tintindex":0},"south":{"uv":[14.0,9.5,14.75,10.25],"rotation":0,"texture":"#eea870d5-8f35-58c0-ae5c-724a49ed9e6c","tintindex":0},"up":{"uv":[14.75,11.0,14.0,10.25],"rotation":270,"texture":"#eea870d5-8f35-58c0-ae5c-724a49ed9e6c","tintindex":0},"west":{"uv":[8.0,14.0,8.75,14.75],"rotation":0,"texture":"#eea870d5-8f35-58c0-ae5c-724a49ed9e6c","tintindex":0}}}],"display":{"head":{"translation":[0.0,-6.4,0.0],"rotation":[0.0,0.0,0.0],"scale":[3.8095,3.8095,3.8095]},"gui":{"translation":[0.0,0.0,0.0],"rotation":[35.0,225.0,0.0],"scale":[0.625,0.625,0.625]}}}