{"file_name":"lefthand","texture_size":[64,64],"textures":{"eea870d5-8f35-58c0-ae5c-724a49ed9e6c":"modelengine:entity/archer"},"elements":[{"name":"cube","from":[6.6499996,3.7999997,5.8999996],"to":[9.05,6.8,8.3],"rotation":{"angle":0.0,"axis":"x","origin":[7.85,4.7749996,6.95]},"faces":{"down":{"uv":[14.0,12.0,13.0,13.0],"rotation":90,"texture":"#eea870d5-8f35-58c0-ae5c-724a49ed9e6c","tintindex":0},"east":{"uv":[12.25,0.0,13.25,1.25],"rotation":0,"texture":"#eea870d5-8f35-58c0-ae5c-724a49ed9e6c","tintindex":0},"north":{"uv":[12.0,12.0,13.0,13.25],"rotation":0,"texture":"#eea870d5-8f35-58c0-ae5c-724a49ed9e6c","tintindex":0},"south":{"uv":[3.5,12.25,4.5,13.5],"rotation":0,"texture":"#eea870d5-8f35-58c0-ae5c-724a49ed9e6c","tintindex":0},"up":{"uv":[14.0,10.75,13.0,9.75],"rotation":270,"texture":"#eea870d5-8f35-58c0-ae5c-724a49ed9e6c","tintindex":0},"west":{"uv":[9.5,7.5,10.5,8.75],"rotation":0,"texture":"#eea870d5-8f35-58c0-ae5c-724a49ed9e6c","tintindex":0}}},{"name":"cube","from":[6.95,6.8,6.2],"to":[8.75,8.0,8.0],"rotation":{"angle":0.0,"axis":"x","origin":[7.85,4.7749996,6.95]},"faces":{"down":{"uv":[14.75,0.75,14.0,1.5],"rotation":90,"texture":"#eea870d5-8f35-58c0-ae5c-724a49ed9e6c","tintindex":0},"east":{"uv":[14.5,2.75,15.25,3.25],"rotation":0,"texture":"#eea870d5-8f35-58c0-ae5c-724a49ed9e6c","tintindex":0},"north":{"uv":[12.75,2.75,13.5,3.25],"rotation":0,"texture":"#eea870d5-8f35-58c0-ae5c-724a49ed9e6c","tintindex":0},"south":{"uv":[3.5,14.5,4.25,15.0],"rotation":0,"texture":"#eea870d5-8f35-58c0-ae5c-724a49ed9e6c","tintindex":0},"up":{"uv":[1.5,14.75,0.75,14.0],"rotation":270,"texture":"#eea870d5-8f35-58c0-ae5c-724a49ed9e6c","tintindex":0},"west":{"uv":[1.25,8.75,2.0,9.25],"rotation":0,"texture":"#eea870d5-8f35-58c0-ae5c-724a49ed9e6c","tintindex":0}}},{"name":"cube","from":[6.6499996,2.6,5.8999996],"to":[7.85,3.7999997,8.3],"rotation":{"angle":0.0,"axis":"x","origin":[7.85,4.7749996,6.95]},"faces":{"down":{"uv":[15.25,5.75,14.25,6.25],"rotation":90,"texture":"#eea870d5-8f35-58c0-ae5c-724a49ed9e6c","tintindex":0},"east":{"uv":[14.25,4.75,15.25,5.25],"rotation":0,"texture":"#eea870d5-8f35-58c0-ae5c-724a49ed9e6c","tintindex":0},"north":{"uv":[10.0,1.5,10.5,2.0],"rotation":0,"texture":"#eea870d5-8f35-58c0-ae5c-724a49ed9e6c","tintindex":0},"south":{"uv":[1.5,14.0,2.0,14.5],"rotation":0,"texture":"#eea870d5-8f35-58c0-ae5c-724a49ed9e6c","tintindex":0},"up":{"uv":[15.25,5.75,14.25,5.25],"rotation":270,"texture":"#eea870d5-8f35-58c0-ae5c-724a49ed9e6c","tintindex":0},"west":{"uv":[14.0,12.5,15.0,13.0],"rotation":0,"texture":"#eea870d5-8f35-58c0-ae5c-724a49ed9e6c","tintindex":0}}},{"name":"cube","from":[7.85,2.6,5.8999996],"to":[9.05,3.7999997,7.1],"rotation":{"angle":0.0,"axis":"x","origin":[7.85,4.7749996,6.95]},"faces":{"down":{"uv":[15.25,1.5,14.75,2.0],"rotation":90,"texture":"#eea870d5-8f35-58c0-ae5c-724a49ed9e6c","tintindex":0},"east":{"uv":[14.75,0.5,15.25,1.0],"rotation":0,"texture":"#eea870d5-8f35-58c0-ae5c-724a49ed9e6c","tintindex":0},"north":{"uv":[14.5,14.25,15.0,14.75],"rotation":0,"texture":"#eea870d5-8f35-58c0-ae5c-724a49ed9e6c","tintindex":0},"south":{"uv":[0.75,14.75,1.25,15.25],"rotation":0,"texture":"#eea870d5-8f35-58c0-ae5c-724a49ed9e6c","tintindex":0},"up":{"uv":[15.25,1.5,14.75,1.0],"rotation":270,"texture":"#eea870d5-8f35-58c0-ae5c-724a49ed9e6c","tintindex":0},"west":{"uv":[14.0,14.5,14.5,15.0],"rotation":0,"texture":"#eea870d5-8f35-58c0-ae5c-724a49ed9e6c","tintindex":0}}}],"display":{"head":{"translation":[0.0,-6.4,0.0],"rotation":[0.0,0.0,0.0],"scale":[3.8095,3.8095,3.8095]},"gui":{"translation":[0.0,0.0,0.0],"rotation":[35.0,225.0,0.0],"scale":[0.625,0.625,0.625]}}}