{"file_name":"noggin","texture_size":[64,64],"textures":{"eea870d5-8f35-58c0-ae5c-724a49ed9e6c":"modelengine:entity/archer"},"elements":[{"name":"cube","from":[5.6,8.0,5.0],"to":[10.4,12.8,9.8],"rotation":{"angle":0.0,"axis":"x","origin":[8.0,10.85,7.4]},"faces":{"down":{"uv":[10.5,2.0,8.5,4.0],"rotation":90,"texture":"#eea870d5-8f35-58c0-ae5c-724a49ed9e6c","tintindex":0},"east":{"uv":[2.0,7.25,4.0,9.25],"rotation":0,"texture":"#eea870d5-8f35-58c0-ae5c-724a49ed9e6c","tintindex":0},"north":{"uv":[6.75,0.0,8.75,2.0],"rotation":0,"texture":"#eea870d5-8f35-58c0-ae5c-724a49ed9e6c","tintindex":0},"south":{"uv":[7.5,5.0,9.5,7.0],"rotation":0,"texture":"#eea870d5-8f35-58c0-ae5c-724a49ed9e6c","tintindex":0},"up":{"uv":[9.5,9.0,7.5,7.0],"rotation":270,"texture":"#eea870d5-8f35-58c0-ae5c-724a49ed9e6c","tintindex":0},"west":{"uv":[0.0,6.75,2.0,8.75],"rotation":0,"texture":"#eea870d5-8f35-58c0-ae5c-724a49ed9e6c","tintindex":0}}},{"name":"cube","from":[7.4,9.8,4.3999996],"to":[8.6,10.4,5.0],"rotation":{"angle":0.0,"axis":"x","origin":[8.0,10.85,7.4]},"faces":{"down":{"uv":[1.25,15.5,1.0,16.0],"rotation":90,"texture":"#eea870d5-8f35-58c0-ae5c-724a49ed9e6c","tintindex":0},"east":{"uv":[0.5,15.75,0.75,16.0],"rotation":0,"texture":"#eea870d5-8f35-58c0-ae5c-724a49ed9e6c","tintindex":0},"north":{"uv":[0.0,15.75,0.5,16.0],"rotation":0,"texture":"#eea870d5-8f35-58c0-ae5c-724a49ed9e6c","tintindex":0},"south":{"uv":[0.0,15.5,0.5,15.75],"rotation":0,"texture":"#eea870d5-8f35-58c0-ae5c-724a49ed9e6c","tintindex":0},"up":{"uv":[1.0,16.0,0.75,15.5],"rotation":270,"texture":"#eea870d5-8f35-58c0-ae5c-724a49ed9e6c","tintindex":0},"west":{"uv":[0.5,15.5,0.75,15.75],"rotation":0,"texture":"#eea870d5-8f35-58c0-ae5c-724a49ed9e6c","tintindex":0}}},{"name":"cube","from":[6.8,11.3,8.3],"to":[9.2,13.7,11.900001],"rotation":{"angle":0.0,"axis":"x","origin":[8.0,10.85,7.4]},"faces":{"down":{"uv":[13.5,5.25,12.0,6.25],"rotation":90,"texture":"#eea870d5-8f35-58c0-ae5c-724a49ed9e6c","tintindex":0},"east":{"uv":[12.0,3.25,13.5,4.25],"rotation":0,"texture":"#eea870d5-8f35-58c0-ae5c-724a49ed9e6c","tintindex":0},"north":{"uv":[8.5,4.0,9.5,5.0],"rotation":0,"texture":"#eea870d5-8f35-58c0-ae5c-724a49ed9e6c","tintindex":0},"south":{"uv":[9.0,13.0,10.0,14.0],"rotation":0,"texture":"#eea870d5-8f35-58c0-ae5c-724a49ed9e6c","tintindex":0},"up":{"uv":[13.5,5.25,12.0,4.25],"rotation":270,"texture":"#eea870d5-8f35-58c0-ae5c-724a49ed9e6c","tintindex":0},"west":{"uv":[2.0,12.0,3.5,13.0],"rotation":0,"texture":"#eea870d5-8f35-58c0-ae5c-724a49ed9e6c","tintindex":0}}},{"name":"cube","from":[5.3,7.7,4.7],"to":[10.700001,13.1,10.1],"rotation":{"angle":0.0,"axis":"x","origin":[8.0,10.85,7.4]},"faces":{"down":{"uv":[6.75,0.0,4.5,2.25],"rotation":90,"texture":"#eea870d5-8f35-58c0-ae5c-724a49ed9e6c","tintindex":0},"east":{"uv":[2.25,0.0,4.5,2.25],"rotation":0,"texture":"#eea870d5-8f35-58c0-ae5c-724a49ed9e6c","tintindex":0},"north":{"uv":[0.0,2.25,2.25,4.5],"rotation":0,"texture":"#eea870d5-8f35-58c0-ae5c-724a49ed9e6c","tintindex":0},"south":{"uv":[2.25,2.25,4.5,4.5],"rotation":0,"texture":"#eea870d5-8f35-58c0-ae5c-724a49ed9e6c","tintindex":0},"up":{"uv":[2.25,6.75,0.0,4.5],"rotation":270,"texture":"#eea870d5-8f35-58c0-ae5c-724a49ed9e6c","tintindex":0},"west":{"uv":[0.0,0.0,2.25,2.25],"rotation":0,"texture":"#eea870d5-8f35-58c0-ae5c-724a49ed9e6c","tintindex":0}}}],"display":{"head":{"translation":[0.0,-6.4,0.0],"rotation":[0.0,0.0,0.0],"scale":[3.8095,3.8095,3.8095]},"gui":{"translation":[0.0,0.0,0.0],"rotation":[35.0,225.0,0.0],"scale":[0.625,0.625,0.625]}}}