{"file_name":"rightfoot","texture_size":[64,64],"textures":{"eea870d5-8f35-58c0-ae5c-724a49ed9e6c":"modelengine:entity/archer"},"elements":[{"name":"cube","from":[7.1,6.8,8.0],"to":[8.9,8.0,10.4],"rotation":{"angle":0.0,"axis":"x","origin":[8.0,5.1,8.6]},"faces":{"down":{"uv":[14.5,3.25,13.5,2.5],"rotation":90,"texture":"#eea870d5-8f35-58c0-ae5c-724a49ed9e6c","tintindex":0},"east":{"uv":[5.0,8.5,4.0,9.0],"rotation":0,"texture":"#eea870d5-8f35-58c0-ae5c-724a49ed9e6c","tintindex":0},"north":{"uv":[11.25,13.0,10.5,13.5],"rotation":0,"texture":"#eea870d5-8f35-58c0-ae5c-724a49ed9e6c","tintindex":0},"south":{"uv":[12.0,13.25,11.25,13.75],"rotation":0,"texture":"#eea870d5-8f35-58c0-ae5c-724a49ed9e6c","tintindex":0},"up":{"uv":[14.25,8.0,13.25,8.75],"rotation":270,"texture":"#eea870d5-8f35-58c0-ae5c-724a49ed9e6c","tintindex":0},"west":{"uv":[10.5,12.5,9.5,13.0],"rotation":0,"texture":"#eea870d5-8f35-58c0-ae5c-724a49ed9e6c","tintindex":0}}},{"name":"cube","from":[6.8,2.6,7.7],"to":[9.2,6.8,10.700001],"rotation":{"angle":0.0,"axis":"x","origin":[8.0,5.1,8.6]},"faces":{"down":{"uv":[7.0,13.5,5.75,12.5],"rotation":90,"texture":"#eea870d5-8f35-58c0-ae5c-724a49ed9e6c","tintindex":0},"east":{"uv":[11.75,1.5,10.5,3.25],"rotation":0,"texture":"#eea870d5-8f35-58c0-ae5c-724a49ed9e6c","tintindex":0},"north":{"uv":[12.5,7.25,11.5,9.0],"rotation":0,"texture":"#eea870d5-8f35-58c0-ae5c-724a49ed9e6c","tintindex":0},"south":{"uv":[12.75,1.5,11.75,3.25],"rotation":0,"texture":"#eea870d5-8f35-58c0-ae5c-724a49ed9e6c","tintindex":0},"up":{"uv":[5.75,12.5,4.5,13.5],"rotation":270,"texture":"#eea870d5-8f35-58c0-ae5c-724a49ed9e6c","tintindex":0},"west":{"uv":[5.0,10.5,3.75,12.25],"rotation":0,"texture":"#eea870d5-8f35-58c0-ae5c-724a49ed9e6c","tintindex":0}}},{"name":"cube","from":[6.8,2.6,7.1],"to":[9.2,3.7999997,7.7],"rotation":{"angle":0.0,"axis":"x","origin":[8.0,5.1,8.6]},"faces":{"down":{"uv":[10.0,15.0,9.75,14.0],"rotation":90,"texture":"#eea870d5-8f35-58c0-ae5c-724a49ed9e6c","tintindex":0},"east":{"uv":[8.25,13.5,8.0,14.0],"rotation":0,"texture":"#eea870d5-8f35-58c0-ae5c-724a49ed9e6c","tintindex":0},"north":{"uv":[15.25,8.0,14.25,8.5],"rotation":0,"texture":"#eea870d5-8f35-58c0-ae5c-724a49ed9e6c","tintindex":0},"south":{"uv":[15.25,13.0,14.25,13.5],"rotation":0,"texture":"#eea870d5-8f35-58c0-ae5c-724a49ed9e6c","tintindex":0},"up":{"uv":[4.0,9.25,3.75,10.25],"rotation":270,"texture":"#eea870d5-8f35-58c0-ae5c-724a49ed9e6c","tintindex":0},"west":{"uv":[11.75,14.5,11.5,15.0],"rotation":0,"texture":"#eea870d5-8f35-58c0-ae5c-724a49ed9e6c","tintindex":0}}}],"display":{"head":{"translation":[0.0,-6.4,0.0],"rotation":[0.0,0.0,0.0],"scale":[3.8095,3.8095,3.8095]},"gui":{"translation":[0.0,0.0,0.0],"rotation":[35.0,225.0,0.0],"scale":[0.625,0.625,0.625]}}}