{"textures":{"0":"modelengine:entity/cc_tinkerer"},"elements":[{"name":"cube","from":[-8.73463,3.7142184,5.264107],"to":[-1.4386296,12.834218,10.736107],"rotation":{"angle":0.0,"axis":"x","origin":[8.60919,14.947907,9.824107]},"faces":{"down":{"uv":[11.25,7.875,9.75,6.75],"rotation":0,"texture":"#0","tintindex":0},"east":{"uv":[1.875,5.625,3.0,7.5],"rotation":0,"texture":"#0","tintindex":0},"north":{"uv":[3.0,0.0,4.5,1.875],"rotation":90,"texture":"#0","tintindex":0},"south":{"uv":[3.0,1.875,4.5,0.0],"rotation":90,"texture":"#0","tintindex":0},"up":{"uv":[11.25,7.875,9.75,6.75],"rotation":0,"texture":"#0","tintindex":0},"west":{"uv":[4.125,7.125,5.25,9.0],"rotation":0,"texture":"#0","tintindex":0}}},{"name":"cube","from":[-2.5375004,6.0684032,5.2688837],"to":[1.1009474,11.530851,10.731331],"rotation":{"angle":-22.5,"axis":"z","origin":[8.60919,14.947907,9.824107]},"faces":{"down":{"uv":[3.375,11.25,2.625,12.375],"rotation":0,"texture":"#0","tintindex":0},"east":{"uv":[7.875,10.125,9.0,11.25],"rotation":0,"texture":"#0","tintindex":0},"north":{"uv":[7.875,11.25,8.625,12.375],"rotation":0,"texture":"#0","tintindex":0},"south":{"uv":[7.125,10.5,7.875,11.625],"rotation":0,"texture":"#0","tintindex":0},"up":{"uv":[7.125,11.625,6.0,10.5],"rotation":0,"texture":"#0","tintindex":0},"west":{"uv":[10.125,2.25,11.25,3.375],"rotation":0,"texture":"#0","tintindex":0}}},{"name":"cube","from":[-2.5295534,5.01941,5.2743793],"to":[1.1015503,10.474514,10.729484],"rotation":{"angle":22.5,"axis":"z","origin":[8.613466,1.5986818,9.825932]},"faces":{"down":{"uv":[12.75,9.0,12.0,10.125],"rotation":0,"texture":"#0","tintindex":0},"east":{"uv":[10.125,10.5,11.25,11.625],"rotation":0,"texture":"#0","tintindex":0},"north":{"uv":[7.875,11.25,8.625,12.375],"rotation":0,"texture":"#0","tintindex":0},"south":{"uv":[3.375,12.0,4.125,13.125],"rotation":0,"texture":"#0","tintindex":0},"up":{"uv":[7.125,11.625,6.0,10.5],"rotation":0,"texture":"#0","tintindex":0},"west":{"uv":[10.875,5.625,12.0,6.75],"rotation":0,"texture":"#0","tintindex":0}}},{"name":"cube","from":[-4.055953,5.692815,5.267155],"to":[3.2375994,14.810368,10.736708],"rotation":{"angle":-45.0,"axis":"z","origin":[8.584496,14.941904,9.825932]},"faces":{"down":{"uv":[11.25,7.875,9.75,6.75],"rotation":0,"texture":"#0","tintindex":0},"east":{"uv":[6.375,3.0,7.5,4.875],"rotation":0,"texture":"#0","tintindex":0},"north":{"uv":[4.5,0.0,3.0,1.875],"rotation":90,"texture":"#0","tintindex":0},"south":{"uv":[3.0,1.875,4.5,0.0],"rotation":90,"texture":"#0","tintindex":0},"up":{"uv":[11.25,7.875,9.75,6.75],"rotation":0,"texture":"#0","tintindex":0},"west":{"uv":[4.125,7.125,5.25,9.0],"rotation":0,"texture":"#0","tintindex":0}}},{"name":"cube","from":[3.3421984,18.874046,5.2713313],"to":[8.799751,22.507599,10.728884],"rotation":{"angle":22.5,"axis":"z","origin":[8.60919,14.947907,9.824107]},"faces":{"down":{"uv":[4.875,10.125,3.75,11.25],"rotation":0,"texture":"#0","tintindex":0},"east":{"uv":[3.375,11.25,4.5,12.0],"rotation":0,"texture":"#0","tintindex":0},"north":{"uv":[7.875,11.25,8.625,12.375],"rotation":0,"texture":"#0","tintindex":0},"south":{"uv":[11.25,6.75,12.375,7.5],"rotation":0,"texture":"#0","tintindex":0},"up":{"uv":[7.125,11.625,6.0,10.5],"rotation":0,"texture":"#0","tintindex":0},"west":{"uv":[11.25,7.5,12.375,8.25],"rotation":0,"texture":"#0","tintindex":0}}},{"name":"cube","from":[18.734482,3.7033436,5.263531],"to":[26.027988,12.820847,10.733035],"rotation":{"angle":0.0,"axis":"x","origin":[8.685414,1.5884061,9.822283]},"faces":{"down":{"uv":[11.25,7.875,9.75,6.75],"rotation":0,"texture":"#0","tintindex":0},"east":{"uv":[3.0,7.125,4.125,9.0],"rotation":0,"texture":"#0","tintindex":0},"north":{"uv":[4.5,1.875,3.0,0.0],"rotation":90,"texture":"#0","tintindex":0},"south":{"uv":[3.0,0.0,4.5,1.875],"rotation":90,"texture":"#0","tintindex":0},"up":{"uv":[11.25,7.875,9.75,6.75],"rotation":0,"texture":"#0","tintindex":0},"west":{"uv":[4.125,7.125,5.25,9.0],"rotation":0,"texture":"#0","tintindex":0}}},{"name":"cube","from":[16.189383,6.0581274,5.2688837],"to":[19.827831,11.520575,10.731331],"rotation":{"angle":22.5,"axis":"z","origin":[8.681139,14.937633,9.824107]},"faces":{"down":{"uv":[0.75,11.625,0.0,12.75],"rotation":0,"texture":"#0","tintindex":0},"east":{"uv":[7.875,10.125,9.0,11.25],"rotation":0,"texture":"#0","tintindex":0},"north":{"uv":[7.875,11.25,8.625,12.375],"rotation":0,"texture":"#0","tintindex":0},"south":{"uv":[11.25,10.125,12.0,11.25],"rotation":0,"texture":"#0","tintindex":0},"up":{"uv":[7.125,11.625,6.0,10.5],"rotation":0,"texture":"#0","tintindex":0},"west":{"uv":[0.0,10.5,1.125,11.625],"rotation":0,"texture":"#0","tintindex":0}}},{"name":"cube","from":[14.025423,5.6934385,5.2641315],"to":[21.31773,14.809743,10.732435],"rotation":{"angle":45.0,"axis":"z","origin":[8.677902,14.941904,9.822283]},"faces":{"down":{"uv":[11.25,7.875,9.75,6.75],"rotation":0,"texture":"#0","tintindex":0},"east":{"uv":[3.0,7.125,4.125,9.0],"rotation":0,"texture":"#0","tintindex":0},"north":{"uv":[4.5,1.875,3.0,0.0],"rotation":90,"texture":"#0","tintindex":0},"south":{"uv":[3.0,0.0,4.5,1.875],"rotation":90,"texture":"#0","tintindex":0},"up":{"uv":[11.25,7.875,9.75,6.75],"rotation":0,"texture":"#0","tintindex":0},"west":{"uv":[4.125,7.125,5.25,9.0],"rotation":0,"texture":"#0","tintindex":0}}},{"name":"cube","from":[8.462648,18.874046,5.2713313],"to":[13.9202,22.507599,10.728884],"rotation":{"angle":-22.5,"axis":"z","origin":[8.653209,14.947907,9.824107]},"faces":{"down":{"uv":[11.625,3.375,10.5,4.5],"rotation":0,"texture":"#0","tintindex":0},"east":{"uv":[7.875,10.125,9.0,11.25],"rotation":0,"texture":"#0","tintindex":0},"north":{"uv":[7.875,11.25,8.625,12.375],"rotation":0,"texture":"#0","tintindex":0},"south":{"uv":[11.625,1.125,12.75,1.875],"rotation":0,"texture":"#0","tintindex":0},"up":{"uv":[7.125,11.625,6.0,10.5],"rotation":0,"texture":"#0","tintindex":0},"west":{"uv":[11.625,3.375,12.75,4.125],"rotation":0,"texture":"#0","tintindex":0}}},{"name":"cube","from":[4.0712237,18.364153,5.262307],"to":[13.191175,25.660107,10.734259],"rotation":{"angle":0.0,"axis":"x","origin":[8.646387,14.952925,9.822283]},"faces":{"down":{"uv":[8.25,7.125,6.375,8.25],"rotation":0,"texture":"#0","tintindex":0},"east":{"uv":[11.25,7.875,9.75,6.75],"rotation":0,"texture":"#0","tintindex":0},"north":{"uv":[3.0,0.0,4.5,1.875],"rotation":0,"texture":"#0","tintindex":0},"south":{"uv":[3.0,0.0,4.5,1.875],"rotation":0,"texture":"#0","tintindex":0},"up":{"uv":[3.0,7.125,4.125,9.0],"rotation":0,"texture":"#0","tintindex":0},"west":{"uv":[4.125,7.125,5.25,9.0],"rotation":0,"texture":"#0","tintindex":0}}},{"name":"cube","from":[16.193657,5.005462,5.2670593],"to":[19.832104,10.467911,10.729507],"rotation":{"angle":-22.5,"axis":"z","origin":[8.685414,1.5884061,9.822283]},"faces":{"down":{"uv":[6.0,11.625,5.25,12.75],"rotation":0,"texture":"#0","tintindex":0},"east":{"uv":[7.875,10.125,9.0,11.25],"rotation":0,"texture":"#0","tintindex":0},"north":{"uv":[7.875,11.25,8.625,12.375],"rotation":0,"texture":"#0","tintindex":0},"south":{"uv":[11.625,4.125,12.375,5.25],"rotation":0,"texture":"#0","tintindex":0},"up":{"uv":[7.125,11.625,6.0,10.5],"rotation":0,"texture":"#0","tintindex":0},"west":{"uv":[4.875,10.5,6.0,11.625],"rotation":0,"texture":"#0","tintindex":0}}},{"name":"cube","from":[14.055781,1.7247236,5.264107],"to":[21.35178,10.844725,10.736107],"rotation":{"angle":-45.0,"axis":"z","origin":[8.710108,1.5944097,9.824107]},"faces":{"down":{"uv":[11.25,7.875,9.75,6.75],"rotation":0,"texture":"#0","tintindex":0},"east":{"uv":[3.0,7.125,4.125,9.0],"rotation":0,"texture":"#0","tintindex":0},"north":{"uv":[3.0,1.875,4.5,0.0],"rotation":90,"texture":"#0","tintindex":0},"south":{"uv":[3.0,0.0,4.5,1.875],"rotation":90,"texture":"#0","tintindex":0},"up":{"uv":[11.25,7.875,9.75,6.75],"rotation":0,"texture":"#0","tintindex":0},"west":{"uv":[7.5,3.0,8.625,4.875],"rotation":0,"texture":"#0","tintindex":0}}},{"name":"cube","from":[8.4960785,-5.9700613,5.2707314],