{"file_name":"swingeffect","texture_size":[16,16],"textures":{"8d302e6e-081f-f586-7f48-266ca0530d7a":"modelengine:entity/spineffect"},"elements":[{"name":"swingeffect","from":[-7.552001,9.296,-7.552001],"to":[23.551998,10.3328,23.551998],"rotation":{"angle":0.0,"axis":"x","origin":[8.0,-0.40000033,8.0]},"faces":{"down":{"uv":[16.0,0.0,0.0,16.0],"rotation":0,"texture":"#8d302e6e-081f-f586-7f48-266ca0530d7a","tintindex":0},"east":{"uv":[8.0,8.0,9.0,7.0],"rotation":0,"texture":"#8d302e6e-081f-f586-7f48-266ca0530d7a","tintindex":0},"north":{"uv":[8.0,8.0,9.0,7.0],"rotation":0,"texture":"#8d302e6e-081f-f586-7f48-266ca0530d7a","tintindex":0},"south":{"uv":[8.0,8.0,9.0,7.0],"rotation":0,"texture":"#8d302e6e-081f-f586-7f48-266ca0530d7a","tintindex":0},"up":{"uv":[8.0,7.0,9.0,8.0],"rotation":0,"texture":"#8d302e6e-081f-f586-7f48-266ca0530d7a","tintindex":0},"west":{"uv":[8.0,8.0,9.0,7.0],"rotation":0,"texture":"#8d302e6e-081f-f586-7f48-266ca0530d7a","tintindex":0}}},{"name":"swingeffect","from":[-7.552001,5.0959997,-7.552001],"to":[23.551998,6.1327996,23.551998],"rotation":{"angle":0.0,"axis":"x","origin":[8.0,-0.40000033,8.0]},"faces":{"down":{"uv":[16.0,0.0,0.0,16.0],"rotation":0,"texture":"#8d302e6e-081f-f586-7f48-266ca0530d7a","tintindex":0},"east":{"uv":[8.0,8.0,9.0,7.0],"rotation":0,"texture":"#8d302e6e-081f-f586-7f48-266ca0530d7a","tintindex":0},"north":{"uv":[8.0,8.0,9.0,7.0],"rotation":0,"texture":"#8d302e6e-081f-f586-7f48-266ca0530d7a","tintindex":0},"south":{"uv":[8.0,8.0,9.0,7.0],"rotation":0,"texture":"#8d302e6e-081f-f586-7f48-266ca0530d7a","tintindex":0},"up":{"uv":[8.0,7.0,9.0,8.0],"rotation":0,"texture":"#8d302e6e-081f-f586-7f48-266ca0530d7a","tintindex":0},"west":{"uv":[8.0,8.0,9.0,7.0],"rotation":0,"texture":"#8d302e6e-081f-f586-7f48-266ca0530d7a","tintindex":0}}},{"name":"swingeffect","from":[-7.552001,8.0672,-7.552001],"to":[23.551998,9.104,23.551998],"rotation":{"angle":0.0,"axis":"x","origin":[8.0,-0.40000033,8.0]},"faces":{"down":{"uv":[9.0,8.0,8.0,7.0],"rotation":0,"texture":"#8d302e6e-081f-f586-7f48-266ca0530d7a","tintindex":0},"east":{"uv":[8.0,7.0,9.0,8.0],"rotation":0,"texture":"#8d302e6e-081f-f586-7f48-266ca0530d7a","tintindex":0},"north":{"uv":[8.0,7.0,9.0,8.0],"rotation":0,"texture":"#8d302e6e-081f-f586-7f48-266ca0530d7a","tintindex":0},"south":{"uv":[8.0,7.0,9.0,8.0],"rotation":0,"texture":"#8d302e6e-081f-f586-7f48-266ca0530d7a","tintindex":0},"up":{"uv":[0.0,16.0,16.0,0.0],"rotation":0,"texture":"#8d302e6e-081f-f586-7f48-266ca0530d7a","tintindex":0},"west":{"uv":[8.0,7.0,9.0,8.0],"rotation":0,"texture":"#8d302e6e-081f-f586-7f48-266ca0530d7a","tintindex":0}}},{"name":"swingeffect","from":[-7.552001,3.8672,-7.552001],"to":[23.551998,4.904,23.551998],"rotation":{"angle":0.0,"axis":"x","origin":[8.0,-0.40000033,8.0]},"faces":{"down":{"uv":[9.0,8.0,8.0,7.0],"rotation":0,"texture":"#8d302e6e-081f-f586-7f48-266ca0530d7a","tintindex":0},"east":{"uv":[8.0,7.0,9.0,8.0],"rotation":0,"texture":"#8d302e6e-081f-f586-7f48-266ca0530d7a","tintindex":0},"north":{"uv":[8.0,7.0,9.0,8.0],"rotation":0,"texture":"#8d302e6e-081f-f586-7f48-266ca0530d7a","tintindex":0},"south":{"uv":[8.0,7.0,9.0,8.0],"rotation":0,"texture":"#8d302e6e-081f-f586-7f48-266ca0530d7a","tintindex":0},"up":{"uv":[0.0,16.0,16.0,0.0],"rotation":0,"texture":"#8d302e6e-081f-f586-7f48-266ca0530d7a","tintindex":0},"west":{"uv":[8.0,7.0,9.0,8.0],"rotation":0,"texture":"#8d302e6e-081f-f586-7f48-266ca0530d7a","tintindex":0}}}],"display":{"head":{"translation":[0.0,-6.4,0.0],"rotation":[0.0,0.0,0.0],"scale":[3.8095,3.8095,3.8095]},"gui":{"translation":[0.0,0.0,0.0],"rotation":[35.0,225.0,0.0],"scale":[0.625,0.625,0.625]}}}