{"file_name":"head","texture_size":[256,256],"textures":{"18889b5d-bcff-5683-a4e4-f6d1a81fe940":"modelengine:entity/mortos2"},"elements":[{"name":"cube","from":[3.1999998,5.0,-14.499999],"to":[11.6,8.6,4.1],"rotation":{"angle":0.0,"axis":"x","origin":[5.6,5.6,-4.2999983]},"faces":{"down":{"uv":[6.49375,3.19375,5.63125,5.11875],"rotation":0,"texture":"#18889b5d-bcff-5683-a4e4-f6d1a81fe940","tintindex":0},"east":{"uv":[8.69375,1.00625,10.61875,1.36875],"rotation":0,"texture":"#18889b5d-bcff-5683-a4e4-f6d1a81fe940","tintindex":0},"north":{"uv":[10.81875,9.25625,11.68125,9.61875],"rotation":0,"texture":"#18889b5d-bcff-5683-a4e4-f6d1a81fe940","tintindex":0},"south":{"uv":[10.81875,9.63125,11.68125,9.99375],"rotation":0,"texture":"#18889b5d-bcff-5683-a4e4-f6d1a81fe940","tintindex":0},"up":{"uv":[6.05625,3.18125,5.19375,1.25625],"rotation":0,"texture":"#18889b5d-bcff-5683-a4e4-f6d1a81fe940","tintindex":0},"west":{"uv":[8.69375,1.38125,10.61875,1.74375],"rotation":0,"texture":"#18889b5d-bcff-5683-a4e4-f6d1a81fe940","tintindex":0}}},{"name":"cube","from":[3.6499999,2.6,-13.899999],"to":[3.6499999,8.6,-4.2999983],"rotation":{"angle":0.0,"axis":"x","origin":[5.6,5.6,-4.2999983]},"faces":{"down":{"uv":[0.00625,0.00625,0.00625,0.99375],"rotation":0,"texture":"#18889b5d-bcff-5683-a4e4-f6d1a81fe940","tintindex":0},"east":{"uv":[0.00625,9.13125,0.99375,9.74375],"rotation":0,"texture":"#18889b5d-bcff-5683-a4e4-f6d1a81fe940","tintindex":0},"north":{"uv":[0.00625,0.00625,0.00625,0.61875],"rotation":0,"texture":"#18889b5d-bcff-5683-a4e4-f6d1a81fe940","tintindex":0},"south":{"uv":[0.00625,0.00625,0.00625,0.61875],"rotation":0,"texture":"#18889b5d-bcff-5683-a4e4-f6d1a81fe940","tintindex":0},"up":{"uv":[0.00625,0.99375,0.00625,0.00625],"rotation":0,"texture":"#18889b5d-bcff-5683-a4e4-f6d1a81fe940","tintindex":0},"west":{"uv":[0.00625,9.13125,0.99375,9.74375],"rotation":0,"texture":"#18889b5d-bcff-5683-a4e4-f6d1a81fe940","tintindex":0}}},{"name":"cube","from":[3.6499999,2.6,-13.899999],"to":[11.45,8.6,-13.899999],"rotation":{"angle":0.0,"axis":"x","origin":[5.6,5.6,-4.2999983]},"faces":{"down":{"uv":[0.80625,0.00625,0.00625,0.00625],"rotation":0,"texture":"#18889b5d-bcff-5683-a4e4-f6d1a81fe940","tintindex":0},"east":{"uv":[0.00625,0.00625,0.00625,0.61875],"rotation":0,"texture":"#18889b5d-bcff-5683-a4e4-f6d1a81fe940","tintindex":0},"north":{"uv":[9.44375,8.25625,10.24375,8.86875],"rotation":0,"texture":"#18889b5d-bcff-5683-a4e4-f6d1a81fe940","tintindex":0},"south":{"uv":[9.44375,8.25625,10.24375,8.86875],"rotation":0,"texture":"#18889b5d-bcff-5683-a4e4-f6d1a81fe940","tintindex":0},"up":{"uv":[0.80625,0.00625,0.00625,0.00625],"rotation":0,"texture":"#18889b5d-bcff-5683-a4e4-f6d1a81fe940","tintindex":0},"west":{"uv":[0.00625,0.00625,0.00625,0.61875],"rotation":0,"texture":"#18889b5d-bcff-5683-a4e4-f6d1a81fe940","tintindex":0}}},{"name":"cube","from":[3.1999998,7.774382,-13.948741],"to":[11.6,11.374382,-13.948741],"rotation":{"angle":22.5,"axis":"x","origin":[6.8,9.574383,-12.148741]},"faces":{"down":{"uv":[0.86875,0.00625,0.00625,0.00625],"rotation":0,"texture":"#18889b5d-bcff-5683-a4e4-f6d1a81fe940","tintindex":0},"east":{"uv":[0.00625,0.00625,0.00625,0.36875],"rotation":0,"texture":"#18889b5d-bcff-5683-a4e4-f6d1a81fe940","tintindex":0},"north":{"uv":[10.88125,0.00625,11.74375,0.36875],"rotation":0,"texture":"#18889b5d-bcff-5683-a4e4-f6d1a81fe940","tintindex":0},"south":{"uv":[10.88125,0.00625,11.74375,0.36875],"rotation":0,"texture":"#18889b5d-bcff-5683-a4e4-f6d1a81fe940","tintindex":0},"up":{"uv":[0.86875,0.00625,0.00625,0.00625],"rotation":0,"texture":"#18889b5d-bcff-5683-a4e4-f6d1a81fe940","tintindex":0},"west":{"uv":[0.00625,0.00625,0.00625,0.36875],"rotation":0,"texture":"#18889b5d-bcff-5683-a4e4-f6d1a81fe940","tintindex":0}}},{"name":"cube","from":[1.9999998,5.0,2.2999997],"to":[12.8,11.6,7.7],"rotation":{"angle":0.0,"axis":"x","origin":[5.6,5.6,-4.2999983]},"faces":{"down":{"uv":[10.05625,4.94375,8.94375,5.49375],"rotation":0,"texture":"#18889b5d-bcff-5683-a4e4-f6d1a81fe940","tintindex":0},"east":{"uv":[3.44375,10.31875,3.99375,10.99375],"rotation":0,"texture":"#18889b5d-bcff-5683-a4e4-f6d1a81fe940","tintindex":0},"north":{"uv":[8.06875,6.81875,9.18125,7.49375],"rotation":0,"texture":"#18889b5d-bcff-5683-a4e4-f6d1a81fe940","tintindex":0},"south":{"uv":[2.19375,8.38125,3.30625,9.05625],"rotation":0,"texture":"#18889b5d-bcff-5683-a4e4-f6d1a81fe940","tintindex":0},"up":{"uv":[9.80625,9.43125,8.69375,8.88125],"rotation":0,"texture":"#18889b5d-bcff-5683-a4e4-f6d1a81fe940","tintindex":0},"west":{"uv":[0.00625,10.44375,0.55625,11.11875],"rotation":0,"texture":"#18889b5d-bcff-5683-a4e4-f6d1a81fe940","tintindex":0}}},{"name":"cube","from":[3.7999997,7.117816,-10.485827],"to":[11.0,10.117817,-3.8858275],"rotation":{"angle":-22.5,"axis":"x","origin":[5.8999996,8.017817,-6.585828]},"faces":{"down":{"uv":[10.18125,9.44375,9.44375,10.11875],"rotation":0,"texture":"#18889b5d-bcff-5683-a4e4-f6d1a81fe940","tintindex":0},"east":{"uv":[5.31875,11.25625,5.99375,11.55625],"rotation":0,"texture":"#18889b5d-bcff-5683-a4e4-f6d1a81fe940","tintindex":0},"north":{"uv":[8.81875,0.69375,9.55625,0.99375],"rotation":0,"texture":"#18889b5d-bcff-5683-a4e4-f6d1a81fe940","tintindex":0},"south":{"uv":[11.06875,3.56875,11.80625,3.86875],"rotation":0,"texture":"#18889b5d-bcff-5683-a4e4-f6d1a81fe940","tintindex":0},"up":{"uv":[9.43125,10.11875,8.69375,9.44375],"rotation":0,"texture":"#18889b5d-bcff-5683-a4e4-f6d1a81fe940","tintindex":0},"west":{"uv":[11.25625,7.13125,11.93125,7.43125],"rotation":0,"texture":"#18889b5d-bcff-5683-a4e4-f6d1a81fe940","tintindex":0}}},{"name":"cube","from":[3.7999997,8.591208,-4.894986],"to":[11.0,10.991209,4.1050124],"rotation":{"angle":0.0,"axis":"x","origin":[5.8999996,8.891209,-0.9949856]},"faces":{"down":{"uv":[6.80625,8.69375,6.06875,9.61875],"rotation":0,"texture":"#18889b5d-bcff-5683-a4e4-f6d1a81fe940","tintindex":0},"east":{"uv":[10.88125,0.38125,11.80625,0.61875],"rotation":0,"texture":"#18889b5d-bcff-5683-a4e4-f6d1a81fe940","tintindex":0},"north":{"uv":[7.88125,1.00625,8.61875,1.24375],"rotation":0,"texture":"#18889b5d-bcff-5683-a4e4-f6d1a81fe940","tintindex":0},"south":{"uv":[11.31875,3.19375,12.05625,3.43125],"rotation":0,"texture":"#18889b5d-bcff-5683-a4e4-f6d1a81fe940","tintindex":0},"up":{"uv":[7.74375,9.43125,7.00625,8.50625],"rotation":0,"texture":"#18889b5d-bcff-5683-a4e4-f6d1a81fe940","tintindex":0},"west":{"uv":[0.50625,11.19375,1.43125,11.43125],"rotation":0,"texture":"#18889b5d-bcff-5683-a4e4-f6d1a81fe940","tintindex":0}}},{"name":"cube","from":[3.1999998,9.8,-7.8999987],"to":[6.2,12.8,-1.2999983],"rotation":{"angle":0.0,"axis":"x","origin":[4.3999996,11.0,-5.199998]},"faces":{"down":{"uv":[9.93125,11.13125,9.63125,11.80625],"rotation":0,"texture":"#18889b5d-bcff-5683-a4e4-f6d1a81fe940","tintindex":0},"east":{"uv":[11.25625,7.44375,11.93125,7.74375],"rotation":0,"texture":"#18889b5d-bcff-5683-a4e4-f6d1a81fe940","tintindex":0},"north":{"uv":[8.06875,7.50625,8.36875,7.80625],"rotation":0,"texture":"#18889b5d-bcff-5683-a4e4-f6d1a81fe940","tintindex":0},"south":{"uv":[0.75625,8.81875,1.05625,9.11875],"rotation":0,"texture":"#18889b5d-bcff-5683-a4e4-f6d1a81fe940","tintindex":0},"up":{"uv":[1.05625,8.80625,0.75625,8.13125],"rotation":0,"texture":"#18889b5d-bcff-5683-a4e4-f6d1a81fe940","tintindex":0},"west":{"uv":[11.25625,8.50625,11.93125,8.80625],"rotation":0,"texture":"#18889b5d-bcff-5683-a4e4-f6d1a81fe940","tintindex":0}}},{"name":"cube","from":[8.6,9.8,-7.8999987],"to":[11.6,12.8,-1.2999983],"rotation":{"angle":0.0,"axis":"x","origin":[10.4,11.0,-5.199998]},"faces":{"down":{"uv":[9.63125,11.13125,9.93125,11.80625],"rotation":0,"texture":"#18889b5d-bcff-5683-a4e4-f6d1a81fe940","tintindex":0},"east":{"uv":[11.93125,8.50625,11.25625,8.80625],"rotation":0,"texture":"#18889b5d-bcff-5683-a4e4-f6d1a81fe940","tintindex":0},"north":{"uv":[8.36875,7.50625,8.06875,7.80625],"rotation":0,"texture":"#18889b5d-bcff-5683-a4e4-f6d1a81fe940","tintindex":0},