{"file_name":"leftchest","texture_size":[256,256],"textures":{"18889b5d-bcff-5683-a4e4-f6d1a81fe940":"modelengine:entity/mortos2"},"elements":[{"name":"cube","from":[1.3999997,3.7999997,-2.2000003],"to":[8.0,10.4,8.0],"rotation":{"angle":22.5,"axis":"x","origin":[1.5390266,1.3936677,1.9000001]},"faces":{"down":{"uv":[9.11875,3.00625,8.44375,4.05625],"rotation":0,"texture":"#18889b5d-bcff-5683-a4e4-f6d1a81fe940","tintindex":0},"east":{"uv":[8.38125,7.50625,9.43125,8.18125],"rotation":0,"texture":"#18889b5d-bcff-5683-a4e4-f6d1a81fe940","tintindex":0},"north":{"uv":[4.69375,9.69375,5.36875,10.36875],"rotation":0,"texture":"#18889b5d-bcff-5683-a4e4-f6d1a81fe940","tintindex":0},"south":{"uv":[0.00625,9.75625,0.68125,10.43125],"rotation":0,"texture":"#18889b5d-bcff-5683-a4e4-f6d1a81fe940","tintindex":0},"up":{"uv":[9.11875,2.99375,8.44375,1.94375],"rotation":0,"texture":"#18889b5d-bcff-5683-a4e4-f6d1a81fe940","tintindex":0},"west":{"uv":[8.38125,8.19375,9.43125,8.86875],"rotation":0,"texture":"#18889b5d-bcff-5683-a4e4-f6d1a81fe940","tintindex":0}}},{"name":"cube","from":[0.7817693,-1.391623,-1.6000004],"to":[0.7817693,5.208379,7.4],"rotation":{"angle":0.0,"axis":"x","origin":[1.5390266,-1.6063323,1.9000001]},"faces":{"down":{"uv":[0.00625,0.00625,0.00625,0.93125],"rotation":0,"texture":"#18889b5d-bcff-5683-a4e4-f6d1a81fe940","tintindex":0},"east":{"uv":[7.75625,8.88125,8.68125,9.55625],"rotation":0,"texture":"#18889b5d-bcff-5683-a4e4-f6d1a81fe940","tintindex":0},"north":{"uv":[0.00625,0.00625,0.00625,0.68125],"rotation":0,"texture":"#18889b5d-bcff-5683-a4e4-f6d1a81fe940","tintindex":0},"south":{"uv":[0.00625,0.00625,0.00625,0.68125],"rotation":0,"texture":"#18889b5d-bcff-5683-a4e4-f6d1a81fe940","tintindex":0},"up":{"uv":[0.00625,0.93125,0.00625,0.00625],"rotation":0,"texture":"#18889b5d-bcff-5683-a4e4-f6d1a81fe940","tintindex":0},"west":{"uv":[7.75625,8.88125,8.68125,9.55625],"rotation":0,"texture":"#18889b5d-bcff-5683-a4e4-f6d1a81fe940","tintindex":0}}},{"name":"cube","from":[1.3489517,5.543642,-1.6000004],"to":[1.3489517,9.743643,7.4],"rotation":{"angle":-45.0,"axis":"z","origin":[0.6606598,6.0606613,2.8999999]},"faces":{"down":{"uv":[0.00625,0.00625,0.00625,0.93125],"rotation":0,"texture":"#18889b5d-bcff-5683-a4e4-f6d1a81fe940","tintindex":0},"east":{"uv":[10.13125,3.56875,11.05625,3.99375],"rotation":0,"texture":"#18889b5d-bcff-5683-a4e4-f6d1a81fe940","tintindex":0},"north":{"uv":[0.00625,0.00625,0.00625,0.43125],"rotation":0,"texture":"#18889b5d-bcff-5683-a4e4-f6d1a81fe940","tintindex":0},"south":{"uv":[0.00625,0.00625,0.00625,0.43125],"rotation":0,"texture":"#18889b5d-bcff-5683-a4e4-f6d1a81fe940","tintindex":0},"up":{"uv":[0.00625,0.93125,0.00625,0.00625],"rotation":0,"texture":"#18889b5d-bcff-5683-a4e4-f6d1a81fe940","tintindex":0},"west":{"uv":[10.13125,3.56875,11.05625,3.99375],"rotation":0,"texture":"#18889b5d-bcff-5683-a4e4-f6d1a81fe940","tintindex":0}}},{"name":"cube","from":[1.9061261,-1.4694405,-1.6000004],"to":[6.706126,-1.4694405,7.4],"rotation":{"angle":-22.5,"axis":"z","origin":[1.5398563,1.3942227,1.9000001]},"faces":{"down":{"uv":[10.24375,2.63125,9.75625,3.55625],"rotation":0,"texture":"#18889b5d-bcff-5683-a4e4-f6d1a81fe940","tintindex":0},"east":{"uv":[0.00625,0.00625,0.93125,0.00625],"rotation":0,"texture":"#18889b5d-bcff-5683-a4e4-f6d1a81fe940","tintindex":0},"north":{"uv":[0.00625,0.00625,0.49375,0.00625],"rotation":0,"texture":"#18889b5d-bcff-5683-a4e4-f6d1a81fe940","tintindex":0},"south":{"uv":[0.00625,0.00625,0.49375,0.00625],"rotation":0,"texture":"#18889b5d-bcff-5683-a4e4-f6d1a81fe940","tintindex":0},"up":{"uv":[10.24375,3.55625,9.75625,2.63125],"rotation":0,"texture":"#18889b5d-bcff-5683-a4e4-f6d1a81fe940","tintindex":0},"west":{"uv":[0.00625,0.00625,0.93125,0.00625],"rotation":0,"texture":"#18889b5d-bcff-5683-a4e4-f6d1a81fe940","tintindex":0}}},{"name":"cube","from":[1.1259658,-4.777661,8.0],"to":[8.325966,-4.777661,21.2],"rotation":{"angle":-22.5,"axis":"z","origin":[4.7259665,-4.777661,14.6]},"faces":{"down":{"uv":[5.30625,7.69375,4.56875,9.05625],"rotation":0,"texture":"#18889b5d-bcff-5683-a4e4-f6d1a81fe940","tintindex":0},"east":{"uv":[0.00625,0.00625,1.36875,0.00625],"rotation":0,"texture":"#18889b5d-bcff-5683-a4e4-f6d1a81fe940","tintindex":0},"north":{"uv":[0.00625,0.00625,0.74375,0.00625],"rotation":0,"texture":"#18889b5d-bcff-5683-a4e4-f6d1a81fe940","tintindex":0},"south":{"uv":[0.00625,0.00625,0.74375,0.00625],"rotation":0,"texture":"#18889b5d-bcff-5683-a4e4-f6d1a81fe940","tintindex":0},"up":{"uv":[5.30625,9.05625,4.56875,7.69375],"rotation":0,"texture":"#18889b5d-bcff-5683-a4e4-f6d1a81fe940","tintindex":0},"west":{"uv":[0.00625,0.00625,1.36875,0.00625],"rotation":0,"texture":"#18889b5d-bcff-5683-a4e4-f6d1a81fe940","tintindex":0}}},{"name":"cube","from":[2.6,1.9999998,8.0],"to":[8.0,8.6,23.600002],"rotation":{"angle":0.0,"axis":"x","origin":[9.8,-6.4000006,11.6]},"faces":{"down":{"uv":[2.18125,7.88125,1.63125,9.49375],"rotation":0,"texture":"#18889b5d-bcff-5683-a4e4-f6d1a81fe940","tintindex":0},"east":{"uv":[7.06875,1.25625,8.68125,1.93125],"rotation":0,"texture":"#18889b5d-bcff-5683-a4e4-f6d1a81fe940","tintindex":0},"north":{"uv":[10.50625,1.75625,11.05625,2.43125],"rotation":0,"texture":"#18889b5d-bcff-5683-a4e4-f6d1a81fe940","tintindex":0},"south":{"uv":[8.25625,10.50625,8.80625,11.18125],"rotation":0,"texture":"#18889b5d-bcff-5683-a4e4-f6d1a81fe940","tintindex":0},"up":{"uv":[1.61875,9.49375,1.06875,7.88125],"rotation":0,"texture":"#18889b5d-bcff-5683-a4e4-f6d1a81fe940","tintindex":0},"west":{"uv":[1.06875,7.19375,2.68125,7.86875],"rotation":0,"texture":"#18889b5d-bcff-5683-a4e4-f6d1a81fe940","tintindex":0}}},{"name":"cube","from":[3.006716,2.280523,8.0],"to":[3.006716,6.480524,21.2],"rotation":{"angle":-22.5,"axis":"z","origin":[3.006716,6.480524,14.6]},"faces":{"down":{"uv":[0.00625,0.00625,0.00625,1.36875],"rotation":0,"texture":"#18889b5d-bcff-5683-a4e4-f6d1a81fe940","tintindex":0},"east":{"uv":[9.13125,2.19375,10.49375,2.61875],"rotation":0,"texture":"#18889b5d-bcff-5683-a4e4-f6d1a81fe940","tintindex":0},"north":{"uv":[0.00625,0.00625,0.00625,0.43125],"rotation":0,"texture":"#18889b5d-bcff-5683-a4e4-f6d1a81fe940","tintindex":0},"south":{"uv":[0.00625,0.00625,0.00625,0.43125],"rotation":0,"texture":"#18889b5d-bcff-5683-a4e4-f6d1a81fe940","tintindex":0},"up":{"uv":[0.00625,1.36875,0.00625,0.00625],"rotation":0,"texture":"#18889b5d-bcff-5683-a4e4-f6d1a81fe940","tintindex":0},"west":{"uv":[9.13125,2.19375,10.49375,2.61875],"rotation":0,"texture":"#18889b5d-bcff-5683-a4e4-f6d1a81fe940","tintindex":0}}},{"name":"cube","from":[1.3999997,-3.4000006,8.0],"to":[1.3999997,2.6,21.2],"rotation":{"angle":0.0,"axis":"x","origin":[11.6,-6.4000006,0.7999997]},"faces":{"down":{"uv":[0.00625,0.00625,0.00625,1.36875],"rotation":0,"texture":"#18889b5d-bcff-5683-a4e4-f6d1a81fe940","tintindex":0},"east":{"uv":[9.43125,4.31875,8.06875,4.93125],"rotation":0,"texture":"#18889b5d-bcff-5683-a4e4-f6d1a81fe940","tintindex":0},"north":{"uv":[0.00625,0.00625,0.00625,0.61875],"rotation":0,"texture":"#18889b5d-bcff-5683-a4e4-f6d1a81fe940","tintindex":0},"south":{"uv":[0.00625,0.00625,0.00625,0.61875],"rotation":0,"texture":"#18889b5d-bcff-5683-a4e4-f6d1a81fe940","tintindex":0},"up":{"uv":[0.00625,1.36875,0.00625,0.00625],"rotation":0,"texture":"#18889b5d-bcff-5683-a4e4-f6d1a81fe940","tintindex":0},"west":{"uv":[8.06875,4.31875,9.43125,4.93125],"rotation":0,"texture":"#18889b5d-bcff-5683-a4e4-f6d1a81fe940","tintindex":0}}}],"display":{"head":{"translation":[0.0,-6.4,0.0],"rotation":[0.0,0.0,0.0],"scale":[3.8095,3.8095,3.8095]},"gui":{"translation":[0.0,0.0,0.0],"rotation":[35.0,225.0,0.0],"scale":[0.625,0.625,0.625]}}}