{"file_name":"leftfoot","texture_size":[256,256],"textures":{"18889b5d-bcff-5683-a4e4-f6d1a81fe940":"modelengine:entity/mortos2"},"elements":[{"name":"cube","from":[5.6,0.49999976,7.7],"to":[11.0,9.5,11.3],"rotation":{"angle":0.0,"axis":"x","origin":[13.400001,18.2,-5.200001]},"faces":{"down":{"uv":[11.80625,11.25625,11.25625,11.61875],"rotation":0,"texture":"#18889b5d-bcff-5683-a4e4-f6d1a81fe940","tintindex":0},"east":{"uv":[6.13125,10.19375,6.49375,11.11875],"rotation":0,"texture":"#18889b5d-bcff-5683-a4e4-f6d1a81fe940","tintindex":0},"north":{"uv":[3.44375,9.38125,3.99375,10.30625],"rotation":0,"texture":"#18889b5d-bcff-5683-a4e4-f6d1a81fe940","tintindex":0},"south":{"uv":[9.44375,7.31875,9.99375,8.24375],"rotation":0,"texture":"#18889b5d-bcff-5683-a4e4-f6d1a81fe940","tintindex":0},"up":{"uv":[11.80625,9.18125,11.25625,8.81875],"rotation":0,"texture":"#18889b5d-bcff-5683-a4e4-f6d1a81fe940","tintindex":0},"west":{"uv":[10.00625,10.50625,10.36875,11.43125],"rotation":0,"texture":"#18889b5d-bcff-5683-a4e4-f6d1a81fe940","tintindex":0}}},{"name":"cube","from":[6.2,-3.5091887,5.645227],"to":[10.4,2.4908118,8.045227],"rotation":{"angle":45.0,"axis":"x","origin":[8.3,-1.4091883,6.8452272]},"faces":{"down":{"uv":[3.24375,11.50625,2.81875,11.74375],"rotation":0,"texture":"#18889b5d-bcff-5683-a4e4-f6d1a81fe940","tintindex":0},"east":{"uv":[8.56875,11.19375,8.80625,11.80625],"rotation":0,"texture":"#18889b5d-bcff-5683-a4e4-f6d1a81fe940","tintindex":0},"north":{"uv":[5.19375,4.25625,5.61875,4.86875],"rotation":0,"texture":"#18889b5d-bcff-5683-a4e4-f6d1a81fe940","tintindex":0},"south":{"uv":[6.06875,2.56875,6.49375,3.18125],"rotation":0,"texture":"#18889b5d-bcff-5683-a4e4-f6d1a81fe940","tintindex":0},"up":{"uv":[10.36875,11.68125,9.94375,11.44375],"rotation":0,"texture":"#18889b5d-bcff-5683-a4e4-f6d1a81fe940","tintindex":0},"west":{"uv":[6.88125,11.25625,7.11875,11.86875],"rotation":0,"texture":"#18889b5d-bcff-5683-a4e4-f6d1a81fe940","tintindex":0}}},{"name":"cube","from":[6.2,-5.9091883,5.645227],"to":[10.4,-3.5091887,8.045227],"rotation":{"angle":45.0,"axis":"x","origin":[8.3,-1.4091883,6.8452272]},"faces":{"down":{"uv":[5.74375,11.56875,5.31875,11.80625],"rotation":0,"texture":"#18889b5d-bcff-5683-a4e4-f6d1a81fe940","tintindex":0},"east":{"uv":[11.63125,2.81875,11.86875,3.05625],"rotation":0,"texture":"#18889b5d-bcff-5683-a4e4-f6d1a81fe940","tintindex":0},"north":{"uv":[7.13125,11.50625,7.55625,11.74375],"rotation":0,"texture":"#18889b5d-bcff-5683-a4e4-f6d1a81fe940","tintindex":0},"south":{"uv":[7.56875,11.50625,7.99375,11.74375],"rotation":0,"texture":"#18889b5d-bcff-5683-a4e4-f6d1a81fe940","tintindex":0},"up":{"uv":[3.68125,11.80625,3.25625,11.56875],"rotation":0,"texture":"#18889b5d-bcff-5683-a4e4-f6d1a81fe940","tintindex":0},"west":{"uv":[9.19375,11.63125,9.43125,11.86875],"rotation":0,"texture":"#18889b5d-bcff-5683-a4e4-f6d1a81fe940","tintindex":0}}}],"display":{"head":{"translation":[0.0,-6.4,0.0],"rotation":[0.0,0.0,0.0],"scale":[3.8095,3.8095,3.8095]},"gui":{"translation":[0.0,0.0,0.0],"rotation":[35.0,225.0,0.0],"scale":[0.625,0.625,0.625]}}}