{"textures":{"0":"modelengine:entity/mortos2"},"elements":[{"name":"cube","from":[12.953558,9.442784,12.946539],"to":[17.75356,14.842784,17.74654],"rotation":{"angle":-45.0,"axis":"x","origin":[7.7,-16.600002,8.005556]},"faces":{"down":{"uv":[0.49375,11.13125,0.00625,11.61875],"rotation":0,"texture":"#0","tintindex":0},"east":{"uv":[2.81875,10.94375,3.30625,11.49375],"rotation":0,"texture":"#0","tintindex":0},"north":{"uv":[10.88125,10.69375,11.36875,11.24375],"rotation":0,"texture":"#0","tintindex":0},"south":{"uv":[10.94375,4.00625,11.43125,4.55625],"rotation":0,"texture":"#0","tintindex":0},"up":{"uv":[2.68125,8.36875,2.19375,7.88125],"rotation":0,"texture":"#0","tintindex":0},"west":{"uv":[7.13125,10.94375,7.61875,11.49375],"rotation":0,"texture":"#0","tintindex":0}}},{"name":"cube","from":[13.553558,14.2427845,13.546538],"to":[17.153559,19.642784,17.146538],"rotation":{"angle":-45.0,"axis":"x","origin":[7.7,-16.600002,8.005556]},"faces":{"down":{"uv":[5.30625,11.38125,4.94375,11.74375],"rotation":0,"texture":"#0","tintindex":0},"east":{"uv":[1.81875,9.50625,2.18125,10.05625],"rotation":0,"texture":"#0","tintindex":0},"north":{"uv":[5.69375,9.06875,6.05625,9.61875],"rotation":0,"texture":"#0","tintindex":0},"south":{"uv":[6.50625,11.25625,6.86875,11.80625],"rotation":0,"texture":"#0","tintindex":0},"up":{"uv":[10.61875,0.99375,10.25625,0.63125],"rotation":0,"texture":"#0","tintindex":0},"west":{"uv":[10.88125,11.25625,11.24375,11.80625],"rotation":0,"texture":"#0","tintindex":0}}},{"name":"cube","from":[14.153558,17.660908,-3.2721705],"to":[16.553558,23.660908,-0.27217054],"rotation":{"angle":-22.5,"axis":"x","origin":[7.1,-10.918666,3.36473]},"faces":{"down":{"uv":[2.43125,10.81875,2.19375,11.11875],"rotation":0,"texture":"#0","tintindex":0},"east":{"uv":[3.81875,11.31875,4.11875,11.93125],"rotation":0,"texture":"#0","tintindex":0},"north":{"uv":[2.56875,11.13125,2.80625,11.74375],"rotation":0,"texture":"#0","tintindex":0},"south":{"uv":[1.44375,11.19375,1.68125,11.80625],"rotation":0,"texture":"#0","tintindex":0},"up":{"uv":[0.93125,10.05625,0.69375,9.75625],"rotation":0,"texture":"#0","tintindex":0},"west":{"uv":[4.13125,11.31875,4.43125,11.93125],"rotation":0,"texture":"#0","tintindex":0}}},{"name":"cube","from":[14.453558,18.488863,-16.0],"to":[16.25356,22.688862,-13.599999],"rotation":{"angle":0.0,"axis":"x","origin":[7.1,-4.192903,-7.4738646]},"faces":{"down":{"uv":[9.74375,0.69375,9.56875,0.93125],"rotation":0,"texture":"#0","tintindex":0},"east":{"uv":[6.56875,9.63125,6.80625,10.05625],"rotation":0,"texture":"#0","tintindex":0},"north":{"uv":[6.81875,8.69375,6.99375,9.11875],"rotation":0,"texture":"#0","tintindex":0},"south":{"uv":[1.63125,10.13125,1.80625,10.55625],"rotation":0,"texture":"#0","tintindex":0},"up":{"uv":[6.99375,9.36875,6.81875,9.13125],"rotation":0,"texture":"#0","tintindex":0},"west":{"uv":[5.38125,9.69375,5.61875,10.11875],"rotation":0,"texture":"#0","tintindex":0}}}],"display":{"head":{"translation":[0.0,-6.4,-2.2607443],"rotation":[0.0,0.0,0.0],"scale":[3.8095,3.8095,3.8095]}}}