{"file_name":"leftforearm","texture_size":[256,256],"textures":{"18889b5d-bcff-5683-a4e4-f6d1a81fe940":"modelengine:entity/mortos2"},"elements":[{"name":"cube","from":[6.2,5.6,-2.2000003],"to":[11.0,9.2,1.3999997],"rotation":{"angle":0.0,"axis":"x","origin":[24.8,22.400002,12.2]},"faces":{"down":{"uv":[11.86875,7.75625,11.38125,8.11875],"rotation":0,"texture":"#18889b5d-bcff-5683-a4e4-f6d1a81fe940","tintindex":0},"east":{"uv":[11.38125,10.50625,11.74375,10.86875],"rotation":0,"texture":"#18889b5d-bcff-5683-a4e4-f6d1a81fe940","tintindex":0},"north":{"uv":[7.56875,4.31875,8.05625,4.68125],"rotation":0,"texture":"#18889b5d-bcff-5683-a4e4-f6d1a81fe940","tintindex":0},"south":{"uv":[4.44375,11.38125,4.93125,11.74375],"rotation":0,"texture":"#18889b5d-bcff-5683-a4e4-f6d1a81fe940","tintindex":0},"up":{"uv":[11.86875,4.93125,11.38125,4.56875],"rotation":0,"texture":"#18889b5d-bcff-5683-a4e4-f6d1a81fe940","tintindex":0},"west":{"uv":[11.38125,10.88125,11.74375,11.24375],"rotation":0,"texture":"#18889b5d-bcff-5683-a4e4-f6d1a81fe940","tintindex":0}}},{"name":"cube","from":[6.2,3.7999995,1.3999997],"to":[11.0,9.2,9.2],"rotation":{"angle":0.0,"axis":"x","origin":[24.8,22.400002,12.2]},"faces":{"down":{"uv":[8.24375,10.13125,7.75625,10.93125],"rotation":0,"texture":"#18889b5d-bcff-5683-a4e4-f6d1a81fe940","tintindex":0},"east":{"uv":[9.81875,8.88125,10.61875,9.43125],"rotation":0,"texture":"#18889b5d-bcff-5683-a4e4-f6d1a81fe940","tintindex":0},"north":{"uv":[7.63125,10.94375,8.11875,11.49375],"rotation":0,"texture":"#18889b5d-bcff-5683-a4e4-f6d1a81fe940","tintindex":0},"south":{"uv":[3.31875,11.00625,3.80625,11.55625],"rotation":0,"texture":"#18889b5d-bcff-5683-a4e4-f6d1a81fe940","tintindex":0},"up":{"uv":[7.74375,10.93125,7.25625,10.13125],"rotation":0,"texture":"#18889b5d-bcff-5683-a4e4-f6d1a81fe940","tintindex":0},"west":{"uv":[10.06875,4.75625,10.86875,5.30625],"rotation":0,"texture":"#18889b5d-bcff-5683-a4e4-f6d1a81fe940","tintindex":0}}}],"display":{"head":{"translation":[0.0,-6.4,0.0],"rotation":[0.0,0.0,0.0],"scale":[3.8095,3.8095,3.8095]},"gui":{"translation":[0.0,0.0,0.0],"rotation":[35.0,225.0,0.0],"scale":[0.625,0.625,0.625]}}}