{"file_name":"righthorn","texture_size":[256,256],"textures":{"18889b5d-bcff-5683-a4e4-f6d1a81fe940":"modelengine:entity/mortos2"},"elements":[{"name":"cube","from":[-1.7535582,9.442784,12.946539],"to":[3.0464418,14.842784,17.74654],"rotation":{"angle":-45.0,"axis":"x","origin":[8.3,-16.600002,8.005556]},"faces":{"down":{"uv":[0.00625,11.13125,0.49375,11.61875],"rotation":0,"texture":"#18889b5d-bcff-5683-a4e4-f6d1a81fe940","tintindex":0},"east":{"uv":[7.61875,10.94375,7.13125,11.49375],"rotation":0,"texture":"#18889b5d-bcff-5683-a4e4-f6d1a81fe940","tintindex":0},"north":{"uv":[11.36875,10.69375,10.88125,11.24375],"rotation":0,"texture":"#18889b5d-bcff-5683-a4e4-f6d1a81fe940","tintindex":0},"south":{"uv":[11.43125,4.00625,10.94375,4.55625],"rotation":0,"texture":"#18889b5d-bcff-5683-a4e4-f6d1a81fe940","tintindex":0},"up":{"uv":[2.19375,8.36875,2.68125,7.88125],"rotation":0,"texture":"#18889b5d-bcff-5683-a4e4-f6d1a81fe940","tintindex":0},"west":{"uv":[3.30625,10.94375,2.81875,11.49375],"rotation":0,"texture":"#18889b5d-bcff-5683-a4e4-f6d1a81fe940","tintindex":0}}},{"name":"cube","from":[-1.1535583,14.2427845,13.546538],"to":[2.446442,19.642784,17.146538],"rotation":{"angle":-45.0,"axis":"x","origin":[8.3,-16.600002,8.005556]},"faces":{"down":{"uv":[4.94375,11.38125,5.30625,11.74375],"rotation":0,"texture":"#18889b5d-bcff-5683-a4e4-f6d1a81fe940","tintindex":0},"east":{"uv":[11.24375,11.25625,10.88125,11.80625],"rotation":0,"texture":"#18889b5d-bcff-5683-a4e4-f6d1a81fe940","tintindex":0},"north":{"uv":[6.05625,9.06875,5.69375,9.61875],"rotation":0,"texture":"#18889b5d-bcff-5683-a4e4-f6d1a81fe940","tintindex":0},"south":{"uv":[6.86875,11.25625,6.50625,11.80625],"rotation":0,"texture":"#18889b5d-bcff-5683-a4e4-f6d1a81fe940","tintindex":0},"up":{"uv":[10.25625,0.99375,10.61875,0.63125],"rotation":0,"texture":"#18889b5d-bcff-5683-a4e4-f6d1a81fe940","tintindex":0},"west":{"uv":[2.18125,9.50625,1.81875,10.05625],"rotation":0,"texture":"#18889b5d-bcff-5683-a4e4-f6d1a81fe940","tintindex":0}}},{"name":"cube","from":[-0.55355835,17.660908,-3.2721705],"to":[1.8464417,23.660908,-0.27217054],"rotation":{"angle":-22.5,"axis":"x","origin":[8.9,-10.918666,3.36473]},"faces":{"down":{"uv":[2.19375,10.81875,2.43125,11.11875],"rotation":0,"texture":"#18889b5d-bcff-5683-a4e4-f6d1a81fe940","tintindex":0},"east":{"uv":[4.43125,11.31875,4.13125,11.93125],"rotation":0,"texture":"#18889b5d-bcff-5683-a4e4-f6d1a81fe940","tintindex":0},"north":{"uv":[2.80625,11.13125,2.56875,11.74375],"rotation":0,"texture":"#18889b5d-bcff-5683-a4e4-f6d1a81fe940","tintindex":0},"south":{"uv":[1.68125,11.19375,1.44375,11.80625],"rotation":0,"texture":"#18889b5d-bcff-5683-a4e4-f6d1a81fe940","tintindex":0},"up":{"uv":[0.69375,10.05625,0.93125,9.75625],"rotation":0,"texture":"#18889b5d-bcff-5683-a4e4-f6d1a81fe940","tintindex":0},"west":{"uv":[4.11875,11.31875,3.81875,11.93125],"rotation":0,"texture":"#18889b5d-bcff-5683-a4e4-f6d1a81fe940","tintindex":0}}},{"name":"cube","from":[-0.2535584,18.488863,-16.0],"to":[1.5464418,22.688862,-13.599999],"rotation":{"angle":0.0,"axis":"x","origin":[8.9,-4.192903,-7.4738646]},"faces":{"down":{"uv":[9.56875,0.69375,9.74375,0.93125],"rotation":0,"texture":"#18889b5d-bcff-5683-a4e4-f6d1a81fe940","tintindex":0},"east":{"uv":[5.61875,9.69375,5.38125,10.11875],"rotation":0,"texture":"#18889b5d-bcff-5683-a4e4-f6d1a81fe940","tintindex":0},"north":{"uv":[6.99375,8.69375,6.81875,9.11875],"rotation":0,"texture":"#18889b5d-bcff-5683-a4e4-f6d1a81fe940","tintindex":0},"south":{"uv":[1.80625,10.13125,1.63125,10.55625],"rotation":0,"texture":"#18889b5d-bcff-5683-a4e4-f6d1a81fe940","tintindex":0},"up":{"uv":[6.81875,9.36875,6.99375,9.13125],"rotation":0,"texture":"#18889b5d-bcff-5683-a4e4-f6d1a81fe940","tintindex":0},"west":{"uv":[6.80625,9.63125,6.56875,10.05625],"rotation":0,"texture":"#18889b5d-bcff-5683-a4e4-f6d1a81fe940","tintindex":0}}}],"display":{"head":{"translation":[0.0,-6.4,-2.2607443],"rotation":[0.0,0.0,0.0],"scale":[3.8095,3.8095,3.8095]},"gui":{"translation":[0.0,0.0,0.0],"rotation":[35.0,225.0,0.0],"scale":[0.625,0.625,0.625]}}}