{"textures":{"0":"modelengine:entity/mortos2"},"elements":[{"name":"cube","from":[5.3,8.0,1.3999997],"to":[10.1,10.4,8.0],"rotation":{"angle":0.0,"axis":"x","origin":[-8.500001,24.2,23.600002]},"faces":{"down":{"uv":[10.38125,10.69375,10.86875,11.36875],"rotation":0,"texture":"#0","tintindex":0},"east":{"uv":[11.99375,6.19375,11.31875,6.43125],"rotation":0,"texture":"#0","tintindex":0},"north":{"uv":[3.30625,9.06875,2.81875,9.30625],"rotation":0,"texture":"#0","tintindex":0},"south":{"uv":[11.86875,4.94375,11.38125,5.18125],"rotation":0,"texture":"#0","tintindex":0},"up":{"uv":[4.06875,9.05625,4.55625,8.38125],"rotation":0,"texture":"#0","tintindex":0},"west":{"uv":[9.11875,4.06875,8.44375,4.30625],"rotation":0,"texture":"#0","tintindex":0}}},{"name":"cube","from":[5.3,8.0,-1.0000005],"to":[10.1,10.4,1.3999997],"rotation":{"angle":0.0,"axis":"x","origin":[-8.500001,24.2,23.600002]},"faces":{"down":{"uv":[11.44375,1.81875,11.93125,2.05625],"rotation":0,"texture":"#0","tintindex":0},"east":{"uv":[11.86875,0.88125,11.63125,1.11875],"rotation":0,"texture":"#0","tintindex":0},"north":{"uv":[0.99375,11.44375,0.50625,11.68125],"rotation":0,"texture":"#0","tintindex":0},"south":{"uv":[11.93125,1.56875,11.44375,1.80625],"rotation":0,"texture":"#0","tintindex":0},"up":{"uv":[1.69375,11.68125,2.18125,11.44375],"rotation":0,"texture":"#0","tintindex":0},"west":{"uv":[11.86875,0.63125,11.63125,0.86875],"rotation":0,"texture":"#0","tintindex":0}}}],"display":{"head":{"translation":[0.0,-6.4,0.0],"rotation":[0.0,0.0,0.0],"scale":[3.8095,3.8095,3.8095]}}}