{"file_name":"rightleg","texture_size":[256,256],"textures":{"18889b5d-bcff-5683-a4e4-f6d1a81fe940":"modelengine:entity/mortos2"},"elements":[{"name":"cube","from":[8.0,-0.10000038,2.8999999],"to":[16.400002,11.3,11.900001],"rotation":{"angle":0.0,"axis":"x","origin":[7.4,3.7999997,8.0]},"faces":{"down":{"uv":[8.06875,5.88125,8.93125,6.80625],"rotation":0,"texture":"#18889b5d-bcff-5683-a4e4-f6d1a81fe940","tintindex":0},"east":{"uv":[4.55625,7.19375,3.63125,8.36875],"rotation":0,"texture":"#18889b5d-bcff-5683-a4e4-f6d1a81fe940","tintindex":0},"north":{"uv":[8.43125,1.94375,7.56875,3.11875],"rotation":0,"texture":"#18889b5d-bcff-5683-a4e4-f6d1a81fe940","tintindex":0},"south":{"uv":[8.43125,3.13125,7.56875,4.30625],"rotation":0,"texture":"#18889b5d-bcff-5683-a4e4-f6d1a81fe940","tintindex":0},"up":{"uv":[8.06875,5.86875,8.93125,4.94375],"rotation":0,"texture":"#18889b5d-bcff-5683-a4e4-f6d1a81fe940","tintindex":0},"west":{"uv":[3.61875,7.19375,2.69375,8.36875],"rotation":0,"texture":"#18889b5d-bcff-5683-a4e4-f6d1a81fe940","tintindex":0}}},{"name":"cube","from":[9.8,-6.1000004,2.8999999],"to":[14.6,-0.10000038,8.9],"rotation":{"angle":0.0,"axis":"x","origin":[7.4,3.7999997,8.0]},"faces":{"down":{"uv":[10.88125,7.88125,11.36875,8.49375],"rotation":0,"texture":"#18889b5d-bcff-5683-a4e4-f6d1a81fe940","tintindex":0},"east":{"uv":[10.86875,8.06875,10.25625,8.68125],"rotation":0,"texture":"#18889b5d-bcff-5683-a4e4-f6d1a81fe940","tintindex":0},"north":{"uv":[7.55625,1.94375,7.06875,2.55625],"rotation":0,"texture":"#18889b5d-bcff-5683-a4e4-f6d1a81fe940","tintindex":0},"south":{"uv":[2.18125,10.81875,1.69375,11.43125],"rotation":0,"texture":"#18889b5d-bcff-5683-a4e4-f6d1a81fe940","tintindex":0},"up":{"uv":[10.88125,5.24375,11.36875,4.63125],"rotation":0,"texture":"#18889b5d-bcff-5683-a4e4-f6d1a81fe940","tintindex":0},"west":{"uv":[10.86875,2.63125,10.25625,3.24375],"rotation":0,"texture":"#18889b5d-bcff-5683-a4e4-f6d1a81fe940","tintindex":0}}}],"display":{"head":{"translation":[0.0,-6.4,0.0],"rotation":[0.0,0.0,0.0],"scale":[3.8095,3.8095,3.8095]},"gui":{"translation":[0.0,0.0,0.0],"rotation":[35.0,225.0,0.0],"scale":[0.625,0.625,0.625]}}}