{"file_name":"rightarm","texture_size":[256,256],"textures":{"18889b5d-bcff-5683-a4e4-f6d1a81fe940":"modelengine:entity/mortos2"},"elements":[{"name":"cube","from":[8.6,-4.0000005,4.3999996],"to":[12.2,1.9999998,11.0],"rotation":{"angle":0.0,"axis":"x","origin":[-5.8,11.0,12.8]},"faces":{"down":{"uv":[8.81875,11.06875,9.18125,11.74375],"rotation":0,"texture":"#18889b5d-bcff-5683-a4e4-f6d1a81fe940","tintindex":0},"east":{"uv":[7.24375,10.06875,6.56875,10.68125],"rotation":0,"texture":"#18889b5d-bcff-5683-a4e4-f6d1a81fe940","tintindex":0},"north":{"uv":[2.55625,11.13125,2.19375,11.74375],"rotation":0,"texture":"#18889b5d-bcff-5683-a4e4-f6d1a81fe940","tintindex":0},"south":{"uv":[6.49375,11.13125,6.13125,11.74375],"rotation":0,"texture":"#18889b5d-bcff-5683-a4e4-f6d1a81fe940","tintindex":0},"up":{"uv":[11.06875,2.24375,11.43125,1.56875],"rotation":0,"texture":"#18889b5d-bcff-5683-a4e4-f6d1a81fe940","tintindex":0},"west":{"uv":[4.68125,10.06875,4.00625,10.68125],"rotation":0,"texture":"#18889b5d-bcff-5683-a4e4-f6d1a81fe940","tintindex":0}}},{"name":"cube","from":[8.6,-6.4000006,7.4],"to":[12.2,-4.0000005,11.0],"rotation":{"angle":0.0,"axis":"x","origin":[-5.8,11.0,12.8]},"faces":{"down":{"uv":[10.38125,11.38125,10.74375,11.74375],"rotation":0,"texture":"#18889b5d-bcff-5683-a4e4-f6d1a81fe940","tintindex":0},"east":{"uv":[0.36875,11.63125,0.00625,11.86875],"rotation":0,"texture":"#18889b5d-bcff-5683-a4e4-f6d1a81fe940","tintindex":0},"north":{"uv":[6.11875,11.56875,5.75625,11.80625],"rotation":0,"texture":"#18889b5d-bcff-5683-a4e4-f6d1a81fe940","tintindex":0},"south":{"uv":[11.93125,10.25625,11.56875,10.49375],"rotation":0,"texture":"#18889b5d-bcff-5683-a4e4-f6d1a81fe940","tintindex":0},"up":{"uv":[11.38125,8.49375,11.74375,8.13125],"rotation":0,"texture":"#18889b5d-bcff-5683-a4e4-f6d1a81fe940","tintindex":0},"west":{"uv":[11.93125,10.00625,11.56875,10.24375],"rotation":0,"texture":"#18889b5d-bcff-5683-a4e4-f6d1a81fe940","tintindex":0}}},{"name":"cube","from":[8.0,1.9999998,4.3999996],"to":[14.0,11.6,13.400001],"rotation":{"angle":0.0,"axis":"x","origin":[11.0,6.8,8.9]},"faces":{"down":{"uv":[2.81875,9.38125,3.43125,10.30625],"rotation":0,"texture":"#18889b5d-bcff-5683-a4e4-f6d1a81fe940","tintindex":0},"east":{"uv":[8.80625,0.00625,7.88125,0.99375],"rotation":0,"texture":"#18889b5d-bcff-5683-a4e4-f6d1a81fe940","tintindex":0},"north":{"uv":[2.80625,9.06875,2.19375,10.05625],"rotation":0,"texture":"#18889b5d-bcff-5683-a4e4-f6d1a81fe940","tintindex":0},"south":{"uv":[4.68125,9.06875,4.06875,10.05625],"rotation":0,"texture":"#18889b5d-bcff-5683-a4e4-f6d1a81fe940","tintindex":0},"up":{"uv":[9.13125,3.55625,9.74375,2.63125],"rotation":0,"texture":"#18889b5d-bcff-5683-a4e4-f6d1a81fe940","tintindex":0},"west":{"uv":[6.99375,7.69375,6.06875,8.68125],"rotation":0,"texture":"#18889b5d-bcff-5683-a4e4-f6d1a81fe940","tintindex":0}}}],"display":{"head":{"translation":[0.0,-6.4,0.0],"rotation":[0.0,0.0,0.0],"scale":[3.8095,3.8095,3.8095]},"gui":{"translation":[0.0,0.0,0.0],"rotation":[35.0,225.0,0.0],"scale":[0.625,0.625,0.625]}}}