{"file_name":"rightshin","texture_size":[256,256],"textures":{"18889b5d-bcff-5683-a4e4-f6d1a81fe940":"modelengine:entity/mortos2"},"elements":[{"name":"cube","from":[4.3999996,4.7,7.7],"to":[10.4,10.700001,14.900001],"rotation":{"angle":0.0,"axis":"x","origin":[2.6,17.6,9.2]},"faces":{"down":{"uv":[1.81875,10.06875,2.43125,10.80625],"rotation":0,"texture":"#18889b5d-bcff-5683-a4e4-f6d1a81fe940","tintindex":0},"east":{"uv":[10.68125,6.13125,9.94375,6.74375],"rotation":0,"texture":"#18889b5d-bcff-5683-a4e4-f6d1a81fe940","tintindex":0},"north":{"uv":[3.43125,10.31875,2.81875,10.93125],"rotation":0,"texture":"#18889b5d-bcff-5683-a4e4-f6d1a81fe940","tintindex":0},"south":{"uv":[10.93125,4.00625,10.31875,4.61875],"rotation":0,"texture":"#18889b5d-bcff-5683-a4e4-f6d1a81fe940","tintindex":0},"up":{"uv":[10.00625,8.05625,10.61875,7.31875],"rotation":0,"texture":"#18889b5d-bcff-5683-a4e4-f6d1a81fe940","tintindex":0},"west":{"uv":[10.68125,5.50625,9.94375,6.11875],"rotation":0,"texture":"#18889b5d-bcff-5683-a4e4-f6d1a81fe940","tintindex":0}}},{"name":"cube","from":[5.6,4.7,14.900001],"to":[9.8,9.5,19.1],"rotation":{"angle":0.0,"axis":"x","origin":[2.6,17.6,9.2]},"faces":{"down":{"uv":[11.31875,5.75625,11.74375,6.18125],"rotation":0,"texture":"#18889b5d-bcff-5683-a4e4-f6d1a81fe940","tintindex":0},"east":{"uv":[11.68125,5.25625,11.25625,5.74375],"rotation":0,"texture":"#18889b5d-bcff-5683-a4e4-f6d1a81fe940","tintindex":0},"north":{"uv":[9.61875,11.13125,9.19375,11.61875],"rotation":0,"texture":"#18889b5d-bcff-5683-a4e4-f6d1a81fe940","tintindex":0},"south":{"uv":[8.55625,11.19375,8.13125,11.68125],"rotation":0,"texture":"#18889b5d-bcff-5683-a4e4-f6d1a81fe940","tintindex":0},"up":{"uv":[6.50625,5.11875,6.93125,4.69375],"rotation":0,"texture":"#18889b5d-bcff-5683-a4e4-f6d1a81fe940","tintindex":0},"west":{"uv":[11.61875,0.63125,11.19375,1.11875],"rotation":0,"texture":"#18889b5d-bcff-5683-a4e4-f6d1a81fe940","tintindex":0}}}],"display":{"head":{"translation":[0.0,-6.4,0.0],"rotation":[0.0,0.0,0.0],"scale":[3.8095,3.8095,3.8095]},"gui":{"translation":[0.0,0.0,0.0],"rotation":[35.0,225.0,0.0],"scale":[0.625,0.625,0.625]}}}