{"file_name":"tail4","texture_size":[256,256],"textures":{"18889b5d-bcff-5683-a4e4-f6d1a81fe940":"modelengine:entity/mortos2"},"elements":[{"name":"cube","from":[8.0,4.252941,7.9722],"to":[8.0,13.252941,21.1722],"rotation":{"angle":0.0,"axis":"x","origin":[9.8,-0.5470593,-37.0278]},"faces":{"down":{"uv":[0.00625,0.00625,0.00625,1.36875],"rotation":0,"texture":"#18889b5d-bcff-5683-a4e4-f6d1a81fe940","tintindex":0},"east":{"uv":[3.75625,6.25625,5.11875,7.18125],"rotation":0,"texture":"#18889b5d-bcff-5683-a4e4-f6d1a81fe940","tintindex":0},"north":{"uv":[0.00625,0.00625,0.00625,0.93125],"rotation":0,"texture":"#18889b5d-bcff-5683-a4e4-f6d1a81fe940","tintindex":0},"south":{"uv":[0.00625,0.00625,0.00625,0.93125],"rotation":0,"texture":"#18889b5d-bcff-5683-a4e4-f6d1a81fe940","tintindex":0},"up":{"uv":[0.00625,1.36875,0.00625,0.00625],"rotation":0,"texture":"#18889b5d-bcff-5683-a4e4-f6d1a81fe940","tintindex":0},"west":{"uv":[5.11875,6.25625,3.75625,7.18125],"rotation":0,"texture":"#18889b5d-bcff-5683-a4e4-f6d1a81fe940","tintindex":0}}}],"display":{"head":{"translation":[0.0,-6.4,0.0],"rotation":[0.0,0.0,0.0],"scale":[3.8095,3.8095,3.8095]},"gui":{"translation":[0.0,0.0,0.0],"rotation":[35.0,225.0,0.0],"scale":[0.625,0.625,0.625]}}}