{"file_name":"leftleg2","texture_size":[128,128],"textures":{"481a63d5-df14-a293-8a6f-f01e02888edc":"modelengine:entity/golem"},"elements":[{"name":"cube","from":[7.1,6.2524996,8.375],"to":[8.9,7.2425,10.175],"rotation":{"angle":0.0,"axis":"x","origin":[8.0,2.6524997,8.375]},"faces":{"down":{"uv":[1.875,1.75,2.25,2.125],"rotation":270,"texture":"#481a63d5-df14-a293-8a6f-f01e02888edc","tintindex":0},"east":{"uv":[1.5,2.125,1.875,2.25],"rotation":0,"texture":"#481a63d5-df14-a293-8a6f-f01e02888edc","tintindex":0},"north":{"uv":[1.875,2.125,2.25,2.25],"rotation":0,"texture":"#481a63d5-df14-a293-8a6f-f01e02888edc","tintindex":0},"south":{"uv":[1.125,2.125,1.5,2.25],"rotation":0,"texture":"#481a63d5-df14-a293-8a6f-f01e02888edc","tintindex":0},"up":{"uv":[1.875,2.125,1.5,1.75],"rotation":90,"texture":"#481a63d5-df14-a293-8a6f-f01e02888edc","tintindex":0},"west":{"uv":[2.25,2.125,2.625,2.25],"rotation":0,"texture":"#481a63d5-df14-a293-8a6f-f01e02888edc","tintindex":0}}},{"name":"cube","from":[7.1,2.6524997,8.375],"to":[8.9,6.2524996,9.875],"rotation":{"angle":0.0,"axis":"x","origin":[8.0,2.6524997,8.375]},"faces":{"down":{"uv":[8.75,1.875,8.875,2.25],"rotation":270,"texture":"#481a63d5-df14-a293-8a6f-f01e02888edc","tintindex":0},"east":{"uv":[8.625,2.25,8.75,3.125],"rotation":0,"texture":"#481a63d5-df14-a293-8a6f-f01e02888edc","tintindex":0},"north":{"uv":[8.75,2.25,9.125,3.125],"rotation":0,"texture":"#481a63d5-df14-a293-8a6f-f01e02888edc","tintindex":0},"south":{"uv":[8.25,2.25,8.625,3.125],"rotation":0,"texture":"#481a63d5-df14-a293-8a6f-f01e02888edc","tintindex":0},"up":{"uv":[8.75,2.25,8.625,1.875],"rotation":90,"texture":"#481a63d5-df14-a293-8a6f-f01e02888edc","tintindex":0},"west":{"uv":[9.125,2.25,9.25,3.125],"rotation":0,"texture":"#481a63d5-df14-a293-8a6f-f01e02888edc","tintindex":0}}}],"display":{"head":{"translation":[0.0,-6.4,0.0],"rotation":[0.0,0.0,0.0],"scale":[3.8095,3.8095,3.8095]},"gui":{"translation":[0.0,0.0,0.0],"rotation":[35.0,225.0,0.0],"scale":[0.625,0.625,0.625]}}}