{"file_name":"rightarm","texture_size":[128,128],"textures":{"481a63d5-df14-a293-8a6f-f01e02888edc":"modelengine:entity/golem"},"elements":[{"name":"cube","from":[7.7188997,3.8344991,7.547],"to":[11.2289,8.7485,10.355],"rotation":{"angle":-22.5,"axis":"x","origin":[8.4209,5.2384996,9.653]},"faces":{"down":{"uv":[1.125,0.0,1.625,0.625],"rotation":270,"texture":"#481a63d5-df14-a293-8a6f-f01e02888edc","tintindex":0},"east":{"uv":[0.625,0.625,1.125,1.625],"rotation":0,"texture":"#481a63d5-df14-a293-8a6f-f01e02888edc","tintindex":0},"north":{"uv":[1.125,0.625,1.75,1.625],"rotation":0,"texture":"#481a63d5-df14-a293-8a6f-f01e02888edc","tintindex":0},"south":{"uv":[0.0,0.625,0.625,1.625],"rotation":0,"texture":"#481a63d5-df14-a293-8a6f-f01e02888edc","tintindex":0},"up":{"uv":[1.125,0.625,0.625,0.0],"rotation":90,"texture":"#481a63d5-df14-a293-8a6f-f01e02888edc","tintindex":0},"west":{"uv":[1.75,0.625,2.25,1.625],"rotation":0,"texture":"#481a63d5-df14-a293-8a6f-f01e02888edc","tintindex":0}}}],"display":{"head":{"translation":[0.0,-6.4,0.0],"rotation":[0.0,0.0,0.0],"scale":[3.8095,3.8095,3.8095]},"gui":{"translation":[0.0,0.0,0.0],"rotation":[35.0,225.0,0.0],"scale":[0.625,0.625,0.625]}}}