{"file_name":"rightleg2","texture_size":[128,128],"textures":{"481a63d5-df14-a293-8a6f-f01e02888edc":"modelengine:entity/golem"},"elements":[{"name":"cube","from":[7.1,2.6524997,8.375],"to":[8.9,6.2524996,9.875],"rotation":{"angle":0.0,"axis":"x","origin":[8.0,2.6524997,8.975]},"faces":{"down":{"uv":[3.75,7.25,3.875,7.625],"rotation":270,"texture":"#481a63d5-df14-a293-8a6f-f01e02888edc","tintindex":0},"east":{"uv":[3.625,7.625,3.75,8.5],"rotation":0,"texture":"#481a63d5-df14-a293-8a6f-f01e02888edc","tintindex":0},"north":{"uv":[3.75,7.625,4.125,8.5],"rotation":0,"texture":"#481a63d5-df14-a293-8a6f-f01e02888edc","tintindex":0},"south":{"uv":[3.25,7.625,3.625,8.5],"rotation":0,"texture":"#481a63d5-df14-a293-8a6f-f01e02888edc","tintindex":0},"up":{"uv":[3.75,7.625,3.625,7.25],"rotation":90,"texture":"#481a63d5-df14-a293-8a6f-f01e02888edc","tintindex":0},"west":{"uv":[4.125,7.625,4.25,8.5],"rotation":0,"texture":"#481a63d5-df14-a293-8a6f-f01e02888edc","tintindex":0}}},{"name":"cube","from":[7.1,6.2524996,8.375],"to":[8.9,7.2425,10.175],"rotation":{"angle":0.0,"axis":"x","origin":[8.0,2.6524997,8.375]},"faces":{"down":{"uv":[0.75,1.625,1.125,2.0],"rotation":270,"texture":"#481a63d5-df14-a293-8a6f-f01e02888edc","tintindex":0},"east":{"uv":[0.375,2.0,0.75,2.125],"rotation":0,"texture":"#481a63d5-df14-a293-8a6f-f01e02888edc","tintindex":0},"north":{"uv":[0.75,2.0,1.125,2.125],"rotation":0,"texture":"#481a63d5-df14-a293-8a6f-f01e02888edc","tintindex":0},"south":{"uv":[0.0,2.0,0.375,2.125],"rotation":0,"texture":"#481a63d5-df14-a293-8a6f-f01e02888edc","tintindex":0},"up":{"uv":[0.75,2.0,0.375,1.625],"rotation":90,"texture":"#481a63d5-df14-a293-8a6f-f01e02888edc","tintindex":0},"west":{"uv":[1.125,2.0,1.5,2.125],"rotation":0,"texture":"#481a63d5-df14-a293-8a6f-f01e02888edc","tintindex":0}}}],"display":{"head":{"translation":[0.0,-6.4,0.0],"rotation":[0.0,0.0,0.0],"scale":[3.8095,3.8095,3.8095]},"gui":{"translation":[0.0,0.0,0.0],"rotation":[35.0,225.0,0.0],"scale":[0.625,0.625,0.625]}}}