{"file_name":"rightarm2","texture_size":[128,128],"textures":{"481a63d5-df14-a293-8a6f-f01e02888edc":"modelengine:entity/golem"},"elements":[{"name":"cube","from":[6.845,6.845,1.6820005],"to":[10.355001,10.355,14.318],"rotation":{"angle":-22.5,"axis":"x","origin":[6.845,9.653,13.616]},"faces":{"down":{"uv":[3.25,6.0,5.875,6.625],"rotation":270,"texture":"#481a63d5-df14-a293-8a6f-f01e02888edc","tintindex":0},"east":{"uv":[0.625,6.625,3.25,7.25],"rotation":0,"texture":"#481a63d5-df14-a293-8a6f-f01e02888edc","tintindex":0},"north":{"uv":[3.25,6.625,3.875,7.25],"rotation":0,"texture":"#481a63d5-df14-a293-8a6f-f01e02888edc","tintindex":0},"south":{"uv":[0.0,6.625,0.625,7.25],"rotation":0,"texture":"#481a63d5-df14-a293-8a6f-f01e02888edc","tintindex":0},"up":{"uv":[3.25,6.625,2.625,4.0],"rotation":90,"texture":"#481a63d5-df14-a293-8a6f-f01e02888edc","tintindex":0},"west":{"uv":[3.875,6.625,6.5,7.25],"rotation":0,"texture":"#481a63d5-df14-a293-8a6f-f01e02888edc","tintindex":0}}}],"display":{"head":{"translation":[0.0,-6.4,0.0],"rotation":[0.0,0.0,0.0],"scale":[3.8095,3.8095,3.8095]},"gui":{"translation":[0.0,0.0,0.0],"rotation":[35.0,225.0,0.0],"scale":[0.625,0.625,0.625]}}}