{"file_name":"torso","texture_size":[128,128],"textures":{"481a63d5-df14-a293-8a6f-f01e02888edc":"modelengine:entity/golem"},"elements":[{"name":"cube","from":[3.1625,10.418751,3.725],"to":[15.762501,18.51875,10.925],"rotation":{"angle":0.0,"axis":"x","origin":[9.4625,15.81875,7.325]},"faces":{"down":{"uv":[4.125,0.0,5.625,2.625],"rotation":270,"texture":"#481a63d5-df14-a293-8a6f-f01e02888edc","tintindex":0},"east":{"uv":[2.625,2.625,4.125,4.25],"rotation":0,"texture":"#481a63d5-df14-a293-8a6f-f01e02888edc","tintindex":0},"north":{"uv":[4.125,2.625,6.75,4.25],"rotation":0,"texture":"#481a63d5-df14-a293-8a6f-f01e02888edc","tintindex":0},"south":{"uv":[0.0,2.625,2.625,4.25],"rotation":0,"texture":"#481a63d5-df14-a293-8a6f-f01e02888edc","tintindex":0},"up":{"uv":[4.125,2.625,2.625,0.0],"rotation":90,"texture":"#481a63d5-df14-a293-8a6f-f01e02888edc","tintindex":0},"west":{"uv":[6.75,2.625,8.25,4.25],"rotation":0,"texture":"#481a63d5-df14-a293-8a6f-f01e02888edc","tintindex":0}}},{"name":"cube","from":[6.7625,8.61875,1.9249997],"to":[12.1625,10.418751,7.325],"rotation":{"angle":22.5,"axis":"x","origin":[9.4625,8.61875,6.425]},"faces":{"down":{"uv":[7.625,6.125,8.75,7.25],"rotation":270,"texture":"#481a63d5-df14-a293-8a6f-f01e02888edc","tintindex":0},"east":{"uv":[6.5,7.25,7.625,7.625],"rotation":0,"texture":"#481a63d5-df14-a293-8a6f-f01e02888edc","tintindex":0},"north":{"uv":[7.625,7.25,8.75,7.625],"rotation":0,"texture":"#481a63d5-df14-a293-8a6f-f01e02888edc","tintindex":0},"south":{"uv":[5.375,7.25,6.5,7.625],"rotation":0,"texture":"#481a63d5-df14-a293-8a6f-f01e02888edc","tintindex":0},"up":{"uv":[7.625,7.25,6.5,6.125],"rotation":90,"texture":"#481a63d5-df14-a293-8a6f-f01e02888edc","tintindex":0},"west":{"uv":[8.75,7.25,9.875,7.625],"rotation":0,"texture":"#481a63d5-df14-a293-8a6f-f01e02888edc","tintindex":0}}},{"name":"cube","from":[-3.1375003,17.618752,2.8249998],"to":[4.0625,19.41875,10.025],"rotation":{"angle":0.0,"axis":"x","origin":[3.1625,17.618752,7.325]},"faces":{"down":{"uv":[8.625,0.0,10.125,1.5],"rotation":270,"texture":"#481a63d5-df14-a293-8a6f-f01e02888edc","tintindex":0},"east":{"uv":[7.125,1.5,8.625,1.875],"rotation":0,"texture":"#481a63d5-df14-a293-8a6f-f01e02888edc","tintindex":0},"north":{"uv":[8.625,1.5,10.125,1.875],"rotation":0,"texture":"#481a63d5-df14-a293-8a6f-f01e02888edc","tintindex":0},"south":{"uv":[5.625,1.5,7.125,1.875],"rotation":0,"texture":"#481a63d5-df14-a293-8a6f-f01e02888edc","tintindex":0},"up":{"uv":[8.625,1.5,7.125,0.0],"rotation":90,"texture":"#481a63d5-df14-a293-8a6f-f01e02888edc","tintindex":0},"west":{"uv":[10.125,1.5,11.625,1.875],"rotation":0,"texture":"#481a63d5-df14-a293-8a6f-f01e02888edc","tintindex":0}}}],"display":{"head":{"translation":[0.0,-6.4,0.0],"rotation":[0.0,0.0,0.0],"scale":[3.8095,3.8095,3.8095]},"gui":{"translation":[0.0,0.0,0.0],"rotation":[35.0,225.0,0.0],"scale":[0.625,0.625,0.625]}}}