{"file_name":"head","texture_size":[128,128],"textures":{"7e7ed13c-2c41-0fdb-9816-91b8581ef1b9":"modelengine:entity/wizard"},"elements":[{"name":"cube","from":[4.3727765,6.3795414,5.0],"to":[10.372777,9.379541,11.0],"rotation":{"angle":0.0,"axis":"x","origin":[7.3727765,2.7795415,8.0]},"faces":{"down":{"uv":[4.25,2.25,3.0,3.5],"rotation":0,"texture":"#7e7ed13c-2c41-0fdb-9816-91b8581ef1b9","tintindex":0},"east":{"uv":[2.125,6.375,3.375,7.0],"rotation":0,"texture":"#7e7ed13c-2c41-0fdb-9816-91b8581ef1b9","tintindex":0},"north":{"uv":[6.375,0.0,7.625,0.625],"rotation":0,"texture":"#7e7ed13c-2c41-0fdb-9816-91b8581ef1b9","tintindex":0},"south":{"uv":[3.375,6.375,4.625,7.0],"rotation":0,"texture":"#7e7ed13c-2c41-0fdb-9816-91b8581ef1b9","tintindex":0},"up":{"uv":[3.0,3.5,1.75,2.25],"rotation":0,"texture":"#7e7ed13c-2c41-0fdb-9816-91b8581ef1b9","tintindex":0},"west":{"uv":[4.625,6.5,5.875,7.125],"rotation":0,"texture":"#7e7ed13c-2c41-0fdb-9816-91b8581ef1b9","tintindex":0}}},{"name":"cube","from":[6.7727766,9.379541,5.0],"to":[7.9727764,9.979542,5.6],"rotation":{"angle":0.0,"axis":"x","origin":[7.3727765,2.7795415,7.4]},"faces":{"down":{"uv":[3.125,6.25,2.875,6.375],"rotation":0,"texture":"#7e7ed13c-2c41-0fdb-9816-91b8581ef1b9","tintindex":0},"east":{"uv":[5.625,2.0,5.75,2.125],"rotation":0,"texture":"#7e7ed13c-2c41-0fdb-9816-91b8581ef1b9","tintindex":0},"north":{"uv":[2.125,6.25,2.375,6.375],"rotation":0,"texture":"#7e7ed13c-2c41-0fdb-9816-91b8581ef1b9","tintindex":0},"south":{"uv":[2.375,6.25,2.625,6.375],"rotation":0,"texture":"#7e7ed13c-2c41-0fdb-9816-91b8581ef1b9","tintindex":0},"up":{"uv":[2.875,6.375,2.625,6.25],"rotation":0,"texture":"#7e7ed13c-2c41-0fdb-9816-91b8581ef1b9","tintindex":0},"west":{"uv":[5.625,4.125,5.75,4.25],"rotation":0,"texture":"#7e7ed13c-2c41-0fdb-9816-91b8581ef1b9","tintindex":0}}},{"name":"cube","from":[3.1727767,11.179543,3.7999997],"to":[11.572777,11.779542,12.2],"rotation":{"angle":0.0,"axis":"x","origin":[7.3727765,12.379542,8.0]},"faces":{"down":{"uv":[1.75,1.75,0.0,3.5],"rotation":0,"texture":"#7e7ed13c-2c41-0fdb-9816-91b8581ef1b9","tintindex":0},"east":{"uv":[8.25,8.0,10.0,8.125],"rotation":0,"texture":"#7e7ed13c-2c41-0fdb-9816-91b8581ef1b9","tintindex":0},"north":{"uv":[8.25,7.875,10.0,8.0],"rotation":0,"texture":"#7e7ed13c-2c41-0fdb-9816-91b8581ef1b9","tintindex":0},"south":{"uv":[8.25,8.125,10.0,8.25],"rotation":0,"texture":"#7e7ed13c-2c41-0fdb-9816-91b8581ef1b9","tintindex":0},"up":{"uv":[1.75,1.75,0.0,0.0],"rotation":0,"texture":"#7e7ed13c-2c41-0fdb-9816-91b8581ef1b9","tintindex":0},"west":{"uv":[8.25,8.25,10.0,8.375],"rotation":0,"texture":"#7e7ed13c-2c41-0fdb-9816-91b8581ef1b9","tintindex":0}}},{"name":"cube","from":[4.9727764,11.779542,5.6],"to":[9.772778,14.179542,11.0],"rotation":{"angle":0.0,"axis":"x","origin":[7.3727765,12.979542,8.0]},"faces":{"down":{"uv":[6.25,3.0,5.25,4.125],"rotation":0,"texture":"#7e7ed13c-2c41-0fdb-9816-91b8581ef1b9","tintindex":0},"east":{"uv":[6.875,6.625,8.0,7.125],"rotation":0,"texture":"#7e7ed13c-2c41-0fdb-9816-91b8581ef1b9","tintindex":0},"north":{"uv":[4.25,3.0,5.25,3.5],"rotation":0,"texture":"#7e7ed13c-2c41-0fdb-9816-91b8581ef1b9","tintindex":0},"south":{"uv":[1.5,7.5,2.5,8.0],"rotation":0,"texture":"#7e7ed13c-2c41-0fdb-9816-91b8581ef1b9","tintindex":0},"up":{"uv":[3.125,6.25,2.125,5.125],"rotation":0,"texture":"#7e7ed13c-2c41-0fdb-9816-91b8581ef1b9","tintindex":0},"west":{"uv":[1.5,7.0,2.625,7.5],"rotation":0,"texture":"#7e7ed13c-2c41-0fdb-9816-91b8581ef1b9","tintindex":0}}},{"name":"cube","from":[5.5727763,12.979542,6.8],"to":[9.172777,16.579542,10.4],"rotation":{"angle":45.0,"axis":"x","origin":[7.3727765,12.979542,8.0]},"faces":{"down":{"uv":[7.875,5.5,7.125,6.25],"rotation":0,"texture":"#7e7ed13c-2c41-0fdb-9816-91b8581ef1b9","tintindex":0},"east":{"uv":[3.375,7.0,4.125,7.75],"rotation":0,"texture":"#7e7ed13c-2c41-0fdb-9816-91b8581ef1b9","tintindex":0},"north":{"uv":[2.625,7.0,3.375,7.75],"rotation":0,"texture":"#7e7ed13c-2c41-0fdb-9816-91b8581ef1b9","tintindex":0},"south":{"uv":[7.0,4.75,7.75,5.5],"rotation":0,"texture":"#7e7ed13c-2c41-0fdb-9816-91b8581ef1b9","tintindex":0},"up":{"uv":[5.625,7.875,4.875,7.125],"rotation":0,"texture":"#7e7ed13c-2c41-0fdb-9816-91b8581ef1b9","tintindex":0},"west":{"uv":[4.125,7.125,4.875,7.875],"rotation":0,"texture":"#7e7ed13c-2c41-0fdb-9816-91b8581ef1b9","tintindex":0}}},{"name":"cube","from":[6.7727766,13.579542,9.8],"to":[8.572777,15.979542,14.6],"rotation":{"angle":0.0,"axis":"x","origin":[7.3727765,9.979542,10.4]},"faces":{"down":{"uv":[5.375,7.875,5.0,8.875],"rotation":0,"texture":"#7e7ed13c-2c41-0fdb-9816-91b8581ef1b9","tintindex":0},"east":{"uv":[7.625,0.0,8.625,0.5],"rotation":0,"texture":"#7e7ed13c-2c41-0fdb-9816-91b8581ef1b9","tintindex":0},"north":{"uv":[4.5,8.625,4.875,9.125],"rotation":0,"texture":"#7e7ed13c-2c41-0fdb-9816-91b8581ef1b9","tintindex":0},"south":{"uv":[6.875,8.625,7.25,9.125],"rotation":0,"texture":"#7e7ed13c-2c41-0fdb-9816-91b8581ef1b9","tintindex":0},"up":{"uv":[7.75,8.75,7.375,7.75],"rotation":0,"texture":"#7e7ed13c-2c41-0fdb-9816-91b8581ef1b9","tintindex":0},"west":{"uv":[7.75,0.5,8.75,1.0],"rotation":0,"texture":"#7e7ed13c-2c41-0fdb-9816-91b8581ef1b9","tintindex":0}}},{"name":"cube","from":[4.9727764,7.5795417,5.6],"to":[9.772778,11.179543,10.4],"rotation":{"angle":0.0,"axis":"x","origin":[7.3727765,2.7795415,8.0]},"faces":{"down":{"uv":[5.125,5.375,4.125,6.375],"rotation":0,"texture":"#7e7ed13c-2c41-0fdb-9816-91b8581ef1b9","tintindex":0},"east":{"uv":[0.5,6.75,1.5,7.5],"rotation":0,"texture":"#7e7ed13c-2c41-0fdb-9816-91b8581ef1b9","tintindex":0},"north":{"uv":[5.875,6.625,6.875,7.375],"rotation":0,"texture":"#7e7ed13c-2c41-0fdb-9816-91b8581ef1b9","tintindex":0},"south":{"uv":[6.75,0.625,7.75,1.375],"rotation":0,"texture":"#7e7ed13c-2c41-0fdb-9816-91b8581ef1b9","tintindex":0},"up":{"uv":[4.125,6.375,3.125,5.375],"rotation":0,"texture":"#7e7ed13c-2c41-0fdb-9816-91b8581ef1b9","tintindex":0},"west":{"uv":[6.875,1.375,7.875,2.125],"rotation":0,"texture":"#7e7ed13c-2c41-0fdb-9816-91b8581ef1b9","tintindex":0}}},{"name":"cube","from":[4.8227763,9.379541,8.0],"to":[5.422776,11.179543,9.2],"rotation":{"angle":-22.5,"axis":"y","origin":[5.1227765,10.279542,8.6]},"faces":{"down":{"uv":[6.875,1.75,6.75,2.0],"rotation":0,"texture":"#7e7ed13c-2c41-0fdb-9816-91b8581ef1b9","tintindex":0},"east":{"uv":[5.75,5.0,6.0,5.375],"rotation":0,"texture":"#7e7ed13c-2c41-0fdb-9816-91b8581ef1b9","tintindex":0},"north":{"uv":[2.125,4.75,2.25,5.125],"rotation":0,"texture":"#7e7ed13c-2c41-0fdb-9816-91b8581ef1b9","tintindex":0},"south":{"uv":[6.75,1.375,6.875,1.75],"rotation":0,"texture":"#7e7ed13c-2c41-0fdb-9816-91b8581ef1b9","tintindex":0},"up":{"uv":[3.75,5.375,3.625,5.125],"rotation":0,"texture":"#7e7ed13c-2c41-0fdb-9816-91b8581ef1b9","tintindex":0},"west":{"uv":[8.625,8.75,8.875,9.125],"rotation":0,"texture":"#7e7ed13c-2c41-0fdb-9816-91b8581ef1b9","tintindex":0}}},{"name":"cube","from":[9.322777,9.379541,8.0],"to":[9.922777,11.179543,9.2],"rotation":{"angle":22.5,"axis":"y","origin":[9.622777,10.279542,8.6]},"faces":{"down":{"uv":[6.75,1.75,6.875,2.0],"rotation":0,"texture":"#7e7ed13c-2c41-0fdb-9816-91b8581ef1b9","tintindex":0},"east":{"uv":[8.875,8.75,8.625,9.125],"rotation":0,"texture":"#7e7ed13c-2c41-0fdb-9816-91b8581ef1b9","tintindex":0},"north":{"uv":[2.25,4.75,2.125,5.125],"rotation":0,"texture":"#7e7ed13c-2c41-0fdb-9816-91b8581ef1b9","tintindex":0},"south":{"uv":[6.875,1.375,6.75,1.75],"rotation":0,"texture":"#7e7ed13c-2c41-0fdb-9816-91b8581ef1b9","tintindex":0},"up":{"uv":[3.625,5.375,3.75,5.125],"rotation":0,"texture":"#7e7ed13c-2c41-0fdb-9816-91b8581ef1b9","tintindex":0},"west":{"uv":[6.0,5.0,5.75,5.375],"rotation":0,"texture":"#7e7ed13c-2c41-0fdb-9816-91b8581ef1b9","tintindex":0}}},{"name":"cube","from":[4.672776,5.3,10.427223],"to":[10.072777,8.3,14.627223],"rotation":{"angle":22.5,"axis":"x","origin":[7.3727765,7.4,13.427223]},"faces":{"down":{"uv":[1.125,5.75,0.0,6.625],"rotation":0,