{"file_name":"leftarm","texture_size":[128,128],"textures":{"7e7ed13c-2c41-0fdb-9816-91b8581ef1b9":"modelengine:entity/wizard"},"elements":[{"name":"cube","from":[5.6,6.2,6.2],"to":[8.0,9.2,9.8],"rotation":{"angle":0.0,"axis":"x","origin":[4.3999996,4.3999996,8.0]},"faces":{"down":{"uv":[5.0,7.875,4.5,8.625],"rotation":0,"texture":"#7e7ed13c-2c41-0fdb-9816-91b8581ef1b9","tintindex":0},"east":{"uv":[2.5,7.75,3.25,8.375],"rotation":0,"texture":"#7e7ed13c-2c41-0fdb-9816-91b8581ef1b9","tintindex":0},"north":{"uv":[1.875,8.0,2.375,8.625],"rotation":0,"texture":"#7e7ed13c-2c41-0fdb-9816-91b8581ef1b9","tintindex":0},"south":{"uv":[8.0,1.875,8.5,2.5],"rotation":0,"texture":"#7e7ed13c-2c41-0fdb-9816-91b8581ef1b9","tintindex":0},"up":{"uv":[8.25,5.5,7.75,4.75],"rotation":0,"texture":"#7e7ed13c-2c41-0fdb-9816-91b8581ef1b9","tintindex":0},"west":{"uv":[3.25,7.75,4.0,8.375],"rotation":0,"texture":"#7e7ed13c-2c41-0fdb-9816-91b8581ef1b9","tintindex":0}}},{"name":"cube","from":[6.2,4.3999996,6.8],"to":[8.0,6.2,9.2],"rotation":{"angle":0.0,"axis":"x","origin":[4.3999996,1.3999997,8.0]},"faces":{"down":{"uv":[2.75,8.375,2.375,8.875],"rotation":0,"texture":"#7e7ed13c-2c41-0fdb-9816-91b8581ef1b9","tintindex":0},"east":{"uv":[8.375,1.0,8.875,1.375],"rotation":0,"texture":"#7e7ed13c-2c41-0fdb-9816-91b8581ef1b9","tintindex":0},"north":{"uv":[7.75,8.625,8.125,9.0],"rotation":0,"texture":"#7e7ed13c-2c41-0fdb-9816-91b8581ef1b9","tintindex":0},"south":{"uv":[8.625,8.375,9.0,8.75],"rotation":0,"texture":"#7e7ed13c-2c41-0fdb-9816-91b8581ef1b9","tintindex":0},"up":{"uv":[6.75,1.125,6.375,0.625],"rotation":0,"texture":"#7e7ed13c-2c41-0fdb-9816-91b8581ef1b9","tintindex":0},"west":{"uv":[8.375,1.375,8.875,1.75],"rotation":0,"texture":"#7e7ed13c-2c41-0fdb-9816-91b8581ef1b9","tintindex":0}}}],"display":{"head":{"translation":[0.0,-6.4,0.0],"rotation":[0.0,0.0,0.0],"scale":[3.8095,3.8095,3.8095]},"gui":{"translation":[0.0,0.0,0.0],"rotation":[35.0,225.0,0.0],"scale":[0.625,0.625,0.625]}}}