{"file_name":"leftfoot","texture_size":[128,128],"textures":{"7e7ed13c-2c41-0fdb-9816-91b8581ef1b9":"modelengine:entity/wizard"},"elements":[{"name":"cube","from":[7.1,3.7999997,8.0],"to":[8.9,8.0,10.4],"rotation":{"angle":0.0,"axis":"x","origin":[10.4,7.4,9.2]},"faces":{"down":{"uv":[0.875,8.5,0.5,9.0],"rotation":0,"texture":"#7e7ed13c-2c41-0fdb-9816-91b8581ef1b9","tintindex":0},"east":{"uv":[7.875,1.0,8.375,1.875],"rotation":0,"texture":"#7e7ed13c-2c41-0fdb-9816-91b8581ef1b9","tintindex":0},"north":{"uv":[7.875,5.5,8.25,6.375],"rotation":0,"texture":"#7e7ed13c-2c41-0fdb-9816-91b8581ef1b9","tintindex":0},"south":{"uv":[1.5,8.0,1.875,8.875],"rotation":0,"texture":"#7e7ed13c-2c41-0fdb-9816-91b8581ef1b9","tintindex":0},"up":{"uv":[8.625,8.875,8.25,8.375],"rotation":0,"texture":"#7e7ed13c-2c41-0fdb-9816-91b8581ef1b9","tintindex":0},"west":{"uv":[4.0,7.875,4.5,8.75],"rotation":0,"texture":"#7e7ed13c-2c41-0fdb-9816-91b8581ef1b9","tintindex":0}}},{"name":"cube","from":[7.1,3.7999997,7.4],"to":[8.9,5.0,8.0],"rotation":{"angle":0.0,"axis":"x","origin":[10.4,7.4,6.2]},"faces":{"down":{"uv":[6.125,2.875,5.75,3.0],"rotation":0,"texture":"#7e7ed13c-2c41-0fdb-9816-91b8581ef1b9","tintindex":0},"east":{"uv":[2.0,6.75,2.125,7.0],"rotation":0,"texture":"#7e7ed13c-2c41-0fdb-9816-91b8581ef1b9","tintindex":0},"north":{"uv":[8.75,2.875,9.125,3.125],"rotation":0,"texture":"#7e7ed13c-2c41-0fdb-9816-91b8581ef1b9","tintindex":0},"south":{"uv":[0.875,8.875,1.25,9.125],"rotation":0,"texture":"#7e7ed13c-2c41-0fdb-9816-91b8581ef1b9","tintindex":0},"up":{"uv":[5.625,4.25,5.25,4.125],"rotation":0,"texture":"#7e7ed13c-2c41-0fdb-9816-91b8581ef1b9","tintindex":0},"west":{"uv":[6.875,4.75,7.0,5.0],"rotation":0,"texture":"#7e7ed13c-2c41-0fdb-9816-91b8581ef1b9","tintindex":0}}}],"display":{"head":{"translation":[0.0,-6.4,0.0],"rotation":[0.0,0.0,0.0],"scale":[3.8095,3.8095,3.8095]},"gui":{"translation":[0.0,0.0,0.0],"rotation":[35.0,225.0,0.0],"scale":[0.625,0.625,0.625]}}}