{"file_name":"page","texture_size":[128,128],"textures":{"7e7ed13c-2c41-0fdb-9816-91b8581ef1b9":"modelengine:entity/wizard"},"elements":[{"name":"cube","from":[8.016605,8.190408,5.371705],"to":[8.016605,12.3904085,10.771706],"rotation":{"angle":22.5,"axis":"z","origin":[8.0,8.15,8.0]},"faces":{"down":{"uv":[0.0,0.0,0.0,1.125],"rotation":0,"texture":"#7e7ed13c-2c41-0fdb-9816-91b8581ef1b9","tintindex":0},"east":{"uv":[5.75,2.0,6.875,2.875],"rotation":0,"texture":"#7e7ed13c-2c41-0fdb-9816-91b8581ef1b9","tintindex":0},"north":{"uv":[0.0,0.0,0.0,0.875],"rotation":0,"texture":"#7e7ed13c-2c41-0fdb-9816-91b8581ef1b9","tintindex":0},"south":{"uv":[0.0,0.0,0.0,0.875],"rotation":0,"texture":"#7e7ed13c-2c41-0fdb-9816-91b8581ef1b9","tintindex":0},"up":{"uv":[0.0,1.125,0.0,0.0],"rotation":0,"texture":"#7e7ed13c-2c41-0fdb-9816-91b8581ef1b9","tintindex":0},"west":{"uv":[5.75,2.0,6.875,2.875],"rotation":0,"texture":"#7e7ed13c-2c41-0fdb-9816-91b8581ef1b9","tintindex":0}}}],"display":{"head":{"translation":[0.0,-6.4,0.0],"rotation":[0.0,0.0,0.0],"scale":[3.8095,3.8095,3.8095]},"gui":{"translation":[0.0,0.0,0.0],"rotation":[35.0,225.0,0.0],"scale":[0.625,0.625,0.625]}}}