{"file_name":"righthand","texture_size":[128,128],"textures":{"7e7ed13c-2c41-0fdb-9816-91b8581ef1b9":"modelengine:entity/wizard"},"elements":[{"name":"cube","from":[6.8,6.2,5.3],"to":[9.2,8.0,8.3],"rotation":{"angle":0.0,"axis":"x","origin":[10.700001,3.1999998,6.8]},"faces":{"down":{"uv":[8.0,6.375,8.5,7.0],"rotation":0,"texture":"#7e7ed13c-2c41-0fdb-9816-91b8581ef1b9","tintindex":0},"east":{"uv":[8.875,7.5,8.25,7.875],"rotation":0,"texture":"#7e7ed13c-2c41-0fdb-9816-91b8581ef1b9","tintindex":0},"north":{"uv":[3.25,8.375,2.75,8.75],"rotation":0,"texture":"#7e7ed13c-2c41-0fdb-9816-91b8581ef1b9","tintindex":0},"south":{"uv":[3.75,8.375,3.25,8.75],"rotation":0,"texture":"#7e7ed13c-2c41-0fdb-9816-91b8581ef1b9","tintindex":0},"up":{"uv":[8.0,4.75,8.5,4.125],"rotation":0,"texture":"#7e7ed13c-2c41-0fdb-9816-91b8581ef1b9","tintindex":0},"west":{"uv":[7.75,6.25,7.125,6.625],"rotation":0,"texture":"#7e7ed13c-2c41-0fdb-9816-91b8581ef1b9","tintindex":0}}},{"name":"cube","from":[7.1,4.3999996,5.6],"to":[8.9,6.2,8.0],"rotation":{"angle":0.0,"axis":"x","origin":[10.700001,3.1999998,6.8]},"faces":{"down":{"uv":[8.5,4.625,8.875,5.125],"rotation":0,"texture":"#7e7ed13c-2c41-0fdb-9816-91b8581ef1b9","tintindex":0},"east":{"uv":[9.0,1.75,8.5,2.125],"rotation":0,"texture":"#7e7ed13c-2c41-0fdb-9816-91b8581ef1b9","tintindex":0},"north":{"uv":[9.125,0.5,8.75,0.875],"rotation":0,"texture":"#7e7ed13c-2c41-0fdb-9816-91b8581ef1b9","tintindex":0},"south":{"uv":[9.125,2.5,8.75,2.875],"rotation":0,"texture":"#7e7ed13c-2c41-0fdb-9816-91b8581ef1b9","tintindex":0},"up":{"uv":[8.5,4.625,8.875,4.125],"rotation":0,"texture":"#7e7ed13c-2c41-0fdb-9816-91b8581ef1b9","tintindex":0},"west":{"uv":[1.375,8.5,0.875,8.875],"rotation":0,"texture":"#7e7ed13c-2c41-0fdb-9816-91b8581ef1b9","tintindex":0}}},{"name":"cube","from":[7.1,3.2599998,-4.6000004],"to":[8.9,5.06,-2.8000002],"rotation":{"angle":45.0,"axis":"z","origin":[8.0,3.8599997,-4.0000005]},"faces":{"down":{"uv":[9.125,6.0,8.75,6.375],"rotation":0,"texture":"#7e7ed13c-2c41-0fdb-9816-91b8581ef1b9","tintindex":0},"east":{"uv":[3.125,8.75,3.5,9.125],"rotation":0,"texture":"#7e7ed13c-2c41-0fdb-9816-91b8581ef1b9","tintindex":0},"north":{"uv":[2.75,8.75,3.125,9.125],"rotation":0,"texture":"#7e7ed13c-2c41-0fdb-9816-91b8581ef1b9","tintindex":0},"south":{"uv":[4.0,8.75,4.375,9.125],"rotation":0,"texture":"#7e7ed13c-2c41-0fdb-9816-91b8581ef1b9","tintindex":0},"up":{"uv":[9.125,6.0,8.75,5.625],"rotation":0,"texture":"#7e7ed13c-2c41-0fdb-9816-91b8581ef1b9","tintindex":0},"west":{"uv":[5.625,8.75,6.0,9.125],"rotation":0,"texture":"#7e7ed13c-2c41-0fdb-9816-91b8581ef1b9","tintindex":0}}},{"name":"cube","from":[7.4,3.4999998,1.3999997],"to":[8.6,4.7,16.400002],"rotation":{"angle":45.0,"axis":"z","origin":[8.0,4.1,8.9]},"faces":{"down":{"uv":[0.5,6.625,0.25,9.75],"rotation":0,"texture":"#7e7ed13c-2c41-0fdb-9816-91b8581ef1b9","tintindex":0},"east":{"uv":[6.25,3.625,9.375,3.875],"rotation":0,"texture":"#7e7ed13c-2c41-0fdb-9816-91b8581ef1b9","tintindex":0},"north":{"uv":[8.0,2.5,8.25,2.75],"rotation":0,"texture":"#7e7ed13c-2c41-0fdb-9816-91b8581ef1b9","tintindex":0},"south":{"uv":[8.5,5.625,8.75,5.875],"rotation":0,"texture":"#7e7ed13c-2c41-0fdb-9816-91b8581ef1b9","tintindex":0},"up":{"uv":[0.25,9.75,0.0,6.625],"rotation":0,"texture":"#7e7ed13c-2c41-0fdb-9816-91b8581ef1b9","tintindex":0},"west":{"uv":[6.25,3.875,9.375,4.125],"rotation":0,"texture":"#7e7ed13c-2c41-0fdb-9816-91b8581ef1b9","tintindex":0}}},{"name":"cube","from":[7.1,2.8999999,-1.0000005],"to":[8.9,5.3,1.3999997],"rotation":{"angle":0.0,"axis":"x","origin":[5.6,1.6999998,-10.000001]},"faces":{"down":{"uv":[2.25,8.625,1.875,9.125],"rotation":0,"texture":"#7e7ed13c-2c41-0fdb-9816-91b8581ef1b9","tintindex":0},"east":{"uv":[5.625,8.25,6.125,8.75],"rotation":0,"texture":"#7e7ed13c-2c41-0fdb-9816-91b8581ef1b9","tintindex":0},"north":{"uv":[8.5,5.125,8.875,5.625],"rotation":0,"texture":"#7e7ed13c-2c41-0fdb-9816-91b8581ef1b9","tintindex":0},"south":{"uv":[8.5,6.375,8.875,6.875],"rotation":0,"texture":"#7e7ed13c-2c41-0fdb-9816-91b8581ef1b9","tintindex":0},"up":{"uv":[9.0,0.5,8.625,0.0],"rotation":0,"texture":"#7e7ed13c-2c41-0fdb-9816-91b8581ef1b9","tintindex":0},"west":{"uv":[8.25,5.875,8.75,6.375],"rotation":0,"texture":"#7e7ed13c-2c41-0fdb-9816-91b8581ef1b9","tintindex":0}}},{"name":"cube","from":[7.4,1.6999998,-1.0000005],"to":[8.6,2.8999999,0.19999981],"rotation":{"angle":0.0,"axis":"x","origin":[8.0,1.9999998,-0.40000033]},"faces":{"down":{"uv":[9.125,4.125,8.875,4.375],"rotation":0,"texture":"#7e7ed13c-2c41-0fdb-9816-91b8581ef1b9","tintindex":0},"east":{"uv":[8.875,1.25,9.125,1.5],"rotation":0,"texture":"#7e7ed13c-2c41-0fdb-9816-91b8581ef1b9","tintindex":0},"north":{"uv":[8.875,1.0,9.125,1.25],"rotation":0,"texture":"#7e7ed13c-2c41-0fdb-9816-91b8581ef1b9","tintindex":0},"south":{"uv":[1.5,8.875,1.75,9.125],"rotation":0,"texture":"#7e7ed13c-2c41-0fdb-9816-91b8581ef1b9","tintindex":0},"up":{"uv":[2.625,9.125,2.375,8.875],"rotation":0,"texture":"#7e7ed13c-2c41-0fdb-9816-91b8581ef1b9","tintindex":0},"west":{"uv":[8.875,1.5,9.125,1.75],"rotation":0,"texture":"#7e7ed13c-2c41-0fdb-9816-91b8581ef1b9","tintindex":0}}},{"name":"cube","from":[7.4,5.3,-1.0000005],"to":[8.6,6.5,0.19999981],"rotation":{"angle":0.0,"axis":"x","origin":[8.0,-4.0000005,-0.40000033]},"faces":{"down":{"uv":[2.625,8.875,2.375,9.125],"rotation":0,"texture":"#7e7ed13c-2c41-0fdb-9816-91b8581ef1b9","tintindex":0},"east":{"uv":[8.875,1.5,9.125,1.25],"rotation":0,"texture":"#7e7ed13c-2c41-0fdb-9816-91b8581ef1b9","tintindex":0},"north":{"uv":[8.875,1.25,9.125,1.0],"rotation":0,"texture":"#7e7ed13c-2c41-0fdb-9816-91b8581ef1b9","tintindex":0},"south":{"uv":[1.5,9.125,1.75,8.875],"rotation":0,"texture":"#7e7ed13c-2c41-0fdb-9816-91b8581ef1b9","tintindex":0},"up":{"uv":[9.125,4.375,8.875,4.125],"rotation":0,"texture":"#7e7ed13c-2c41-0fdb-9816-91b8581ef1b9","tintindex":0},"west":{"uv":[8.875,1.75,9.125,1.5],"rotation":0,"texture":"#7e7ed13c-2c41-0fdb-9816-91b8581ef1b9","tintindex":0}}},{"name":"cube","from":[7.4,0.49999976,-3.4000006],"to":[8.6,1.6999998,0.19999981],"rotation":{"angle":0.0,"axis":"x","origin":[5.6,1.6999998,-10.000001]},"faces":{"down":{"uv":[4.0,8.375,3.75,9.125],"rotation":0,"texture":"#7e7ed13c-2c41-0fdb-9816-91b8581ef1b9","tintindex":0},"east":{"uv":[8.5,2.125,9.25,2.375],"rotation":0,"texture":"#7e7ed13c-2c41-0fdb-9816-91b8581ef1b9","tintindex":0},"north":{"uv":[8.875,4.375,9.125,4.625],"rotation":0,"texture":"#7e7ed13c-2c41-0fdb-9816-91b8581ef1b9","tintindex":0},"south":{"uv":[8.875,4.625,9.125,4.875],"rotation":0,"texture":"#7e7ed13c-2c41-0fdb-9816-91b8581ef1b9","tintindex":0},"up":{"uv":[6.875,9.0,6.625,8.25],"rotation":0,"texture":"#7e7ed13c-2c41-0fdb-9816-91b8581ef1b9","tintindex":0},"west":{"uv":[8.5,3.375,9.25,3.625],"rotation":0,"texture":"#7e7ed13c-2c41-0fdb-9816-91b8581ef1b9","tintindex":0}}},{"name":"cube","from":[7.4,6.5,-3.4000006],"to":[8.6,7.7,0.19999981],"rotation":{"angle":0.0,"axis":"x","origin":[5.6,-3.7000003,-10.000001]},"faces":{"down":{"uv":[6.875,8.25,6.625,9.0],"rotation":0,"texture":"#7e7ed13c-2c41-0fdb-9816-91b8581ef1b9","tintindex":0},"east":{"uv":[8.5,2.375,9.25,2.125],"rotation":0,"texture":"#7e7ed13c-2c41-0fdb-9816-91b8581ef1b9","tintindex":0},"north":{"uv":[8.875,4.625,9.125,4.375],"rotation":0,"texture":"#7e7ed13c-2c41-0fdb-9816-91b8581ef1b9","tintindex":0},"south":{"uv":[8.875,4.875,9.125,4.625],"rotation":0,"texture":"#7e7ed13c-2c41-0fdb-9816-91b8581ef1b9","tintindex":0},"up":{"uv":[4.0,9.125,3.75,8.375],"rotation":0,"texture":"#7e7ed13c-2c41-0fdb-9816-91b8581ef1b9","tintindex":0},"west":{"uv":[8.5,3.625,9.25,3.375],"rotation":0,"texture":"#7e7ed13c-2c41-0fdb-9816-91b8581ef1b9","tintindex":0}}},{"name":"cube","from":[7.4,-0.7000003,-3.4000006],"to":[8.6,0.49999976,-2.2000003],"rotation":{"angle":0.0,"axis":"x","origin":[5.6,0.49999976,-10.000001]},"faces":{"down":{"uv":[9.125,6.625,8.875,6.875],"rotation":0,"texture":"#7e7ed13c-2c41-0fdb-9816-91b8581ef1b9","tintindex":0},