{"file_name":"rightarm","texture_size":[128,128],"textures":{"7e7ed13c-2c41-0fdb-9816-91b8581ef1b9":"modelengine:entity/wizard"},"elements":[{"name":"cube","from":[8.0,6.2,6.2],"to":[10.4,9.2,9.8],"rotation":{"angle":0.0,"axis":"x","origin":[11.6,4.3999996,8.0]},"faces":{"down":{"uv":[4.5,7.875,5.0,8.625],"rotation":0,"texture":"#7e7ed13c-2c41-0fdb-9816-91b8581ef1b9","tintindex":0},"east":{"uv":[4.0,7.75,3.25,8.375],"rotation":0,"texture":"#7e7ed13c-2c41-0fdb-9816-91b8581ef1b9","tintindex":0},"north":{"uv":[2.375,8.0,1.875,8.625],"rotation":0,"texture":"#7e7ed13c-2c41-0fdb-9816-91b8581ef1b9","tintindex":0},"south":{"uv":[8.5,1.875,8.0,2.5],"rotation":0,"texture":"#7e7ed13c-2c41-0fdb-9816-91b8581ef1b9","tintindex":0},"up":{"uv":[7.75,5.5,8.25,4.75],"rotation":0,"texture":"#7e7ed13c-2c41-0fdb-9816-91b8581ef1b9","tintindex":0},"west":{"uv":[3.25,7.75,2.5,8.375],"rotation":0,"texture":"#7e7ed13c-2c41-0fdb-9816-91b8581ef1b9","tintindex":0}}},{"name":"cube","from":[8.0,4.3999996,6.8],"to":[9.8,6.2,9.2],"rotation":{"angle":0.0,"axis":"x","origin":[11.6,1.3999997,8.0]},"faces":{"down":{"uv":[2.375,8.375,2.75,8.875],"rotation":0,"texture":"#7e7ed13c-2c41-0fdb-9816-91b8581ef1b9","tintindex":0},"east":{"uv":[8.875,1.375,8.375,1.75],"rotation":0,"texture":"#7e7ed13c-2c41-0fdb-9816-91b8581ef1b9","tintindex":0},"north":{"uv":[8.125,8.625,7.75,9.0],"rotation":0,"texture":"#7e7ed13c-2c41-0fdb-9816-91b8581ef1b9","tintindex":0},"south":{"uv":[9.0,8.375,8.625,8.75],"rotation":0,"texture":"#7e7ed13c-2c41-0fdb-9816-91b8581ef1b9","tintindex":0},"up":{"uv":[6.375,1.125,6.75,0.625],"rotation":0,"texture":"#7e7ed13c-2c41-0fdb-9816-91b8581ef1b9","tintindex":0},"west":{"uv":[8.875,1.0,8.375,1.375],"rotation":0,"texture":"#7e7ed13c-2c41-0fdb-9816-91b8581ef1b9","tintindex":0}}}],"display":{"head":{"translation":[0.0,-6.4,0.0],"rotation":[0.0,0.0,0.0],"scale":[3.8095,3.8095,3.8095]},"gui":{"translation":[0.0,0.0,0.0],"rotation":[35.0,225.0,0.0],"scale":[0.625,0.625,0.625]}}}