{"file_name":"piece2","texture_size":[32,32],"textures":{"f2a83654-d3e5-7f9f-2673-98e2ddfc5b88":"modelengine:entity/shieldbreak"},"elements":[{"name":"piece2","from":[6.624818,5.1963553,7.85],"to":[9.144817,6.996355,8.15],"rotation":{"angle":22.5,"axis":"z","origin":[7.584818,6.6963553,8.0]},"faces":{"down":{"uv":[10.5,1.0,12.5,1.5],"rotation":0,"texture":"#f2a83654-d3e5-7f9f-2673-98e2ddfc5b88","tintindex":0},"east":{"uv":[9.0,7.5,9.5,9.0],"rotation":0,"texture":"#f2a83654-d3e5-7f9f-2673-98e2ddfc5b88","tintindex":0},"north":{"uv":[2.0,0.0,4.0,1.5],"rotation":0,"texture":"#f2a83654-d3e5-7f9f-2673-98e2ddfc5b88","tintindex":0},"south":{"uv":[6.0,4.0,8.0,5.5],"rotation":0,"texture":"#f2a83654-d3e5-7f9f-2673-98e2ddfc5b88","tintindex":0},"up":{"uv":[12.5,1.0,10.5,0.5],"rotation":0,"texture":"#f2a83654-d3e5-7f9f-2673-98e2ddfc5b88","tintindex":0},"west":{"uv":[3.5,11.0,4.0,12.5],"rotation":0,"texture":"#f2a83654-d3e5-7f9f-2673-98e2ddfc5b88","tintindex":0}}},{"name":"piece2","from":[6.4740677,6.5400257,7.85],"to":[8.994068,9.540026,8.15],"rotation":{"angle":0.0,"axis":"x","origin":[9.726254,-6.024149,7.7]},"faces":{"down":{"uv":[10.5,10.5,12.5,11.0],"rotation":0,"texture":"#f2a83654-d3e5-7f9f-2673-98e2ddfc5b88","tintindex":0},"east":{"uv":[10.0,10.0,10.5,12.5],"rotation":0,"texture":"#f2a83654-d3e5-7f9f-2673-98e2ddfc5b88","tintindex":0},"north":{"uv":[0.0,2.5,2.0,5.0],"rotation":0,"texture":"#f2a83654-d3e5-7f9f-2673-98e2ddfc5b88","tintindex":0},"south":{"uv":[4.0,4.0,6.0,6.5],"rotation":0,"texture":"#f2a83654-d3e5-7f9f-2673-98e2ddfc5b88","tintindex":0},"up":{"uv":[12.0,10.0,10.0,9.5],"rotation":0,"texture":"#f2a83654-d3e5-7f9f-2673-98e2ddfc5b88","tintindex":0},"west":{"uv":[10.0,0.5,10.5,3.0],"rotation":0,"texture":"#f2a83654-d3e5-7f9f-2673-98e2ddfc5b88","tintindex":0}}},{"name":"piece2","from":[8.258942,6.1742897,7.85],"to":[10.058943,9.294289,8.15],"rotation":{"angle":-22.5,"axis":"z","origin":[9.158942,7.194289,8.0]},"faces":{"down":{"uv":[10.5,5.0,12.0,5.5],"rotation":0,"texture":"#f2a83654-d3e5-7f9f-2673-98e2ddfc5b88","tintindex":0},"east":{"uv":[9.5,9.5,10.0,12.0],"rotation":0,"texture":"#f2a83654-d3e5-7f9f-2673-98e2ddfc5b88","tintindex":0},"north":{"uv":[0.0,5.0,1.5,7.5],"rotation":0,"texture":"#f2a83654-d3e5-7f9f-2673-98e2ddfc5b88","tintindex":0},"south":{"uv":[5.5,0.0,7.0,2.5],"rotation":0,"texture":"#f2a83654-d3e5-7f9f-2673-98e2ddfc5b88","tintindex":0},"up":{"uv":[12.0,5.0,10.5,4.5],"rotation":0,"texture":"#f2a83654-d3e5-7f9f-2673-98e2ddfc5b88","tintindex":0},"west":{"uv":[9.5,0.5,10.0,3.0],"rotation":0,"texture":"#f2a83654-d3e5-7f9f-2673-98e2ddfc5b88","tintindex":0}}},{"name":"piece2","from":[6.4740677,8.790026,7.85],"to":[10.794068,10.140026,8.15],"rotation":{"angle":0.0,"axis":"x","origin":[9.726254,-6.024149,7.7]},"faces":{"down":{"uv":[7.5,3.5,11.0,4.0],"rotation":0,"texture":"#f2a83654-d3e5-7f9f-2673-98e2ddfc5b88","tintindex":0},"east":{"uv":[8.5,7.5,9.0,8.5],"rotation":0,"texture":"#f2a83654-d3e5-7f9f-2673-98e2ddfc5b88","tintindex":0},"north":{"uv":[4.0,3.0,7.5,4.0],"rotation":0,"texture":"#f2a83654-d3e5-7f9f-2673-98e2ddfc5b88","tintindex":0},"south":{"uv":[6.0,6.0,9.5,7.0],"rotation":0,"texture":"#f2a83654-d3e5-7f9f-2673-98e2ddfc5b88","tintindex":0},"up":{"uv":[11.0,3.5,7.5,3.0],"rotation":0,"texture":"#f2a83654-d3e5-7f9f-2673-98e2ddfc5b88","tintindex":0},"west":{"uv":[4.0,11.0,4.5,12.0],"rotation":0,"texture":"#f2a83654-d3e5-7f9f-2673-98e2ddfc5b88","tintindex":0}}},{"name":"piece2","from":[6.283442,9.899006,7.7],"to":[10.813442,10.499005,8.3],"rotation":{"angle":0.0,"axis":"x","origin":[9.726254,-6.024149,7.7]},"faces":{"down":{"uv":[7.0,0.0,11.0,0.5],"rotation":0,"texture":"#f2a83654-d3e5-7f9f-2673-98e2ddfc5b88","tintindex":0},"east":{"uv":[11.0,8.0,11.5,8.5],"rotation":0,"texture":"#f2a83654-d3e5-7f9f-2673-98e2ddfc5b88","tintindex":0},"north":{"uv":[5.5,2.5,9.5,3.0],"rotation":0,"texture":"#f2a83654-d3e5-7f9f-2673-98e2ddfc5b88","tintindex":0},"south":{"uv":[6.0,5.5,10.0,6.0],"rotation":0,"texture":"#f2a83654-d3e5-7f9f-2673-98e2ddfc5b88","tintindex":0},"up":{"uv":[10.5,7.5,6.5,7.0],"rotation":0,"texture":"#f2a83654-d3e5-7f9f-2673-98e2ddfc5b88","tintindex":0},"west":{"uv":[11.0,8.5,11.5,9.0],"rotation":0,"texture":"#f2a83654-d3e5-7f9f-2673-98e2ddfc5b88","tintindex":0}}},{"name":"piece2","from":[6.283442,6.869005,7.7],"to":[6.883442,9.899006,8.3],"rotation":{"angle":0.0,"axis":"x","origin":[9.726254,-6.024149,7.7]},"faces":{"down":{"uv":[0.5,11.5,1.0,12.0],"rotation":0,"texture":"#f2a83654-d3e5-7f9f-2673-98e2ddfc5b88","tintindex":0},"east":{"uv":[8.5,8.5,9.0,11.0],"rotation":0,"texture":"#f2a83654-d3e5-7f9f-2673-98e2ddfc5b88","tintindex":0},"north":{"uv":[8.0,8.5,8.5,11.0],"rotation":0,"texture":"#f2a83654-d3e5-7f9f-2673-98e2ddfc5b88","tintindex":0},"south":{"uv":[5.0,9.0,5.5,11.5],"rotation":0,"texture":"#f2a83654-d3e5-7f9f-2673-98e2ddfc5b88","tintindex":0},"up":{"uv":[0.5,12.0,0.0,11.5],"rotation":0,"texture":"#f2a83654-d3e5-7f9f-2673-98e2ddfc5b88","tintindex":0},"west":{"uv":[5.5,9.0,6.0,11.5],"rotation":0,"texture":"#f2a83654-d3e5-7f9f-2673-98e2ddfc5b88","tintindex":0}}},{"name":"piece2","from":[7.156208,4.8813076,7.7],"to":[7.756208,7.2813077,8.3],"rotation":{"angle":22.5,"axis":"z","origin":[7.756208,4.8813076,8.9]},"faces":{"down":{"uv":[6.0,11.5,6.5,12.0],"rotation":0,"texture":"#f2a83654-d3e5-7f9f-2673-98e2ddfc5b88","tintindex":0},"east":{"uv":[2.0,10.5,2.5,12.5],"rotation":0,"texture":"#f2a83654-d3e5-7f9f-2673-98e2ddfc5b88","tintindex":0},"north":{"uv":[10.0,7.5,10.5,9.5],"rotation":0,"texture":"#f2a83654-d3e5-7f9f-2673-98e2ddfc5b88","tintindex":0},"south":{"uv":[2.5,10.5,3.0,12.5],"rotation":0,"texture":"#f2a83654-d3e5-7f9f-2673-98e2ddfc5b88","tintindex":0},"up":{"uv":[6.0,12.0,5.5,11.5],"rotation":0,"texture":"#f2a83654-d3e5-7f9f-2673-98e2ddfc5b88","tintindex":0},"west":{"uv":[3.0,10.5,3.5,12.5],"rotation":0,"texture":"#f2a83654-d3e5-7f9f-2673-98e2ddfc5b88","tintindex":0}}}],"display":{"head":{"translation":[0.0,-6.4,0.0],"rotation":[0.0,0.0,0.0],"scale":[3.8095,3.8095,3.8095]},"gui":{"translation":[0.0,0.0,0.0],"rotation":[35.0,225.0,0.0],"scale":[0.625,0.625,0.625]}}}