{"file_name":"piece3","texture_size":[32,32],"textures":{"f2a83654-d3e5-7f9f-2673-98e2ddfc5b88":"modelengine:entity/shieldbreak"},"elements":[{"name":"piece3","from":[6.8559074,6.5985622,7.85],"to":[8.775908,10.198563,8.15],"rotation":{"angle":0.0,"axis":"x","origin":[5.775908,-6.001438,7.7]},"faces":{"down":{"uv":[10.5,9.0,12.0,9.5],"rotation":0,"texture":"#f2a83654-d3e5-7f9f-2673-98e2ddfc5b88","tintindex":0},"east":{"uv":[0.5,8.5,1.0,11.5],"rotation":0,"texture":"#f2a83654-d3e5-7f9f-2673-98e2ddfc5b88","tintindex":0},"north":{"uv":[4.0,0.0,5.5,3.0],"rotation":0,"texture":"#f2a83654-d3e5-7f9f-2673-98e2ddfc5b88","tintindex":0},"south":{"uv":[2.0,4.5,3.5,7.5],"rotation":0,"texture":"#f2a83654-d3e5-7f9f-2673-98e2ddfc5b88","tintindex":0},"up":{"uv":[12.0,6.0,10.5,5.5],"rotation":0,"texture":"#f2a83654-d3e5-7f9f-2673-98e2ddfc5b88","tintindex":0},"west":{"uv":[1.0,8.5,1.5,11.5],"rotation":0,"texture":"#f2a83654-d3e5-7f9f-2673-98e2ddfc5b88","tintindex":0}}},{"name":"piece3","from":[5.925908,5.2785616,7.85],"to":[8.325909,8.398562,8.15],"rotation":{"angle":-22.5,"axis":"z","origin":[7.425908,6.298562,8.0]},"faces":{"down":{"uv":[9.5,6.5,11.5,7.0],"rotation":0,"texture":"#f2a83654-d3e5-7f9f-2673-98e2ddfc5b88","tintindex":0},"east":{"uv":[6.0,9.0,6.5,11.5],"rotation":0,"texture":"#f2a83654-d3e5-7f9f-2673-98e2ddfc5b88","tintindex":0},"north":{"uv":[0.0,0.0,2.0,2.5],"rotation":0,"texture":"#f2a83654-d3e5-7f9f-2673-98e2ddfc5b88","tintindex":0},"south":{"uv":[2.0,2.0,4.0,4.5],"rotation":0,"texture":"#f2a83654-d3e5-7f9f-2673-98e2ddfc5b88","tintindex":0},"up":{"uv":[11.5,6.5,9.5,6.0],"rotation":0,"texture":"#f2a83654-d3e5-7f9f-2673-98e2ddfc5b88","tintindex":0},"west":{"uv":[9.0,9.0,9.5,11.5],"rotation":0,"texture":"#f2a83654-d3e5-7f9f-2673-98e2ddfc5b88","tintindex":0}}},{"name":"piece3","from":[7.7671638,4.9252276,7.7],"to":[8.367165,7.3252277,8.3],"rotation":{"angle":-22.5,"axis":"z","origin":[7.7671638,4.9252276,8.9]},"faces":{"down":{"uv":[11.0,0.0,11.5,0.5],"rotation":0,"texture":"#f2a83654-d3e5-7f9f-2673-98e2ddfc5b88","tintindex":0},"east":{"uv":[9.0,0.5,9.5,2.5],"rotation":0,"texture":"#f2a83654-d3e5-7f9f-2673-98e2ddfc5b88","tintindex":0},"north":{"uv":[3.5,4.5,4.0,6.5],"rotation":0,"texture":"#f2a83654-d3e5-7f9f-2673-98e2ddfc5b88","tintindex":0},"south":{"uv":[9.5,7.5,10.0,9.5],"rotation":0,"texture":"#f2a83654-d3e5-7f9f-2673-98e2ddfc5b88","tintindex":0},"up":{"uv":[11.5,11.5,11.0,11.0],"rotation":0,"texture":"#f2a83654-d3e5-7f9f-2673-98e2ddfc5b88","tintindex":0},"west":{"uv":[10.0,4.0,10.5,6.0],"rotation":0,"texture":"#f2a83654-d3e5-7f9f-2673-98e2ddfc5b88","tintindex":0}}},{"name":"piece3","from":[8.63993,6.9129324,7.7],"to":[9.239929,9.918933,8.3],"rotation":{"angle":0.0,"axis":"x","origin":[5.775908,-6.001438,7.7]},"faces":{"down":{"uv":[11.0,3.5,11.5,4.0],"rotation":0,"texture":"#f2a83654-d3e5-7f9f-2673-98e2ddfc5b88","tintindex":0},"east":{"uv":[6.5,8.5,7.0,11.0],"rotation":0,"texture":"#f2a83654-d3e5-7f9f-2673-98e2ddfc5b88","tintindex":0},"north":{"uv":[4.5,8.5,5.0,11.0],"rotation":0,"texture":"#f2a83654-d3e5-7f9f-2673-98e2ddfc5b88","tintindex":0},"south":{"uv":[7.0,8.5,7.5,11.0],"rotation":0,"texture":"#f2a83654-d3e5-7f9f-2673-98e2ddfc5b88","tintindex":0},"up":{"uv":[11.5,3.5,11.0,3.0],"rotation":0,"texture":"#f2a83654-d3e5-7f9f-2673-98e2ddfc5b88","tintindex":0},"west":{"uv":[7.5,8.5,8.0,11.0],"rotation":0,"texture":"#f2a83654-d3e5-7f9f-2673-98e2ddfc5b88","tintindex":0}}},{"name":"piece3","from":[6.8630958,9.921717,7.7],"to":[9.239096,10.521716,8.3],"rotation":{"angle":0.0,"axis":"x","origin":[5.775908,-6.001438,7.7]},"faces":{"down":{"uv":[8.0,5.0,10.0,5.5],"rotation":0,"texture":"#f2a83654-d3e5-7f9f-2673-98e2ddfc5b88","tintindex":0},"east":{"uv":[11.0,7.0,11.5,7.5],"rotation":0,"texture":"#f2a83654-d3e5-7f9f-2673-98e2ddfc5b88","tintindex":0},"north":{"uv":[2.0,1.5,4.0,2.0],"rotation":0,"texture":"#f2a83654-d3e5-7f9f-2673-98e2ddfc5b88","tintindex":0},"south":{"uv":[8.0,4.0,10.0,4.5],"rotation":0,"texture":"#f2a83654-d3e5-7f9f-2673-98e2ddfc5b88","tintindex":0},"up":{"uv":[10.0,5.0,8.0,4.5],"rotation":0,"texture":"#f2a83654-d3e5-7f9f-2673-98e2ddfc5b88","tintindex":0},"west":{"uv":[11.0,7.5,11.5,8.0],"rotation":0,"texture":"#f2a83654-d3e5-7f9f-2673-98e2ddfc5b88","tintindex":0}}}],"display":{"head":{"translation":[0.0,-6.4,0.0],"rotation":[0.0,0.0,0.0],"scale":[3.8095,3.8095,3.8095]},"gui":{"translation":[0.0,0.0,0.0],"rotation":[35.0,225.0,0.0],"scale":[0.625,0.625,0.625]}}}