{"file_name":"bow","texture_size":[64,64],"textures":{"8fbd413e-8404-a815-48ea-73ba209a6179":"modelengine:entity/goblin"},"elements":[{"name":"cube","from":[7.4,4.3492393,6.7622747],"to":[9.2,6.1492395,9.762275],"rotation":{"angle":-22.5,"axis":"x","origin":[7.4,3.1492395,7.962274]},"faces":{"down":{"uv":[0.75,10.25,1.5,11.5],"rotation":0,"texture":"#8fbd413e-8404-a815-48ea-73ba209a6179","tintindex":0},"east":{"uv":[10.0,2.25,11.25,3.0],"rotation":0,"texture":"#8fbd413e-8404-a815-48ea-73ba209a6179","tintindex":0},"north":{"uv":[0.75,11.5,1.5,12.25],"rotation":0,"texture":"#8fbd413e-8404-a815-48ea-73ba209a6179","tintindex":0},"south":{"uv":[2.75,11.5,3.5,12.25],"rotation":0,"texture":"#8fbd413e-8404-a815-48ea-73ba209a6179","tintindex":0},"up":{"uv":[0.75,11.5,0.0,10.25],"rotation":0,"texture":"#8fbd413e-8404-a815-48ea-73ba209a6179","tintindex":0},"west":{"uv":[10.0,9.0,11.25,9.75],"rotation":0,"texture":"#8fbd413e-8404-a815-48ea-73ba209a6179","tintindex":0}}},{"name":"cube","from":[6.8428926,3.0270836,3.221605],"to":[8.042892,6.627084,4.271605],"rotation":{"angle":0.0,"axis":"x","origin":[7.7,8.0,3.7999997]},"faces":{"down":{"uv":[1.5,6.0,2.0,6.5],"rotation":0,"texture":"#8fbd413e-8404-a815-48ea-73ba209a6179","tintindex":0},"east":{"uv":[10.75,7.5,11.25,9.0],"rotation":0,"texture":"#8fbd413e-8404-a815-48ea-73ba209a6179","tintindex":0},"north":{"uv":[10.75,6.0,11.25,7.5],"rotation":0,"texture":"#8fbd413e-8404-a815-48ea-73ba209a6179","tintindex":0},"south":{"uv":[11.0,11.0,11.5,12.5],"rotation":0,"texture":"#8fbd413e-8404-a815-48ea-73ba209a6179","tintindex":0},"up":{"uv":[4.75,2.5,4.25,2.0],"rotation":0,"texture":"#8fbd413e-8404-a815-48ea-73ba209a6179","tintindex":0},"west":{"uv":[11.0,3.0,11.5,4.5],"rotation":0,"texture":"#8fbd413e-8404-a815-48ea-73ba209a6179","tintindex":0}}},{"name":"cube","from":[7.1428924,6.053526,5.077341],"to":[7.7428923,9.053526,5.9773417],"rotation":{"angle":22.5,"axis":"x","origin":[7.7,11.0050125,5.591208]},"faces":{"down":{"uv":[12.0,12.0,12.25,12.5],"rotation":0,"texture":"#8fbd413e-8404-a815-48ea-73ba209a6179","tintindex":0},"east":{"uv":[8.0,11.25,8.5,12.5],"rotation":0,"texture":"#8fbd413e-8404-a815-48ea-73ba209a6179","tintindex":0},"north":{"uv":[10.75,11.75,11.0,13.0],"rotation":0,"texture":"#8fbd413e-8404-a815-48ea-73ba209a6179","tintindex":0},"south":{"uv":[11.75,3.25,12.0,4.5],"rotation":0,"texture":"#8fbd413e-8404-a815-48ea-73ba209a6179","tintindex":0},"up":{"uv":[12.0,12.5,11.75,12.0],"rotation":0,"texture":"#8fbd413e-8404-a815-48ea-73ba209a6179","tintindex":0},"west":{"uv":[8.5,11.25,9.0,12.5],"rotation":0,"texture":"#8fbd413e-8404-a815-48ea-73ba209a6179","tintindex":0}}},{"name":"cube","from":[7.1428924,7.634494,7.7039747],"to":[7.7428923,10.634495,8.603974],"rotation":{"angle":45.0,"axis":"x","origin":[7.7,12.541487,8.166427]},"faces":{"down":{"uv":[12.0,2.0,12.25,2.5],"rotation":0,"texture":"#8fbd413e-8404-a815-48ea-73ba209a6179","tintindex":0},"east":{"uv":[9.0,11.25,9.5,12.5],"rotation":0,"texture":"#8fbd413e-8404-a815-48ea-73ba209a6179","tintindex":0},"north":{"uv":[11.75,4.5,12.0,5.75],"rotation":0,"texture":"#8fbd413e-8404-a815-48ea-73ba209a6179","tintindex":0},"south":{"uv":[11.75,5.75,12.0,7.0],"rotation":0,"texture":"#8fbd413e-8404-a815-48ea-73ba209a6179","tintindex":0},"up":{"uv":[12.25,0.5,12.0,0.0],"rotation":0,"texture":"#8fbd413e-8404-a815-48ea-73ba209a6179","tintindex":0},"west":{"uv":[11.25,4.5,11.75,5.75],"rotation":0,"texture":"#8fbd413e-8404-a815-48ea-73ba209a6179","tintindex":0}}},{"name":"cube","from":[7.1428924,0.6243162,4.944997],"to":[7.7428923,3.6243165,5.8449965],"rotation":{"angle":-22.5,"axis":"x","origin":[7.7,-1.0076623,5.591208]},"faces":{"down":{"uv":[12.0,3.75,12.25,4.25],"rotation":0,"texture":"#8fbd413e-8404-a815-48ea-73ba209a6179","tintindex":0},"east":{"uv":[11.25,5.75,11.75,7.0],"rotation":0,"texture":"#8fbd413e-8404-a815-48ea-73ba209a6179","tintindex":0},"north":{"uv":[11.75,7.0,12.0,8.25],"rotation":0,"texture":"#8fbd413e-8404-a815-48ea-73ba209a6179","tintindex":0},"south":{"uv":[11.75,8.25,12.0,9.5],"rotation":0,"texture":"#8fbd413e-8404-a815-48ea-73ba209a6179","tintindex":0},"up":{"uv":[12.25,3.75,12.0,3.25],"rotation":0,"texture":"#8fbd413e-8404-a815-48ea-73ba209a6179","tintindex":0},"west":{"uv":[11.25,7.0,11.75,8.25],"rotation":0,"texture":"#8fbd413e-8404-a815-48ea-73ba209a6179","tintindex":0}}},{"name":"cube","from":[7.1428924,-0.88168526,7.4594345],"to":[7.7428923,2.1183157,8.359434],"rotation":{"angle":-45.0,"axis":"x","origin":[7.7,-2.544138,8.166427]},"faces":{"down":{"uv":[4.5,2.5,4.75,2.75],"rotation":0,"texture":"#8fbd413e-8404-a815-48ea-73ba209a6179","tintindex":0},"east":{"uv":[4.75,12.0,5.0,13.25],"rotation":0,"texture":"#8fbd413e-8404-a815-48ea-73ba209a6179","tintindex":0},"north":{"uv":[11.75,9.5,12.0,10.75],"rotation":0,"texture":"#8fbd413e-8404-a815-48ea-73ba209a6179","tintindex":0},"south":{"uv":[5.0,12.0,5.25,13.25],"rotation":0,"texture":"#8fbd413e-8404-a815-48ea-73ba209a6179","tintindex":0},"up":{"uv":[4.5,2.75,4.25,2.5],"rotation":0,"texture":"#8fbd413e-8404-a815-48ea-73ba209a6179","tintindex":0},"west":{"uv":[5.25,12.0,5.5,13.25],"rotation":0,"texture":"#8fbd413e-8404-a815-48ea-73ba209a6179","tintindex":0}}},{"name":"cube","from":[7.2928925,-1.1729164,6.671605],"to":[7.5928926,10.827084,6.9716053],"rotation":{"angle":0.0,"axis":"x","origin":[7.7,8.0,7.25]},"faces":{"down":{"uv":[1.75,6.5,2.0,6.75],"rotation":0,"texture":"#8fbd413e-8404-a815-48ea-73ba209a6179","tintindex":0},"east":{"uv":[2.0,8.5,2.25,13.5],"rotation":0,"texture":"#8fbd413e-8404-a815-48ea-73ba209a6179","tintindex":0},"north":{"uv":[1.75,8.5,2.0,13.5],"rotation":0,"texture":"#8fbd413e-8404-a815-48ea-73ba209a6179","tintindex":0},"south":{"uv":[2.25,8.5,2.5,13.5],"rotation":0,"texture":"#8fbd413e-8404-a815-48ea-73ba209a6179","tintindex":0},"up":{"uv":[1.75,6.75,1.5,6.5],"rotation":0,"texture":"#8fbd413e-8404-a815-48ea-73ba209a6179","tintindex":0},"west":{"uv":[2.5,8.5,2.75,13.5],"rotation":0,"texture":"#8fbd413e-8404-a815-48ea-73ba209a6179","tintindex":0}}},{"name":"cube","from":[7.4,3.7986748,3.3943982],"to":[9.2,5.598675,6.3943987],"rotation":{"angle":0.0,"axis":"x","origin":[7.4,2.5986745,5.7943993]},"faces":{"down":{"uv":[10.0,7.75,10.75,9.0],"rotation":0,"texture":"#8fbd413e-8404-a815-48ea-73ba209a6179","tintindex":0},"east":{"uv":[9.75,4.25,11.0,5.0],"rotation":0,"texture":"#8fbd413e-8404-a815-48ea-73ba209a6179","tintindex":0},"north":{"uv":[11.25,2.0,12.0,2.75],"rotation":0,"texture":"#8fbd413e-8404-a815-48ea-73ba209a6179","tintindex":0},"south":{"uv":[0.0,11.5,0.75,12.25],"rotation":0,"texture":"#8fbd413e-8404-a815-48ea-73ba209a6179","tintindex":0},"up":{"uv":[10.75,2.25,10.0,1.0],"rotation":0,"texture":"#8fbd413e-8404-a815-48ea-73ba209a6179","tintindex":0},"west":{"uv":[10.0,10.0,11.25,10.75],"rotation":0,"texture":"#8fbd413e-8404-a815-48ea-73ba209a6179","tintindex":0}}}],"display":{"head":{"translation":[0.0,-6.4,0.0],"rotation":[0.0,0.0,0.0],"scale":[3.8095,3.8095,3.8095]},"gui":{"translation":[0.0,0.0,0.0],"rotation":[35.0,225.0,0.0],"scale":[0.625,0.625,0.625]}}}