{"file_name":"leftleg","texture_size":[64,64],"textures":{"8fbd413e-8404-a815-48ea-73ba209a6179":"modelengine:entity/goblin"},"elements":[{"name":"cube","from":[7.1,6.0629835,6.88883],"to":[8.9,8.462983,8.68883],"rotation":{"angle":0.0,"axis":"x","origin":[9.5,7.862983,6.88883]},"faces":{"down":{"uv":[11.25,0.0,12.0,0.75],"rotation":0,"texture":"#8fbd413e-8404-a815-48ea-73ba209a6179","tintindex":0},"east":{"uv":[9.5,10.75,10.25,11.75],"rotation":0,"texture":"#8fbd413e-8404-a815-48ea-73ba209a6179","tintindex":0},"north":{"uv":[10.5,5.0,11.25,6.0],"rotation":0,"texture":"#8fbd413e-8404-a815-48ea-73ba209a6179","tintindex":0},"south":{"uv":[10.25,10.75,11.0,11.75],"rotation":0,"texture":"#8fbd413e-8404-a815-48ea-73ba209a6179","tintindex":0},"up":{"uv":[9.75,4.0,9.0,3.25],"rotation":0,"texture":"#8fbd413e-8404-a815-48ea-73ba209a6179","tintindex":0},"west":{"uv":[10.75,1.0,11.5,2.0],"rotation":0,"texture":"#8fbd413e-8404-a815-48ea-73ba209a6179","tintindex":0}}},{"name":"cube","from":[6.95,3.4555848,6.8814917],"to":[9.05,5.855585,8.981491],"rotation":{"angle":-22.5,"axis":"x","origin":[9.5,5.6,6.2]},"faces":{"down":{"uv":[9.75,6.0,10.75,7.0],"rotation":0,"texture":"#8fbd413e-8404-a815-48ea-73ba209a6179","tintindex":0},"east":{"uv":[5.75,9.5,6.75,10.5],"rotation":0,"texture":"#8fbd413e-8404-a815-48ea-73ba209a6179","tintindex":0},"north":{"uv":[4.75,9.5,5.75,10.5],"rotation":0,"texture":"#8fbd413e-8404-a815-48ea-73ba209a6179","tintindex":0},"south":{"uv":[9.5,0.0,10.5,1.0],"rotation":0,"texture":"#8fbd413e-8404-a815-48ea-73ba209a6179","tintindex":0},"up":{"uv":[10.75,4.25,9.75,3.25],"rotation":0,"texture":"#8fbd413e-8404-a815-48ea-73ba209a6179","tintindex":0},"west":{"uv":[9.5,5.0,10.5,6.0],"rotation":0,"texture":"#8fbd413e-8404-a815-48ea-73ba209a6179","tintindex":0}}},{"name":"cube","from":[6.95,3.4555848,6.2814913],"to":[9.05,4.655585,6.8814917],"rotation":{"angle":-22.5,"axis":"x","origin":[9.5,5.6,6.2]},"faces":{"down":{"uv":[11.5,11.25,12.5,11.5],"rotation":0,"texture":"#8fbd413e-8404-a815-48ea-73ba209a6179","tintindex":0},"east":{"uv":[6.5,12.0,6.75,12.5],"rotation":0,"texture":"#8fbd413e-8404-a815-48ea-73ba209a6179","tintindex":0},"north":{"uv":[11.5,11.5,12.5,12.0],"rotation":0,"texture":"#8fbd413e-8404-a815-48ea-73ba209a6179","tintindex":0},"south":{"uv":[11.5,0.75,12.5,1.25],"rotation":0,"texture":"#8fbd413e-8404-a815-48ea-73ba209a6179","tintindex":0},"up":{"uv":[12.5,11.25,11.5,11.0],"rotation":0,"texture":"#8fbd413e-8404-a815-48ea-73ba209a6179","tintindex":0},"west":{"uv":[11.5,12.0,11.75,12.5],"rotation":0,"texture":"#8fbd413e-8404-a815-48ea-73ba209a6179","tintindex":0}}}],"display":{"head":{"translation":[0.0,-6.4,0.0],"rotation":[0.0,0.0,0.0],"scale":[3.8095,3.8095,3.8095]},"gui":{"translation":[0.0,0.0,0.0],"rotation":[35.0,225.0,0.0],"scale":[0.625,0.625,0.625]}}}