{"textures":{"0":"modelengine:entity/vs_deer"},"elements":[{"name":"cube","from":[7.1710396,4.0724335,8.4422865],"to":[8.812063,8.148594,12.225935],"rotation":{"angle":-22.5,"axis":"x","origin":[8.361152,5.1742635,10.243929]},"faces":{"down":{"uv":[2.0625,7.875,1.75,8.5625],"rotation":0,"texture":"#0","tintindex":0},"east":{"uv":[5.75,4.0,6.4375,4.75],"rotation":0,"texture":"#0","tintindex":0},"north":{"uv":[0.25,7.625,0.5625,8.375],"rotation":0,"texture":"#0","tintindex":0},"south":{"uv":[7.75,7.125,8.0625,7.875],"rotation":0,"texture":"#0","tintindex":0},"up":{"uv":[1.6875,8.5625,1.375,7.875],"rotation":0,"texture":"#0","tintindex":0},"west":{"uv":[6.125,0.5,6.8125,1.25],"rotation":0,"texture":"#0","tintindex":0}}},{"name":"cube","from":[7.198496,0.8721192,10.683752],"to":[8.784608,6.0391273,12.509577],"rotation":{"angle":-22.5,"axis":"x","origin":[8.361152,1.7924234,11.145752]},"faces":{"down":{"uv":[8.8125,4.875,8.5,5.25],"rotation":0,"texture":"#0","tintindex":0},"east":{"uv":[5.5,7.0,5.875,8.0],"rotation":0,"texture":"#0","tintindex":0},"north":{"uv":[3.625,7.375,3.9375,8.375],"rotation":0,"texture":"#0","tintindex":0},"south":{"uv":[4.0,7.375,4.3125,8.375],"rotation":0,"texture":"#0","tintindex":0},"up":{"uv":[8.6875,8.25,8.375,7.875],"rotation":0,"texture":"#0","tintindex":0},"west":{"uv":[5.875,7.0,6.25,8.0],"rotation":0,"texture":"#0","tintindex":0}}},{"name":"cube","from":[6.794312,-0.31799245,9.657057],"to":[9.188791,0.8721192,12.634449],"rotation":{"angle":-22.5,"axis":"x","origin":[8.361152,1.7924234,11.145752]},"faces":{"down":{"uv":[8.1875,5.25,7.75,5.8125],"rotation":0,"texture":"#0","tintindex":0},"east":{"uv":[8.375,1.0,8.9375,1.25],"rotation":0,"texture":"#0","tintindex":0},"north":{"uv":[8.5,8.25,8.9375,8.5],"rotation":0,"texture":"#0","tintindex":0},"south":{"uv":[0.625,8.625,1.0625,8.875],"rotation":0,"texture":"#0","tintindex":0},"up":{"uv":[8.1875,3.9375,7.75,3.375],"rotation":0,"texture":"#0","tintindex":0},"west":{"uv":[2.875,8.375,3.4375,8.625],"rotation":0,"texture":"#0","tintindex":0}}}],"display":{"head":{"translation":[0.0,-6.4,0.0],"rotation":[0.0,0.0,0.0],"scale":[3.8095,3.8095,3.8095]}}}