{"textures":{"0":"modelengine:entity/vs_deer"},"elements":[{"name":"cube","from":[7.1351357,3.723981,8.421331],"to":[9.17216,8.196141,11.28098],"rotation":{"angle":-22.5,"axis":"x","origin":[7.784048,5.617811,9.232974]},"faces":{"down":{"uv":[7.375,7.875,7.75,8.4375],"rotation":0,"texture":"#0","tintindex":0},"east":{"uv":[6.6875,4.75,6.125,5.625],"rotation":0,"texture":"#0","tintindex":0},"north":{"uv":[6.625,7.125,6.25,8.0],"rotation":0,"texture":"#0","tintindex":0},"south":{"uv":[7.5,6.25,7.125,7.125],"rotation":0,"texture":"#0","tintindex":0},"up":{"uv":[2.5,8.4375,2.875,7.875],"rotation":0,"texture":"#0","tintindex":0},"west":{"uv":[6.6875,3.0,6.125,3.875],"rotation":0,"texture":"#0","tintindex":0}}},{"name":"cube","from":[7.426592,1.315667,9.804798],"to":[8.880704,6.4826756,11.366622],"rotation":{"angle":-22.5,"axis":"x","origin":[7.784048,2.2359712,10.134798]},"faces":{"down":{"uv":[2.125,8.875,2.375,9.1875],"rotation":0,"texture":"#0","tintindex":0},"east":{"uv":[3.5625,7.375,3.25,8.375],"rotation":0,"texture":"#0","tintindex":0},"north":{"uv":[5.0,7.5,4.75,8.5],"rotation":0,"texture":"#0","tintindex":0},"south":{"uv":[0.25,7.625,0.0,8.625],"rotation":0,"texture":"#0","tintindex":0},"up":{"uv":[3.5,6.8125,3.75,6.5],"rotation":0,"texture":"#0","tintindex":0},"west":{"uv":[3.1875,7.375,2.875,8.375],"rotation":0,"texture":"#0","tintindex":0}}},{"name":"cube","from":[6.956408,0.12555528,8.712102],"to":[9.350888,1.315667,11.557493],"rotation":{"angle":-22.5,"axis":"x","origin":[7.784048,2.2359712,10.134798]},"faces":{"down":{"uv":[7.75,0.375,8.1875,0.9375],"rotation":0,"texture":"#0","tintindex":0},"east":{"uv":[8.8125,3.625,8.25,3.875],"rotation":0,"texture":"#0","tintindex":0},"north":{"uv":[8.0625,8.5,7.625,8.75],"rotation":0,"texture":"#0","tintindex":0},"south":{"uv":[8.5625,8.5,8.125,8.75],"rotation":0,"texture":"#0","tintindex":0},"up":{"uv":[5.0,8.1875,5.4375,7.625],"rotation":0,"texture":"#0","tintindex":0},"west":{"uv":[8.8125,0.75,8.25,1.0],"rotation":0,"texture":"#0","tintindex":0}}}],"display":{"head":{"translation":[0.0,-6.4,0.0],"rotation":[0.0,0.0,0.0],"scale":[3.8095,3.8095,3.8095]}}}