{"textures":{"0":"modelengine:entity/vs_deer"},"elements":[{"name":"cube","from":[6.70304,3.7613597,8.376286],"to":[8.740065,8.2335205,11.235933],"rotation":{"angle":-22.5,"axis":"x","origin":[8.091152,5.6551905,9.187926]},"faces":{"down":{"uv":[7.75,7.875,7.375,8.4375],"rotation":0,"texture":"#0","tintindex":0},"east":{"uv":[6.125,3.0,6.6875,3.875],"rotation":0,"texture":"#0","tintindex":0},"north":{"uv":[6.25,7.125,6.625,8.0],"rotation":0,"texture":"#0","tintindex":0},"south":{"uv":[7.125,6.25,7.5,7.125],"rotation":0,"texture":"#0","tintindex":0},"up":{"uv":[2.875,8.4375,2.5,7.875],"rotation":0,"texture":"#0","tintindex":0},"west":{"uv":[6.125,4.75,6.6875,5.625],"rotation":0,"texture":"#0","tintindex":0}}},{"name":"cube","from":[6.9944954,1.3530458,9.75975],"to":[8.448608,6.520055,11.321574],"rotation":{"angle":-22.5,"axis":"x","origin":[8.091152,2.27335,10.08975]},"faces":{"down":{"uv":[2.375,8.875,2.125,9.1875],"rotation":0,"texture":"#0","tintindex":0},"east":{"uv":[2.875,7.375,3.1875,8.375],"rotation":0,"texture":"#0","tintindex":0},"north":{"uv":[4.75,7.5,5.0,8.5],"rotation":0,"texture":"#0","tintindex":0},"south":{"uv":[0.0,7.625,0.25,8.625],"rotation":0,"texture":"#0","tintindex":0},"up":{"uv":[3.75,6.8125,3.5,6.5],"rotation":0,"texture":"#0","tintindex":0},"west":{"uv":[3.25,7.375,3.5625,8.375],"rotation":0,"texture":"#0","tintindex":0}}},{"name":"cube","from":[6.524312,0.16293406,8.667054],"to":[8.918792,1.3530458,11.512446],"rotation":{"angle":-22.5,"axis":"x","origin":[8.091152,2.27335,10.08975]},"faces":{"down":{"uv":[8.1875,0.375,7.75,0.9375],"rotation":0,"texture":"#0","tintindex":0},"east":{"uv":[8.25,0.75,8.8125,1.0],"rotation":0,"texture":"#0","tintindex":0},"north":{"uv":[7.625,8.5,8.0625,8.75],"rotation":0,"texture":"#0","tintindex":0},"south":{"uv":[8.125,8.5,8.5625,8.75],"rotation":0,"texture":"#0","tintindex":0},"up":{"uv":[5.4375,8.1875,5.0,7.625],"rotation":0,"texture":"#0","tintindex":0},"west":{"uv":[8.25,3.625,8.8125,3.875],"rotation":0,"texture":"#0","tintindex":0}}}],"display":{"head":{"translation":[0.0,-6.4,0.0],"rotation":[0.0,0.0,0.0],"scale":[3.8095,3.8095,3.8095]}}}