{"textures":{"0":"modelengine:entity/vs_deer"},"elements":[{"name":"cube","from":[7.108736,4.372433,8.142286],"to":[8.74976,8.448593,11.925935],"rotation":{"angle":-22.5,"axis":"x","origin":[7.559648,5.4742637,9.943928]},"faces":{"down":{"uv":[1.75,7.875,2.0625,8.5625],"rotation":0,"texture":"#0","tintindex":0},"east":{"uv":[6.8125,0.5,6.125,1.25],"rotation":0,"texture":"#0","tintindex":0},"north":{"uv":[0.5625,7.625,0.25,8.375],"rotation":0,"texture":"#0","tintindex":0},"south":{"uv":[8.0625,7.125,7.75,7.875],"rotation":0,"texture":"#0","tintindex":0},"up":{"uv":[1.375,8.5625,1.6875,7.875],"rotation":0,"texture":"#0","tintindex":0},"west":{"uv":[6.4375,4.0,5.75,4.75],"rotation":0,"texture":"#0","tintindex":0}}},{"name":"cube","from":[7.1361923,1.1721191,10.383752],"to":[8.722304,6.3391275,12.209577],"rotation":{"angle":-22.5,"axis":"x","origin":[7.559648,2.0924234,10.845753]},"faces":{"down":{"uv":[8.5,4.875,8.8125,5.25],"rotation":0,"texture":"#0","tintindex":0},"east":{"uv":[6.25,7.0,5.875,8.0],"rotation":0,"texture":"#0","tintindex":0},"north":{"uv":[3.9375,7.375,3.625,8.375],"rotation":0,"texture":"#0","tintindex":0},"south":{"uv":[4.3125,7.375,4.0,8.375],"rotation":0,"texture":"#0","tintindex":0},"up":{"uv":[8.375,8.25,8.6875,7.875],"rotation":0,"texture":"#0","tintindex":0},"west":{"uv":[5.875,7.0,5.5,8.0],"rotation":0,"texture":"#0","tintindex":0}}},{"name":"cube","from":[6.732008,-0.017992496,9.357057],"to":[9.126488,1.1721191,12.334449],"rotation":{"angle":-22.5,"axis":"x","origin":[7.559648,2.0924234,10.845753]},"faces":{"down":{"uv":[7.75,5.25,8.1875,5.8125],"rotation":0,"texture":"#0","tintindex":0},"east":{"uv":[3.4375,8.375,2.875,8.625],"rotation":0,"texture":"#0","tintindex":0},"north":{"uv":[8.9375,8.25,8.5,8.5],"rotation":0,"texture":"#0","tintindex":0},"south":{"uv":[1.0625,8.625,0.625,8.875],"rotation":0,"texture":"#0","tintindex":0},"up":{"uv":[7.75,3.9375,8.1875,3.375],"rotation":0,"texture":"#0","tintindex":0},"west":{"uv":[8.9375,1.0,8.375,1.25],"rotation":0,"texture":"#0","tintindex":0}}}],"display":{"head":{"translation":[0.0,-6.4,0.0],"rotation":[0.0,0.0,0.0],"scale":[3.8095,3.8095,3.8095]}}}