{"file_name":"tailtip","texture_size":[128,128],"textures":{"627db1af-c38f-1e43-e5a9-3e6de6c9c3ac":"modelengine:entity/direwolf"},"elements":[{"name":"cube","from":[6.6110954,7.979516,7.994721],"to":[10.211096,7.979516,11.594721],"rotation":{"angle":0.0,"axis":"x","origin":[7.97,7.53842,8.069721]},"faces":{"down":{"uv":[6.5,0.0,7.25,0.75],"rotation":0,"texture":"#627db1af-c38f-1e43-e5a9-3e6de6c9c3ac","tintindex":0},"east":{"uv":[0.0,0.0,0.75,0.0],"rotation":0,"texture":"#627db1af-c38f-1e43-e5a9-3e6de6c9c3ac","tintindex":0},"north":{"uv":[0.0,0.0,0.75,0.0],"rotation":0,"texture":"#627db1af-c38f-1e43-e5a9-3e6de6c9c3ac","tintindex":0},"south":{"uv":[0.0,0.0,0.75,0.0],"rotation":0,"texture":"#627db1af-c38f-1e43-e5a9-3e6de6c9c3ac","tintindex":0},"up":{"uv":[7.25,0.75,6.5,0.0],"rotation":0,"texture":"#627db1af-c38f-1e43-e5a9-3e6de6c9c3ac","tintindex":0},"west":{"uv":[0.0,0.0,0.75,0.0],"rotation":0,"texture":"#627db1af-c38f-1e43-e5a9-3e6de6c9c3ac","tintindex":0}}},{"name":"cube","from":[8.411096,6.179516,7.994721],"to":[8.411096,9.779516,11.594721],"rotation":{"angle":0.0,"axis":"x","origin":[7.97,7.53842,8.069721]},"faces":{"down":{"uv":[0.0,0.0,0.0,0.75],"rotation":0,"texture":"#627db1af-c38f-1e43-e5a9-3e6de6c9c3ac","tintindex":0},"east":{"uv":[2.0,6.875,1.25,7.625],"rotation":0,"texture":"#627db1af-c38f-1e43-e5a9-3e6de6c9c3ac","tintindex":0},"north":{"uv":[0.0,0.0,0.0,0.75],"rotation":0,"texture":"#627db1af-c38f-1e43-e5a9-3e6de6c9c3ac","tintindex":0},"south":{"uv":[0.0,0.0,0.0,0.75],"rotation":0,"texture":"#627db1af-c38f-1e43-e5a9-3e6de6c9c3ac","tintindex":0},"up":{"uv":[0.0,0.75,0.0,0.0],"rotation":0,"texture":"#627db1af-c38f-1e43-e5a9-3e6de6c9c3ac","tintindex":0},"west":{"uv":[1.25,6.875,2.0,7.625],"rotation":0,"texture":"#627db1af-c38f-1e43-e5a9-3e6de6c9c3ac","tintindex":0}}}],"display":{"head":{"translation":[0.0,-6.4,0.0],"rotation":[0.0,0.0,0.0],"scale":[3.8095,3.8095,3.8095]},"gui":{"translation":[0.0,0.0,0.0],"rotation":[35.0,225.0,0.0],"scale":[0.625,0.625,0.625]}}}