{"file_name":"bandage","texture_size":[128,128],"textures":{"31fd78cd-98ff-ff42-4111-382f88543f8d":"modelengine:entity/pharaoh"},"elements":[{"name":"cube","from":[10.1,-0.25000024,7.1],"to":[10.1,9.950001,8.9],"rotation":{"angle":-22.5,"axis":"z","origin":[7.1,13.55,12.5]},"faces":{"down":{"uv":[1.625,6.0,2.0,10.375],"rotation":0,"texture":"#31fd78cd-98ff-ff42-4111-382f88543f8d","tintindex":0},"east":{"uv":[0.0,3.875,0.375,6.0],"rotation":0,"texture":"#31fd78cd-98ff-ff42-4111-382f88543f8d","tintindex":0},"north":{"uv":[5.625,11.625,6.0,12.0],"rotation":0,"texture":"#31fd78cd-98ff-ff42-4111-382f88543f8d","tintindex":0},"south":{"uv":[6.5,11.625,6.875,12.0],"rotation":0,"texture":"#31fd78cd-98ff-ff42-4111-382f88543f8d","tintindex":0},"up":{"uv":[1.625,10.375,1.25,6.0],"rotation":0,"texture":"#31fd78cd-98ff-ff42-4111-382f88543f8d","tintindex":0},"west":{"uv":[0.0,3.875,0.375,6.0],"rotation":0,"texture":"#31fd78cd-98ff-ff42-4111-382f88543f8d","tintindex":0}}}],"display":{"head":{"translation":[0.0,-6.4,0.0],"rotation":[0.0,0.0,0.0],"scale":[3.8095,3.8095,3.8095]},"gui":{"translation":[0.0,0.0,0.0],"rotation":[35.0,225.0,0.0],"scale":[0.625,0.625,0.625]}}}