{"textures":{"0":"modelengine:entity/pharaoh"},"elements":[{"name":"cube","from":[6.616399,3.1049497,5.0086884],"to":[9.016399,7.96495,8.008688],"rotation":{"angle":0.0,"axis":"x","origin":[11.920039,3.091337,4.7267094]},"faces":{"down":{"uv":[9.25,11.125,9.75,11.75],"rotation":0,"texture":"#0","tintindex":0},"east":{"uv":[5.625,9.625,5.0,10.625],"rotation":0,"texture":"#0","tintindex":0},"north":{"uv":[4.875,10.25,4.375,11.25],"rotation":0,"texture":"#0","tintindex":0},"south":{"uv":[6.625,10.25,6.125,11.25],"rotation":0,"texture":"#0","tintindex":0},"up":{"uv":[11.125,8.75,11.625,8.125],"rotation":0,"texture":"#0","tintindex":0},"west":{"uv":[10.25,3.0,9.625,4.0],"rotation":0,"texture":"#0","tintindex":0}}},{"name":"cube","from":[6.616399,-0.5550506,6.2086887],"to":[8.416399,3.1049497,8.008688],"rotation":{"angle":0.0,"axis":"x","origin":[11.32004,-1.1686635,4.7267094]},"faces":{"down":{"uv":[10.375,4.375,10.75,4.75],"rotation":0,"texture":"#0","tintindex":0},"east":{"uv":[11.875,1.125,11.5,1.875],"rotation":0,"texture":"#0","tintindex":0},"north":{"uv":[8.5,11.25,8.125,12.0],"rotation":0,"texture":"#0","tintindex":0},"south":{"uv":[1.5,11.5,1.125,12.25],"rotation":0,"texture":"#0","tintindex":0},"up":{"uv":[8.375,1.125,8.75,0.75],"rotation":0,"texture":"#0","tintindex":0},"west":{"uv":[1.125,11.5,0.75,12.25],"rotation":0,"texture":"#0","tintindex":0}}},{"name":"cube","from":[5.382625,-3.449606,6.2485123],"to":[6.5826254,-2.1896067,8.048512],"rotation":{"angle":-22.5,"axis":"z","origin":[11.50774,-7.910672,5.7119145]},"faces":{"down":{"uv":[10.75,6.625,11.0,7.0],"rotation":0,"texture":"#0","tintindex":0},"east":{"uv":[8.625,2.125,8.25,2.375],"rotation":0,"texture":"#0","tintindex":0},"north":{"uv":[11.0,1.375,10.75,1.625],"rotation":0,"texture":"#0","tintindex":0},"south":{"uv":[1.875,11.125,1.625,11.375],"rotation":0,"texture":"#0","tintindex":0},"up":{"uv":[10.75,3.625,11.0,3.25],"rotation":0,"texture":"#0","tintindex":0},"west":{"uv":[7.5,1.125,7.125,1.375],"rotation":0,"texture":"#0","tintindex":0}}},{"name":"cube","from":[4.182625,-6.449606,6.2485123],"to":[5.382625,-2.1896067,9.248512],"rotation":{"angle":-22.5,"axis":"z","origin":[11.50774,-7.910672,5.7119145]},"faces":{"down":{"uv":[7.375,10.5,7.625,11.125],"rotation":0,"texture":"#0","tintindex":0},"east":{"uv":[10.75,0.75,10.125,1.625],"rotation":0,"texture":"#0","tintindex":0},"north":{"uv":[4.875,11.25,4.625,12.125],"rotation":0,"texture":"#0","tintindex":0},"south":{"uv":[9.25,11.5,9.0,12.375],"rotation":0,"texture":"#0","tintindex":0},"up":{"uv":[5.0,9.625,5.25,9.0],"rotation":0,"texture":"#0","tintindex":0},"west":{"uv":[9.25,10.0,8.625,10.875],"rotation":0,"texture":"#0","tintindex":0}}},{"name":"cube","from":[5.382625,-6.449606,6.2485123],"to":[7.182625,-3.389607,9.248512],"rotation":{"angle":-22.5,"axis":"z","origin":[11.50774,-7.910672,5.7119145]},"faces":{"down":{"uv":[11.5,11.125,11.875,11.75],"rotation":0,"texture":"#0","tintindex":0},"east":{"uv":[11.625,3.25,11.0,3.875],"rotation":0,"texture":"#0","tintindex":0},"north":{"uv":[6.75,5.5,6.375,6.125],"rotation":0,"texture":"#0","tintindex":0},"south":{"uv":[11.875,9.125,11.5,9.75],"rotation":0,"texture":"#0","tintindex":0},"up":{"uv":[11.5,10.375,11.875,9.75],"rotation":0,"texture":"#0","tintindex":0},"west":{"uv":[9.25,10.875,8.625,11.5],"rotation":0,"texture":"#0","tintindex":0}}}],"display":{"head":{"translation":[0.0,-6.4,0.0],"rotation":[0.0,0.0,0.0],"scale":[3.8095,3.8095,3.8095]}}}