{"file_name":"leftfoot","texture_size":[128,128],"textures":{"31fd78cd-98ff-ff42-4111-382f88543f8d":"modelengine:entity/pharaoh"},"elements":[{"name":"cube","from":[6.913127,6.342615,15.591299],"to":[9.3131275,12.342616,18.5913],"rotation":{"angle":-45.0,"axis":"x","origin":[10.850828,0.92290473,16.94383]},"faces":{"down":{"uv":[11.5,11.125,11.0,11.75],"rotation":0,"texture":"#31fd78cd-98ff-ff42-4111-382f88543f8d","tintindex":0},"east":{"uv":[6.875,9.0,6.25,10.25],"rotation":0,"texture":"#31fd78cd-98ff-ff42-4111-382f88543f8d","tintindex":0},"north":{"uv":[6.125,9.625,5.625,10.875],"rotation":0,"texture":"#31fd78cd-98ff-ff42-4111-382f88543f8d","tintindex":0},"south":{"uv":[10.125,7.25,9.625,8.5],"rotation":0,"texture":"#31fd78cd-98ff-ff42-4111-382f88543f8d","tintindex":0},"up":{"uv":[9.75,11.75,10.25,11.125],"rotation":0,"texture":"#31fd78cd-98ff-ff42-4111-382f88543f8d","tintindex":0},"west":{"uv":[5.0,9.0,4.375,10.25],"rotation":0,"texture":"#31fd78cd-98ff-ff42-4111-382f88543f8d","tintindex":0}}},{"name":"cube","from":[6.913127,-2.9989238,13.496653],"to":[9.3131275,0.60107684,15.296653],"rotation":{"angle":22.5,"axis":"x","origin":[10.850828,-3.9197364,20.689415]},"faces":{"down":{"uv":[12.125,5.5,11.625,5.875],"rotation":0,"texture":"#31fd78cd-98ff-ff42-4111-382f88543f8d","tintindex":0},"east":{"uv":[11.875,4.375,11.5,5.125],"rotation":0,"texture":"#31fd78cd-98ff-ff42-4111-382f88543f8d","tintindex":0},"north":{"uv":[11.5,9.25,11.0,10.0],"rotation":0,"texture":"#31fd78cd-98ff-ff42-4111-382f88543f8d","tintindex":0},"south":{"uv":[11.5,10.0,11.0,10.75],"rotation":0,"texture":"#31fd78cd-98ff-ff42-4111-382f88543f8d","tintindex":0},"up":{"uv":[11.625,5.5,12.125,5.125],"rotation":0,"texture":"#31fd78cd-98ff-ff42-4111-382f88543f8d","tintindex":0},"west":{"uv":[1.875,11.5,1.5,12.25],"rotation":0,"texture":"#31fd78cd-98ff-ff42-4111-382f88543f8d","tintindex":0}}},{"name":"cube","from":[6.913127,1.5426148,15.591299],"to":[9.3131275,6.342615,17.3913],"rotation":{"angle":-45.0,"axis":"x","origin":[10.850828,0.92290473,16.94383]},"faces":{"down":{"uv":[12.125,3.25,11.625,3.625],"rotation":0,"texture":"#31fd78cd-98ff-ff42-4111-382f88543f8d","tintindex":0},"east":{"uv":[11.375,7.125,11.0,8.125],"rotation":0,"texture":"#31fd78cd-98ff-ff42-4111-382f88543f8d","tintindex":0},"north":{"uv":[8.125,10.25,7.625,11.25],"rotation":0,"texture":"#31fd78cd-98ff-ff42-4111-382f88543f8d","tintindex":0},"south":{"uv":[8.625,10.25,8.125,11.25],"rotation":0,"texture":"#31fd78cd-98ff-ff42-4111-382f88543f8d","tintindex":0},"up":{"uv":[9.5,2.125,10.0,1.75],"rotation":0,"texture":"#31fd78cd-98ff-ff42-4111-382f88543f8d","tintindex":0},"west":{"uv":[3.75,11.0,3.375,12.0],"rotation":0,"texture":"#31fd78cd-98ff-ff42-4111-382f88543f8d","tintindex":0}}},{"name":"cube","from":[6.913127,-0.41311288,14.700564],"to":[9.3131275,0.78688717,17.100563],"rotation":{"angle":-22.5,"axis":"x","origin":[10.850828,-3.326013,18.068596]},"faces":{"down":{"uv":[9.0,11.5,8.5,12.0],"rotation":0,"texture":"#31fd78cd-98ff-ff42-4111-382f88543f8d","tintindex":0},"east":{"uv":[12.375,1.625,11.875,1.875],"rotation":0,"texture":"#31fd78cd-98ff-ff42-4111-382f88543f8d","tintindex":0},"north":{"uv":[12.0,11.75,11.5,12.0],"rotation":0,"texture":"#31fd78cd-98ff-ff42-4111-382f88543f8d","tintindex":0},"south":{"uv":[12.375,1.375,11.875,1.625],"rotation":0,"texture":"#31fd78cd-98ff-ff42-4111-382f88543f8d","tintindex":0},"up":{"uv":[10.125,8.5,10.625,8.0],"rotation":0,"texture":"#31fd78cd-98ff-ff42-4111-382f88543f8d","tintindex":0},"west":{"uv":[12.375,1.125,11.875,1.375],"rotation":0,"texture":"#31fd78cd-98ff-ff42-4111-382f88543f8d","tintindex":0}}}],"display":{"head":{"translation":[0.0,-6.4,0.0],"rotation":[0.0,0.0,0.0],"scale":[3.8095,3.8095,3.8095]},"gui":{"translation":[0.0,0.0,0.0],"rotation":[35.0,225.0,0.0],"scale":[0.625,0.625,0.625]}}}