{"file_name":"leftleg","texture_size":[128,128],"textures":{"31fd78cd-98ff-ff42-4111-382f88543f8d":"modelengine:entity/pharaoh"},"elements":[{"name":"cube","from":[6.1657343,2.4669971,6.5552216],"to":[8.565734,10.266998,10.155222],"rotation":{"angle":0.0,"axis":"x","origin":[10.103435,-1.3302522,11.974072]},"faces":{"down":{"uv":[6.125,10.875,5.625,11.625],"rotation":0,"texture":"#31fd78cd-98ff-ff42-4111-382f88543f8d","tintindex":0},"east":{"uv":[3.875,7.75,3.125,9.375],"rotation":0,"texture":"#31fd78cd-98ff-ff42-4111-382f88543f8d","tintindex":0},"north":{"uv":[1.25,8.5,0.75,10.125],"rotation":0,"texture":"#31fd78cd-98ff-ff42-4111-382f88543f8d","tintindex":0},"south":{"uv":[4.375,9.0,3.875,10.625],"rotation":0,"texture":"#31fd78cd-98ff-ff42-4111-382f88543f8d","tintindex":0},"up":{"uv":[4.5,7.0,5.0,6.25],"rotation":0,"texture":"#31fd78cd-98ff-ff42-4111-382f88543f8d","tintindex":0},"west":{"uv":[6.5,7.125,5.75,8.75],"rotation":0,"texture":"#31fd78cd-98ff-ff42-4111-382f88543f8d","tintindex":0}}}],"display":{"head":{"translation":[0.0,-6.4,0.0],"rotation":[0.0,0.0,0.0],"scale":[3.8095,3.8095,3.8095]},"gui":{"translation":[0.0,0.0,0.0],"rotation":[35.0,225.0,0.0],"scale":[0.625,0.625,0.625]}}}