{"textures":{"0":"modelengine:entity/pharaoh"},"elements":[{"name":"cube","from":[4.9797745,5.6361427,6.721095],"to":[7.979775,10.436143,10.321095],"rotation":{"angle":0.0,"axis":"x","origin":[10.283415,5.7760468,4.006531]},"faces":{"down":{"uv":[10.5,0.0,11.125,0.75],"rotation":0,"texture":"#0","tintindex":0},"east":{"uv":[8.625,9.25,7.875,10.25],"rotation":0,"texture":"#0","tintindex":0},"north":{"uv":[10.125,0.75,9.5,1.75],"rotation":0,"texture":"#0","tintindex":0},"south":{"uv":[2.625,9.625,2.0,10.625],"rotation":0,"texture":"#0","tintindex":0},"up":{"uv":[10.375,10.0,11.0,9.25],"rotation":0,"texture":"#0","tintindex":0},"west":{"uv":[10.0,6.25,9.25,7.25],"rotation":0,"texture":"#0","tintindex":0}}},{"name":"cube","from":[5.579775,0.8361435,7.9210954],"to":[7.979775,5.6361427,10.321095],"rotation":{"angle":0.0,"axis":"x","origin":[10.283415,0.9760475,4.006531]},"faces":{"down":{"uv":[5.25,8.25,5.75,8.75],"rotation":0,"texture":"#0","tintindex":0},"east":{"uv":[10.75,2.625,10.25,3.625],"rotation":0,"texture":"#0","tintindex":0},"north":{"uv":[10.625,7.0,10.125,8.0],"rotation":0,"texture":"#0","tintindex":0},"south":{"uv":[10.25,10.125,9.75,11.125],"rotation":0,"texture":"#0","tintindex":0},"up":{"uv":[3.875,8.25,4.375,7.75],"rotation":0,"texture":"#0","tintindex":0},"west":{"uv":[9.75,10.125,9.25,11.125],"rotation":0,"texture":"#0","tintindex":0}}}],"display":{"head":{"translation":[0.0,-6.4,0.0],"rotation":[0.0,0.0,0.0],"scale":[3.8095,3.8095,3.8095]}}}