{"file_name":"pharaoh","texture_size":[128,128],"textures":{"31fd78cd-98ff-ff42-4111-382f88543f8d":"modelengine:entity/pharaoh"},"elements":[{"name":"cube","from":[5.0,-1.5999999,9.2],"to":[11.0,11.6,9.2],"rotation":{"angle":22.5,"axis":"x","origin":[8.0,8.0,8.0]},"faces":{"down":{"uv":[4.5,7.125,5.75,8.25],"rotation":0,"texture":"#31fd78cd-98ff-ff42-4111-382f88543f8d","tintindex":0},"east":{"uv":[0.0,3.25,1.125,6.0],"rotation":0,"texture":"#31fd78cd-98ff-ff42-4111-382f88543f8d","tintindex":0},"north":{"uv":[2.25,0.0,3.5,2.75],"rotation":0,"texture":"#31fd78cd-98ff-ff42-4111-382f88543f8d","tintindex":0},"south":{"uv":[2.25,0.0,3.5,2.75],"rotation":0,"texture":"#31fd78cd-98ff-ff42-4111-382f88543f8d","tintindex":0},"up":{"uv":[8.375,1.125,7.125,0.0],"rotation":0,"texture":"#31fd78cd-98ff-ff42-4111-382f88543f8d","tintindex":0},"west":{"uv":[1.125,3.25,2.25,6.0],"rotation":0,"texture":"#31fd78cd-98ff-ff42-4111-382f88543f8d","tintindex":0}}},{"name":"cube","from":[5.0,-1.5999999,14.6],"to":[11.0,11.6,14.6],"rotation":{"angle":22.5,"axis":"x","origin":[8.0,8.0,8.0]},"faces":{"down":{"uv":[4.5,7.125,5.75,8.25],"rotation":0,"texture":"#31fd78cd-98ff-ff42-4111-382f88543f8d","tintindex":0},"east":{"uv":[0.0,3.25,1.125,6.0],"rotation":0,"texture":"#31fd78cd-98ff-ff42-4111-382f88543f8d","tintindex":0},"north":{"uv":[2.25,0.0,3.5,2.75],"rotation":0,"texture":"#31fd78cd-98ff-ff42-4111-382f88543f8d","tintindex":0},"south":{"uv":[2.25,0.0,3.5,2.75],"rotation":0,"texture":"#31fd78cd-98ff-ff42-4111-382f88543f8d","tintindex":0},"up":{"uv":[8.375,1.125,7.125,0.0],"rotation":0,"texture":"#31fd78cd-98ff-ff42-4111-382f88543f8d","tintindex":0},"west":{"uv":[1.125,3.25,2.25,6.0],"rotation":0,"texture":"#31fd78cd-98ff-ff42-4111-382f88543f8d","tintindex":0}}},{"name":"cube","from":[2.6,13.010297,8.9678755],"to":[13.400001,19.010296,14.367875],"rotation":{"angle":-22.5,"axis":"x","origin":[8.0,15.410297,9.567875]},"faces":{"down":{"uv":[5.0,3.625,7.25,4.75],"rotation":0,"texture":"#31fd78cd-98ff-ff42-4111-382f88543f8d","tintindex":0},"east":{"uv":[2.0,7.0,3.125,8.25],"rotation":0,"texture":"#31fd78cd-98ff-ff42-4111-382f88543f8d","tintindex":0},"north":{"uv":[3.5,0.0,5.75,1.25],"rotation":0,"texture":"#31fd78cd-98ff-ff42-4111-382f88543f8d","tintindex":0},"south":{"uv":[3.5,1.25,5.75,2.5],"rotation":0,"texture":"#31fd78cd-98ff-ff42-4111-382f88543f8d","tintindex":0},"up":{"uv":[7.25,3.625,5.0,2.5],"rotation":0,"texture":"#31fd78cd-98ff-ff42-4111-382f88543f8d","tintindex":0},"west":{"uv":[6.75,7.0,7.875,8.25],"rotation":0,"texture":"#31fd78cd-98ff-ff42-4111-382f88543f8d","tintindex":0}}},{"name":"cube","from":[2.6,10.246414,6.350266],"to":[13.400001,18.046413,6.350266],"rotation":{"angle":22.5,"axis":"x","origin":[8.0,15.046413,8.150267]},"faces":{"down":{"uv":[0.0,0.0,2.25,0.0],"rotation":0,"texture":"#31fd78cd-98ff-ff42-4111-382f88543f8d","tintindex":0},"east":{"uv":[0.0,0.0,0.0,1.625],"rotation":0,"texture":"#31fd78cd-98ff-ff42-4111-382f88543f8d","tintindex":0},"north":{"uv":[0.0,0.0,2.25,1.625],"rotation":0,"texture":"#31fd78cd-98ff-ff42-4111-382f88543f8d","tintindex":0},"south":{"uv":[2.25,0.0,0.0,1.625],"rotation":0,"texture":"#31fd78cd-98ff-ff42-4111-382f88543f8d","tintindex":0},"up":{"uv":[2.25,0.0,0.0,0.0],"rotation":0,"texture":"#31fd78cd-98ff-ff42-4111-382f88543f8d","tintindex":0},"west":{"uv":[0.0,0.0,0.0,1.625],"rotation":0,"texture":"#31fd78cd-98ff-ff42-4111-382f88543f8d","tintindex":0}}},{"name":"cube","from":[5.0,7.8298664,10.120937],"to":[11.0,15.029865,14.9209385],"rotation":{"angle":0.0,"axis":"x","origin":[8.0,11.429867,8.920938]},"faces":{"down":{"uv":[7.5,1.125,8.75,2.125],"rotation":0,"texture":"#31fd78cd-98ff-ff42-4111-382f88543f8d","tintindex":0},"east":{"uv":[3.5,6.25,4.5,7.75],"rotation":0,"texture":"#31fd78cd-98ff-ff42-4111-382f88543f8d","tintindex":0},"north":{"uv":[2.25,5.5,3.5,7.0],"rotation":0,"texture":"#31fd78cd-98ff-ff42-4111-382f88543f8d","tintindex":0},"south":{"uv":[0.0,6.0,1.25,7.5],"rotation":0,"texture":"#31fd78cd-98ff-ff42-4111-382f88543f8d","tintindex":0},"up":{"uv":[1.25,8.5,0.0,7.5],"rotation":0,"texture":"#31fd78cd-98ff-ff42-4111-382f88543f8d","tintindex":0},"west":{"uv":[6.75,5.5,7.75,7.0],"rotation":0,"texture":"#31fd78cd-98ff-ff42-4111-382f88543f8d","tintindex":0}}},{"name":"cube","from":[3.7999997,8.6,9.8],"to":[12.2,11.6,14.6],"rotation":{"angle":22.5,"axis":"x","origin":[8.0,8.0,8.0]},"faces":{"down":{"uv":[5.0,6.125,6.75,7.125],"rotation":0,"texture":"#31fd78cd-98ff-ff42-4111-382f88543f8d","tintindex":0},"east":{"uv":[2.75,9.375,3.75,10.0],"rotation":0,"texture":"#31fd78cd-98ff-ff42-4111-382f88543f8d","tintindex":0},"north":{"uv":[7.875,7.25,9.625,7.875],"rotation":0,"texture":"#31fd78cd-98ff-ff42-4111-382f88543f8d","tintindex":0},"south":{"uv":[7.875,7.875,9.625,8.5],"rotation":0,"texture":"#31fd78cd-98ff-ff42-4111-382f88543f8d","tintindex":0},"up":{"uv":[7.5,2.375,5.75,1.375],"rotation":0,"texture":"#31fd78cd-98ff-ff42-4111-382f88543f8d","tintindex":0},"west":{"uv":[8.625,9.375,9.625,10.0],"rotation":0,"texture":"#31fd78cd-98ff-ff42-4111-382f88543f8d","tintindex":0}}},{"name":"cube","from":[6.2,6.8,9.8],"to":[9.8,8.6,14.0],"rotation":{"angle":22.5,"axis":"x","origin":[8.0,8.0,8.0]},"faces":{"down":{"uv":[9.375,2.125,10.125,3.0],"rotation":0,"texture":"#31fd78cd-98ff-ff42-4111-382f88543f8d","tintindex":0},"east":{"uv":[11.0,10.75,11.875,11.125],"rotation":0,"texture":"#31fd78cd-98ff-ff42-4111-382f88543f8d","tintindex":0},"north":{"uv":[11.375,0.75,12.125,1.125],"rotation":0,"texture":"#31fd78cd-98ff-ff42-4111-382f88543f8d","tintindex":0},"south":{"uv":[11.375,2.625,12.125,3.0],"rotation":0,"texture":"#31fd78cd-98ff-ff42-4111-382f88543f8d","tintindex":0},"up":{"uv":[10.0,9.375,9.25,8.5],"rotation":0,"texture":"#31fd78cd-98ff-ff42-4111-382f88543f8d","tintindex":0},"west":{"uv":[11.125,0.0,12.0,0.375],"rotation":0,"texture":"#31fd78cd-98ff-ff42-4111-382f88543f8d","tintindex":0}}}],"display":{"head":{"translation":[0.0,-6.4,0.0],"rotation":[0.0,0.0,0.0],"scale":[3.8095,3.8095,3.8095]},"gui":{"translation":[0.0,0.0,0.0],"rotation":[35.0,225.0,0.0],"scale":[0.625,0.625,0.625]}}}