{"textures":{"0":"modelengine:entity/pharaoh"},"elements":[{"name":"cube","from":[8.020226,5.6361427,6.721095],"to":[11.020226,10.436143,10.321095],"rotation":{"angle":0.0,"axis":"x","origin":[5.716585,5.7760468,4.006531]},"faces":{"down":{"uv":[11.125,0.0,10.5,0.75],"rotation":0,"texture":"#0","tintindex":0},"east":{"uv":[9.25,6.25,10.0,7.25],"rotation":0,"texture":"#0","tintindex":0},"north":{"uv":[9.5,0.75,10.125,1.75],"rotation":0,"texture":"#0","tintindex":0},"south":{"uv":[2.0,9.625,2.625,10.625],"rotation":0,"texture":"#0","tintindex":0},"up":{"uv":[11.0,10.0,10.375,9.25],"rotation":0,"texture":"#0","tintindex":0},"west":{"uv":[7.875,9.25,8.625,10.25],"rotation":0,"texture":"#0","tintindex":0}}},{"name":"cube","from":[8.020226,0.8361435,7.9210954],"to":[10.420225,5.6361427,10.321095],"rotation":{"angle":0.0,"axis":"x","origin":[5.716585,0.9760475,4.006531]},"faces":{"down":{"uv":[5.75,8.25,5.25,8.75],"rotation":0,"texture":"#0","tintindex":0},"east":{"uv":[9.25,10.125,9.75,11.125],"rotation":0,"texture":"#0","tintindex":0},"north":{"uv":[10.125,7.0,10.625,8.0],"rotation":0,"texture":"#0","tintindex":0},"south":{"uv":[9.75,10.125,10.25,11.125],"rotation":0,"texture":"#0","tintindex":0},"up":{"uv":[4.375,8.25,3.875,7.75],"rotation":0,"texture":"#0","tintindex":0},"west":{"uv":[10.25,2.625,10.75,3.625],"rotation":0,"texture":"#0","tintindex":0}}}],"display":{"head":{"translation":[0.0,-6.4,0.0],"rotation":[0.0,0.0,0.0],"scale":[3.8095,3.8095,3.8095]}}}