{"file_name":"righthand","texture_size":[128,128],"textures":{"31fd78cd-98ff-ff42-4111-382f88543f8d":"modelengine:entity/pharaoh"},"elements":[{"name":"cube","from":[6.960605,3.1182215,5.2607365],"to":[9.360605,7.978221,8.260736],"rotation":{"angle":0.0,"axis":"x","origin":[4.056965,3.1046088,4.9787574]},"faces":{"down":{"uv":[9.25,11.125,9.75,11.75],"rotation":0,"texture":"#31fd78cd-98ff-ff42-4111-382f88543f8d","tintindex":0},"east":{"uv":[9.625,3.0,10.25,4.0],"rotation":0,"texture":"#31fd78cd-98ff-ff42-4111-382f88543f8d","tintindex":0},"north":{"uv":[4.375,10.25,4.875,11.25],"rotation":0,"texture":"#31fd78cd-98ff-ff42-4111-382f88543f8d","tintindex":0},"south":{"uv":[6.125,10.25,6.625,11.25],"rotation":0,"texture":"#31fd78cd-98ff-ff42-4111-382f88543f8d","tintindex":0},"up":{"uv":[11.625,8.75,11.125,8.125],"rotation":0,"texture":"#31fd78cd-98ff-ff42-4111-382f88543f8d","tintindex":0},"west":{"uv":[5.0,9.625,5.625,10.625],"rotation":0,"texture":"#31fd78cd-98ff-ff42-4111-382f88543f8d","tintindex":0}}},{"name":"cube","from":[7.560605,-0.5417788,6.4607363],"to":[9.360605,3.1182215,8.260736],"rotation":{"angle":0.0,"axis":"x","origin":[4.656965,-1.1553922,4.9787574]},"faces":{"down":{"uv":[10.375,4.375,10.75,4.75],"rotation":0,"texture":"#31fd78cd-98ff-ff42-4111-382f88543f8d","tintindex":0},"east":{"uv":[0.75,11.5,1.125,12.25],"rotation":0,"texture":"#31fd78cd-98ff-ff42-4111-382f88543f8d","tintindex":0},"north":{"uv":[8.125,11.25,8.5,12.0],"rotation":0,"texture":"#31fd78cd-98ff-ff42-4111-382f88543f8d","tintindex":0},"south":{"uv":[1.125,11.5,1.5,12.25],"rotation":0,"texture":"#31fd78cd-98ff-ff42-4111-382f88543f8d","tintindex":0},"up":{"uv":[8.75,1.125,8.375,0.75],"rotation":0,"texture":"#31fd78cd-98ff-ff42-4111-382f88543f8d","tintindex":0},"west":{"uv":[11.5,1.125,11.875,1.875],"rotation":0,"texture":"#31fd78cd-98ff-ff42-4111-382f88543f8d","tintindex":0}}},{"name":"cube","from":[9.394379,-3.4363341,6.5005608],"to":[10.594379,-2.176334,8.30056],"rotation":{"angle":22.5,"axis":"z","origin":[4.469264,-7.897401,5.9639626]},"faces":{"down":{"uv":[10.75,6.625,11.0,7.0],"rotation":0,"texture":"#31fd78cd-98ff-ff42-4111-382f88543f8d","tintindex":0},"east":{"uv":[7.125,1.125,7.5,1.375],"rotation":0,"texture":"#31fd78cd-98ff-ff42-4111-382f88543f8d","tintindex":0},"north":{"uv":[10.75,1.375,11.0,1.625],"rotation":0,"texture":"#31fd78cd-98ff-ff42-4111-382f88543f8d","tintindex":0},"south":{"uv":[1.625,11.125,1.875,11.375],"rotation":0,"texture":"#31fd78cd-98ff-ff42-4111-382f88543f8d","tintindex":0},"up":{"uv":[11.0,3.625,10.75,3.25],"rotation":0,"texture":"#31fd78cd-98ff-ff42-4111-382f88543f8d","tintindex":0},"west":{"uv":[8.25,2.125,8.625,2.375],"rotation":0,"texture":"#31fd78cd-98ff-ff42-4111-382f88543f8d","tintindex":0}}},{"name":"cube","from":[10.594379,-6.4363346,6.5005608],"to":[11.794379,-2.176334,9.500561],"rotation":{"angle":22.5,"axis":"z","origin":[4.469264,-7.897401,5.9639626]},"faces":{"down":{"uv":[7.375,10.5,7.625,11.125],"rotation":0,"texture":"#31fd78cd-98ff-ff42-4111-382f88543f8d","tintindex":0},"east":{"uv":[8.625,10.0,9.25,10.875],"rotation":0,"texture":"#31fd78cd-98ff-ff42-4111-382f88543f8d","tintindex":0},"north":{"uv":[4.625,11.25,4.875,12.125],"rotation":0,"texture":"#31fd78cd-98ff-ff42-4111-382f88543f8d","tintindex":0},"south":{"uv":[9.0,11.5,9.25,12.375],"rotation":0,"texture":"#31fd78cd-98ff-ff42-4111-382f88543f8d","tintindex":0},"up":{"uv":[5.25,9.625,5.0,9.0],"rotation":0,"texture":"#31fd78cd-98ff-ff42-4111-382f88543f8d","tintindex":0},"west":{"uv":[10.125,0.75,10.75,1.625],"rotation":0,"texture":"#31fd78cd-98ff-ff42-4111-382f88543f8d","tintindex":0}}},{"name":"cube","from":[8.794379,-6.4363346,6.5005608],"to":[10.594379,-3.3763342,9.500561],"rotation":{"angle":22.5,"axis":"z","origin":[4.469264,-7.897401,5.9639626]},"faces":{"down":{"uv":[11.5,11.125,11.875,11.75],"rotation":0,"texture":"#31fd78cd-98ff-ff42-4111-382f88543f8d","tintindex":0},"east":{"uv":[8.625,10.875,9.25,11.5],"rotation":0,"texture":"#31fd78cd-98ff-ff42-4111-382f88543f8d","tintindex":0},"north":{"uv":[6.375,5.5,6.75,6.125],"rotation":0,"texture":"#31fd78cd-98ff-ff42-4111-382f88543f8d","tintindex":0},"south":{"uv":[11.5,9.125,11.875,9.75],"rotation":0,"texture":"#31fd78cd-98ff-ff42-4111-382f88543f8d","tintindex":0},"up":{"uv":[11.875,10.375,11.5,9.75],"rotation":0,"texture":"#31fd78cd-98ff-ff42-4111-382f88543f8d","tintindex":0},"west":{"uv":[11.0,3.25,11.625,3.875],"rotation":0,"texture":"#31fd78cd-98ff-ff42-4111-382f88543f8d","tintindex":0}}},{"name":"cube","from":[6.869264,-3.3974004,-4.2360377],"to":[8.669264,-1.5974007,16.763962],"rotation":{"angle":0.0,"axis":"x","origin":[5.669264,2.6025999,6.5639625]},"faces":{"down":{"uv":[1.625,6.0,2.0,10.375],"rotation":0,"texture":"#31fd78cd-98ff-ff42-4111-382f88543f8d","tintindex":0},"east":{"uv":[6.375,4.75,10.75,5.125],"rotation":0,"texture":"#31fd78cd-98ff-ff42-4111-382f88543f8d","tintindex":0},"north":{"uv":[5.625,11.625,6.0,12.0],"rotation":0,"texture":"#31fd78cd-98ff-ff42-4111-382f88543f8d","tintindex":0},"south":{"uv":[6.5,11.625,6.875,12.0],"rotation":0,"texture":"#31fd78cd-98ff-ff42-4111-382f88543f8d","tintindex":0},"up":{"uv":[1.625,10.375,1.25,6.0],"rotation":0,"texture":"#31fd78cd-98ff-ff42-4111-382f88543f8d","tintindex":0},"west":{"uv":[6.375,5.125,10.75,5.5],"rotation":0,"texture":"#31fd78cd-98ff-ff42-4111-382f88543f8d","tintindex":0}}},{"name":"cube","from":[6.869264,-7.0187206,-5.9845657],"to":[8.669264,-1.6187205,-4.184566],"rotation":{"angle":45.0,"axis":"x","origin":[7.769264,-3.718721,-5.084566]},"faces":{"down":{"uv":[7.25,11.625,7.625,12.0],"rotation":0,"texture":"#31fd78cd-98ff-ff42-4111-382f88543f8d","tintindex":0},"east":{"uv":[6.625,10.5,7.0,11.625],"rotation":0,"texture":"#31fd78cd-98ff-ff42-4111-382f88543f8d","tintindex":0},"north":{"uv":[2.75,8.25,3.125,9.375],"rotation":0,"texture":"#31fd78cd-98ff-ff42-4111-382f88543f8d","tintindex":0},"south":{"uv":[7.0,10.5,7.375,11.625],"rotation":0,"texture":"#31fd78cd-98ff-ff42-4111-382f88543f8d","tintindex":0},"up":{"uv":[7.25,12.0,6.875,11.625],"rotation":0,"texture":"#31fd78cd-98ff-ff42-4111-382f88543f8d","tintindex":0},"west":{"uv":[0.0,10.625,0.375,11.75],"rotation":0,"texture":"#31fd78cd-98ff-ff42-4111-382f88543f8d","tintindex":0}}},{"name":"cube","from":[6.869264,-7.0187206,-14.77868],"to":[8.669264,-1.6187205,-12.978679],"rotation":{"angle":-45.0,"axis":"x","origin":[7.769264,-3.718721,-13.878678]},"faces":{"down":{"uv":[0.375,11.75,0.75,12.125],"rotation":0,"texture":"#31fd78cd-98ff-ff42-4111-382f88543f8d","tintindex":0},"east":{"uv":[3.875,10.625,4.25,11.75],"rotation":0,"texture":"#31fd78cd-98ff-ff42-4111-382f88543f8d","tintindex":0},"north":{"uv":[2.25,10.625,2.625,11.75],"rotation":0,"texture":"#31fd78cd-98ff-ff42-4111-382f88543f8d","tintindex":0},"south":{"uv":[4.875,10.625,5.25,11.75],"rotation":0,"texture":"#31fd78cd-98ff-ff42-4111-382f88543f8d","tintindex":0},"up":{"uv":[0.375,12.125,0.0,11.75],"rotation":0,"texture":"#31fd78cd-98ff-ff42-4111-382f88543f8d","tintindex":0},"west":{"uv":[5.25,10.625,5.625,11.75],"rotation":0,"texture":"#31fd78cd-98ff-ff42-4111-382f88543f8d","tintindex":0}}},{"name":"cube","from":[6.869264,1.2783353,-14.77868],"to":[8.669264,6.678335,-12.978679],"rotation":{"angle":45.0,"axis":"x","origin":[7.769264,3.3783355,-13.878678]},"faces":{"down":{"uv":[3.75,11.75,4.125,12.125],"rotation":0,"texture":"#31fd78cd-98ff-ff42-4111-382f88543f8d","tintindex":0},"east":{"uv":[10.25,10.75,10.625,11.875],"rotation":0,"texture":"#31fd78cd-98ff-ff42-4111-382f88543f8d","tintindex":0},"north":{"uv":[10.75,8.125,11.125,9.25],"rotation":0,"texture":"#31fd78cd-98ff-ff42-4111-382f88543f8d","tintindex":0},"south":{"uv":[10.625,10.75,11.0,11.875],"rotation":0,"texture":"#31fd78cd-98ff-ff42-4111-382f88543f8d","tintindex":0},"up":{"uv":[12.125,4.0,11.75,3.625],"rotation":0,"texture":"#31fd78cd-98ff-ff42-4111-382f88543f8d","tintindex":0},"west":{"uv":[10.875,5.5,11.25,6.625],"rotation":0,"texture":"#31fd78cd-98ff-ff42-4111-382f88543f8d",