{"textures":{"0":"modelengine:entity/vs_carnivoreplant_baby"},"elements":[{"name":"cube","from":[7.130954,13.048509,12.699948],"to":[8.930954,14.548509,14.499948],"rotation":{"angle":22.5,"axis":"x","origin":[8.030954,23.548512,6.9999475]},"faces":{"down":{"uv":[5.25,12.625,4.5,13.375],"rotation":0,"texture":"#0","tintindex":0},"east":{"uv":[13.0,7.25,13.75,7.875],"rotation":0,"texture":"#0","tintindex":0},"north":{"uv":[13.0,6.625,13.75,7.25],"rotation":0,"texture":"#0","tintindex":0},"south":{"uv":[13.0,12.875,13.75,13.5],"rotation":0,"texture":"#0","tintindex":0},"up":{"uv":[13.25,9.625,12.5,8.875],"rotation":0,"texture":"#0","tintindex":0},"west":{"uv":[0.0,13.125,0.75,13.75],"rotation":0,"texture":"#0","tintindex":0}}},{"name":"cube","from":[7.1314,12.144911,16.671528],"to":[8.9307995,13.644911,18.471529],"rotation":{"angle":45.0,"axis":"x","origin":[8.030954,22.644913,10.971529]},"faces":{"down":{"uv":[13.25,8.125,12.5,8.875],"rotation":0,"texture":"#0","tintindex":0},"east":{"uv":[11.5,12.625,12.25,13.25],"rotation":0,"texture":"#0","tintindex":0},"north":{"uv":[10.5,6.25,11.25,6.875],"rotation":0,"texture":"#0","tintindex":0},"south":{"uv":[12.25,12.875,13.0,13.5],"rotation":0,"texture":"#0","tintindex":0},"up":{"uv":[13.125,12.875,12.375,12.125],"rotation":0,"texture":"#0","tintindex":0},"west":{"uv":[13.0,4.625,13.75,5.25],"rotation":0,"texture":"#0","tintindex":0}}},{"name":"cube","from":[7.130954,7.8832364,12.767727],"to":[8.930954,9.083237,14.567728],"rotation":{"angle":22.5,"axis":"x","origin":[8.030954,23.183239,15.467728]},"faces":{"down":{"uv":[8.25,12.625,7.5,13.375],"rotation":0,"texture":"#0","tintindex":0},"east":{"uv":[1.5,13.125,2.25,13.625],"rotation":0,"texture":"#0","tintindex":0},"north":{"uv":[0.75,13.125,1.5,13.625],"rotation":0,"texture":"#0","tintindex":0},"south":{"uv":[2.25,13.125,3.0,13.625],"rotation":0,"texture":"#0","tintindex":0},"up":{"uv":[7.5,13.375,6.75,12.625],"rotation":0,"texture":"#0","tintindex":0},"west":{"uv":[3.0,13.125,3.75,13.625],"rotation":0,"texture":"#0","tintindex":0}}},{"name":"cube","from":[7.1314,5.8811245,7.1181955],"to":[8.9307995,10.081125,8.918196],"rotation":{"angle":0.0,"axis":"x","origin":[8.030954,24.781128,12.218196]},"faces":{"down":{"uv":[6.75,12.625,6.0,13.375],"rotation":0,"texture":"#0","tintindex":0},"east":{"uv":[10.5,2.75,11.25,4.5],"rotation":0,"texture":"#0","tintindex":0},"north":{"uv":[2.25,10.5,3.0,12.25],"rotation":0,"texture":"#0","tintindex":0},"south":{"uv":[3.0,10.5,3.75,12.25],"rotation":0,"texture":"#0","tintindex":0},"up":{"uv":[6.0,13.375,5.25,12.625],"rotation":0,"texture":"#0","tintindex":0},"west":{"uv":[3.75,10.5,4.5,12.25],"rotation":0,"texture":"#0","tintindex":0}}}],"display":{"head":{"translation":[0.0,-6.4,0.0],"rotation":[0.0,0.0,0.0],"scale":[3.8095,3.8095,3.8095]}}}