{"textures":{"0":"modelengine:entity/vs_carnivoreplant_baby"},"elements":[{"name":"cube","from":[5.795714,6.9332027,3.294639],"to":[10.085714,8.103203,8.364639],"rotation":{"angle":0.0,"axis":"x","origin":[7.940714,8.8832035,11.094639]},"faces":{"down":{"uv":[9.25,2.75,7.875,4.375],"rotation":0,"texture":"#0","tintindex":0},"east":{"uv":[11.5,10.25,13.125,10.625],"rotation":0,"texture":"#0","tintindex":0},"north":{"uv":[12.5,9.625,13.875,10.0],"rotation":0,"texture":"#0","tintindex":0},"south":{"uv":[0.0,12.75,1.375,13.125],"rotation":0,"texture":"#0","tintindex":0},"up":{"uv":[7.875,4.375,6.5,2.75],"rotation":0,"texture":"#0","tintindex":0},"west":{"uv":[12.25,3.5,13.875,3.875],"rotation":0,"texture":"#0","tintindex":0}}},{"name":"cube","from":[5.795714,8.103203,3.294639],"to":[10.085714,9.663203,5.2446394],"rotation":{"angle":0.0,"axis":"x","origin":[7.940714,8.8832035,11.094639]},"faces":{"down":{"uv":[13.375,0.625,12.0,1.25],"rotation":0,"texture":"#0","tintindex":0},"east":{"uv":[9.375,10.875,10.0,11.375],"rotation":0,"texture":"#0","tintindex":0},"north":{"uv":[6.5,4.375,7.875,4.875],"rotation":0,"texture":"#0","tintindex":0},"south":{"uv":[11.75,5.75,13.125,6.25],"rotation":0,"texture":"#0","tintindex":0},"up":{"uv":[13.375,0.625,12.0,0.0],"rotation":0,"texture":"#0","tintindex":0},"west":{"uv":[3.875,12.75,4.5,13.25],"rotation":0,"texture":"#0","tintindex":0}}}],"display":{"head":{"translation":[0.0,-6.4,0.0],"rotation":[0.0,0.0,0.0],"scale":[3.8095,3.8095,3.8095]}}}