{"textures":{"0":"modelengine:entity/vs_carnivoreplant_baby"},"elements":[{"name":"cube","from":[7.0814,7.9134674,7.334893],"to":[8.8808,9.713469,9.134893],"rotation":{"angle":0.0,"axis":"x","origin":[7.9809537,15.413467,1.6348932]},"faces":{"down":{"uv":[13.125,11.375,12.375,12.125],"rotation":0,"texture":"#0","tintindex":0},"east":{"uv":[12.25,7.375,13.0,8.125],"rotation":0,"texture":"#0","tintindex":0},"north":{"uv":[12.25,6.625,13.0,7.375],"rotation":0,"texture":"#0","tintindex":0},"south":{"uv":[9.375,12.375,10.125,13.125],"rotation":0,"texture":"#0","tintindex":0},"up":{"uv":[13.125,11.375,12.375,10.625],"rotation":0,"texture":"#0","tintindex":0},"west":{"uv":[10.125,12.375,10.875,13.125],"rotation":0,"texture":"#0","tintindex":0}}}],"display":{"head":{"translation":[0.0,-6.4,0.0],"rotation":[0.0,0.0,0.0],"scale":[3.8095,3.8095,3.8095]}}}