{"textures":{"0":"modelengine:entity/vs_carnivoreplant_baby"},"elements":[{"name":"cube","from":[7.0809536,11.622657,5.134536],"to":[8.880954,13.422657,8.434536],"rotation":{"angle":45.0,"axis":"x","origin":[7.9809537,9.822657,2.1345358]},"faces":{"down":{"uv":[7.375,10.875,6.625,12.25],"rotation":0,"texture":"#0","tintindex":0},"east":{"uv":[10.0,10.625,11.375,11.375],"rotation":0,"texture":"#0","tintindex":0},"north":{"uv":[9.0,6.875,9.75,7.625],"rotation":0,"texture":"#0","tintindex":0},"south":{"uv":[8.625,11.875,9.375,12.625],"rotation":0,"texture":"#0","tintindex":0},"up":{"uv":[6.625,12.25,5.875,10.875],"rotation":0,"texture":"#0","tintindex":0},"west":{"uv":[4.5,10.875,5.875,11.625],"rotation":0,"texture":"#0","tintindex":0}}}],"display":{"head":{"translation":[0.0,-6.4,0.0],"rotation":[0.0,0.0,0.0],"scale":[3.8095,3.8095,3.8095]}}}