{"file_name":"head","texture_size":[64,64],"textures":{"e9221072-be7e-81ba-3e44-4cc4984b5b47":"modelengine:entity/vulture2"},"elements":[{"name":"cube","from":[7.3375998,7.117894,6.526617],"to":[8.547199,8.327495,8.945818],"rotation":{"angle":0.0,"axis":"x","origin":[7.9424,8.629894,5.921818]},"faces":{"down":{"uv":[1.5,7.5,2.0,8.5],"rotation":0,"texture":"#e9221072-be7e-81ba-3e44-4cc4984b5b47","tintindex":0},"east":{"uv":[7.5,6.5,8.5,7.0],"rotation":0,"texture":"#e9221072-be7e-81ba-3e44-4cc4984b5b47","tintindex":0},"north":{"uv":[3.0,7.75,3.5,8.25],"rotation":0,"texture":"#e9221072-be7e-81ba-3e44-4cc4984b5b47","tintindex":0},"south":{"uv":[7.75,3.0,8.25,3.5],"rotation":0,"texture":"#e9221072-be7e-81ba-3e44-4cc4984b5b47","tintindex":0},"up":{"uv":[3.0,4.5,2.5,3.5],"rotation":0,"texture":"#e9221072-be7e-81ba-3e44-4cc4984b5b47","tintindex":0},"west":{"uv":[7.75,0.75,8.75,1.25],"rotation":0,"texture":"#e9221072-be7e-81ba-3e44-4cc4984b5b47","tintindex":0}}},{"name":"cube","from":[7.3375998,7.0028,5.948],"to":[8.547199,10.0268,7.1575994],"rotation":{"angle":-22.5,"axis":"x","origin":[7.9424,8.5148,5.948]},"faces":{"down":{"uv":[7.75,2.5,8.25,3.0],"rotation":0,"texture":"#e9221072-be7e-81ba-3e44-4cc4984b5b47","tintindex":0},"east":{"uv":[7.25,1.75,7.75,3.0],"rotation":0,"texture":"#e9221072-be7e-81ba-3e44-4cc4984b5b47","tintindex":0},"north":{"uv":[6.75,1.75,7.25,3.0],"rotation":0,"texture":"#e9221072-be7e-81ba-3e44-4cc4984b5b47","tintindex":0},"south":{"uv":[7.25,3.0,7.75,4.25],"rotation":0,"texture":"#e9221072-be7e-81ba-3e44-4cc4984b5b47","tintindex":0},"up":{"uv":[3.0,8.25,2.5,7.75],"rotation":0,"texture":"#e9221072-be7e-81ba-3e44-4cc4984b5b47","tintindex":0},"west":{"uv":[4.25,7.25,4.75,8.5],"rotation":0,"texture":"#e9221072-be7e-81ba-3e44-4cc4984b5b47","tintindex":0}}},{"name":"cube","from":[7.3375998,8.8172,3.5288],"to":[8.547199,10.0268,4.1335998],"rotation":{"angle":0.0,"axis":"x","origin":[7.64,6.398,8.972]},"faces":{"down":{"uv":[2.0,6.25,2.5,6.5],"rotation":0,"texture":"#e9221072-be7e-81ba-3e44-4cc4984b5b47","tintindex":0},"east":{"uv":[7.25,5.0,7.5,5.5],"rotation":0,"texture":"#e9221072-be7e-81ba-3e44-4cc4984b5b47","tintindex":0},"north":{"uv":[2.0,5.75,2.5,6.25],"rotation":0,"texture":"#e9221072-be7e-81ba-3e44-4cc4984b5b47","tintindex":0},"south":{"uv":[6.75,3.0,7.25,3.5],"rotation":0,"texture":"#e9221072-be7e-81ba-3e44-4cc4984b5b47","tintindex":0},"up":{"uv":[6.5,4.75,6.0,4.5],"rotation":0,"texture":"#e9221072-be7e-81ba-3e44-4cc4984b5b47","tintindex":0},"west":{"uv":[7.75,7.25,8.0,7.75],"rotation":0,"texture":"#e9221072-be7e-81ba-3e44-4cc4984b5b47","tintindex":0}}},{"name":"cube","from":[7.0352,8.8172,4.1335998],"to":[8.8496,10.631599,6.5528],"rotation":{"angle":0.0,"axis":"x","origin":[7.64,6.398,8.972]},"faces":{"down":{"uv":[6.75,0.0,7.5,1.0],"rotation":0,"texture":"#e9221072-be7e-81ba-3e44-4cc4984b5b47","tintindex":0},"east":{"uv":[5.5,6.5,6.5,7.25],"rotation":0,"texture":"#e9221072-be7e-81ba-3e44-4cc4984b5b47","tintindex":0},"north":{"uv":[6.75,5.5,7.5,6.25],"rotation":0,"texture":"#e9221072-be7e-81ba-3e44-4cc4984b5b47","tintindex":0},"south":{"uv":[7.25,4.25,8.0,5.0],"rotation":0,"texture":"#e9221072-be7e-81ba-3e44-4cc4984b5b47","tintindex":0},"up":{"uv":[0.75,7.75,0.0,6.75],"rotation":0,"texture":"#e9221072-be7e-81ba-3e44-4cc4984b5b47","tintindex":0},"west":{"uv":[6.5,6.5,7.5,7.25],"rotation":0,"texture":"#e9221072-be7e-81ba-3e44-4cc4984b5b47","tintindex":0}}},{"name":"cube","from":[7.64,8.566683,2.3192],"to":[8.244801,9.776283,3.5288],"rotation":{"angle":-45.0,"axis":"x","origin":[7.9424,9.171484,2.9239998]},"faces":{"down":{"uv":[5.0,8.0,5.25,8.5],"rotation":0,"texture":"#e9221072-be7e-81ba-3e44-4cc4984b5b47","tintindex":0},"east":{"uv":[2.0,7.75,2.5,8.25],"rotation":0,"texture":"#e9221072-be7e-81ba-3e44-4cc4984b5b47","tintindex":0},"north":{"uv":[7.75,7.75,8.0,8.25],"rotation":0,"texture":"#e9221072-be7e-81ba-3e44-4cc4984b5b47","tintindex":0},"south":{"uv":[8.0,4.25,8.25,4.75],"rotation":0,"texture":"#e9221072-be7e-81ba-3e44-4cc4984b5b47","tintindex":0},"up":{"uv":[5.0,8.5,4.75,8.0],"rotation":0,"texture":"#e9221072-be7e-81ba-3e44-4cc4984b5b47","tintindex":0},"west":{"uv":[7.75,2.0,8.25,2.5],"rotation":0,"texture":"#e9221072-be7e-81ba-3e44-4cc4984b5b47","tintindex":0}}},{"name":"cube","from":[7.64,8.8172,2.9239998],"to":[8.244801,10.0268,3.5288],"rotation":{"angle":0.0,"axis":"x","origin":[7.9424,9.422001,3.5288]},"faces":{"down":{"uv":[8.0,4.75,8.25,5.0],"rotation":0,"texture":"#e9221072-be7e-81ba-3e44-4cc4984b5b47","tintindex":0},"east":{"uv":[5.5,8.0,5.75,8.5],"rotation":0,"texture":"#e9221072-be7e-81ba-3e44-4cc4984b5b47","tintindex":0},"north":{"uv":[5.25,8.0,5.5,8.5],"rotation":0,"texture":"#e9221072-be7e-81ba-3e44-4cc4984b5b47","tintindex":0},"south":{"uv":[5.75,8.0,6.0,8.5],"rotation":0,"texture":"#e9221072-be7e-81ba-3e44-4cc4984b5b47","tintindex":0},"up":{"uv":[7.75,1.0,7.5,0.75],"rotation":0,"texture":"#e9221072-be7e-81ba-3e44-4cc4984b5b47","tintindex":0},"west":{"uv":[6.0,8.0,6.25,8.5],"rotation":0,"texture":"#e9221072-be7e-81ba-3e44-4cc4984b5b47","tintindex":0}}}],"display":{"head":{"translation":[0.0,-6.4,0.0],"rotation":[0.0,0.0,0.0],"scale":[3.8095,3.8095,3.8095]},"gui":{"translation":[0.0,0.0,0.0],"rotation":[35.0,225.0,0.0],"scale":[0.625,0.625,0.625]}}}