{"file_name":"leftwing3","texture_size":[64,64],"textures":{"e9221072-be7e-81ba-3e44-4cc4984b5b47":"modelengine:entity/vulture2"},"elements":[{"name":"cube","from":[7.9963784,7.988136,8.022695],"to":[12.0283785,8.492136,10.441895],"rotation":{"angle":0.0,"axis":"x","origin":[11.002762,7.2777324,9.907854]},"faces":{"down":{"uv":[6.0,4.5,4.25,5.5],"rotation":0,"texture":"#e9221072-be7e-81ba-3e44-4cc4984b5b47","tintindex":0},"east":{"uv":[8.75,3.75,7.75,4.0],"rotation":0,"texture":"#e9221072-be7e-81ba-3e44-4cc4984b5b47","tintindex":0},"north":{"uv":[9.25,7.0,7.5,7.25],"rotation":0,"texture":"#e9221072-be7e-81ba-3e44-4cc4984b5b47","tintindex":0},"south":{"uv":[9.5,1.25,7.75,1.5],"rotation":0,"texture":"#e9221072-be7e-81ba-3e44-4cc4984b5b47","tintindex":0},"up":{"uv":[2.5,5.5,4.25,4.5],"rotation":0,"texture":"#e9221072-be7e-81ba-3e44-4cc4984b5b47","tintindex":0},"west":{"uv":[8.75,3.5,7.75,3.75],"rotation":0,"texture":"#e9221072-be7e-81ba-3e44-4cc4984b5b47","tintindex":0}}},{"name":"cube","from":[11.824964,8.491628,8.431198],"to":[19.082565,8.491628,12.866399],"rotation":{"angle":-22.5,"axis":"y","origin":[12.945095,7.221811,8.754345]},"faces":{"down":{"uv":[0.0,0.0,3.0,1.75],"rotation":0,"texture":"#e9221072-be7e-81ba-3e44-4cc4984b5b47","tintindex":0},"east":{"uv":[1.75,0.0,0.0,0.0],"rotation":0,"texture":"#e9221072-be7e-81ba-3e44-4cc4984b5b47","tintindex":0},"north":{"uv":[3.0,0.0,0.0,0.0],"rotation":0,"texture":"#e9221072-be7e-81ba-3e44-4cc4984b5b47","tintindex":0},"south":{"uv":[3.0,0.0,0.0,0.0],"rotation":0,"texture":"#e9221072-be7e-81ba-3e44-4cc4984b5b47","tintindex":0},"up":{"uv":[0.0,1.75,3.0,0.0],"rotation":0,"texture":"#e9221072-be7e-81ba-3e44-4cc4984b5b47","tintindex":0},"west":{"uv":[1.75,0.0,0.0,0.0],"rotation":0,"texture":"#e9221072-be7e-81ba-3e44-4cc4984b5b47","tintindex":0}}}],"display":{"head":{"translation":[0.0,-6.4,0.0],"rotation":[0.0,0.0,0.0],"scale":[3.8095,3.8095,3.8095]},"gui":{"translation":[0.0,0.0,0.0],"rotation":[35.0,225.0,0.0],"scale":[0.625,0.625,0.625]}}}