{"file_name":"rightleg","texture_size":[64,64],"textures":{"e9221072-be7e-81ba-3e44-4cc4984b5b47":"modelengine:entity/vulture2"},"elements":[{"name":"cube","from":[6.9968,6.2477903,7.2454643],"to":[8.8112,9.266991,9.059864],"rotation":{"angle":-22.5,"axis":"x","origin":[6.9968,6.8477907,8.455064]},"faces":{"down":{"uv":[5.5,7.25,6.25,8.0],"rotation":0,"texture":"#e9221072-be7e-81ba-3e44-4cc4984b5b47","tintindex":0},"east":{"uv":[2.75,6.5,3.5,7.75],"rotation":0,"texture":"#e9221072-be7e-81ba-3e44-4cc4984b5b47","tintindex":0},"north":{"uv":[2.0,6.5,2.75,7.75],"rotation":0,"texture":"#e9221072-be7e-81ba-3e44-4cc4984b5b47","tintindex":0},"south":{"uv":[3.5,6.5,4.25,7.75],"rotation":0,"texture":"#e9221072-be7e-81ba-3e44-4cc4984b5b47","tintindex":0},"up":{"uv":[5.5,8.0,4.75,7.25],"rotation":0,"texture":"#e9221072-be7e-81ba-3e44-4cc4984b5b47","tintindex":0},"west":{"uv":[6.5,3.5,7.25,4.75],"rotation":0,"texture":"#e9221072-be7e-81ba-3e44-4cc4984b5b47","tintindex":0}}},{"name":"cube","from":[7.5992002,4.7381907,8.307464],"to":[8.204,5.94779,8.912264],"rotation":{"angle":-22.5,"axis":"x","origin":[7.2968,5.3381906,8.005064]},"faces":{"down":{"uv":[8.0,7.75,8.25,8.0],"rotation":0,"texture":"#e9221072-be7e-81ba-3e44-4cc4984b5b47","tintindex":0},"east":{"uv":[6.5,8.0,6.75,8.5],"rotation":0,"texture":"#e9221072-be7e-81ba-3e44-4cc4984b5b47","tintindex":0},"north":{"uv":[6.25,8.0,6.5,8.5],"rotation":0,"texture":"#e9221072-be7e-81ba-3e44-4cc4984b5b47","tintindex":0},"south":{"uv":[6.75,8.0,7.0,8.5],"rotation":0,"texture":"#e9221072-be7e-81ba-3e44-4cc4984b5b47","tintindex":0},"up":{"uv":[7.75,8.25,7.5,8.0],"rotation":0,"texture":"#e9221072-be7e-81ba-3e44-4cc4984b5b47","tintindex":0},"west":{"uv":[7.0,8.0,7.25,8.5],"rotation":0,"texture":"#e9221072-be7e-81ba-3e44-4cc4984b5b47","tintindex":0}}},{"name":"cube","from":[7.5992002,3.806351,7.84457],"to":[8.204,5.6159515,8.449369],"rotation":{"angle":22.5,"axis":"x","origin":[7.2968,3.806351,7.54217]},"faces":{"down":{"uv":[0.0,8.25,0.25,8.5],"rotation":0,"texture":"#e9221072-be7e-81ba-3e44-4cc4984b5b47","tintindex":0},"east":{"uv":[3.5,7.75,3.75,8.5],"rotation":0,"texture":"#e9221072-be7e-81ba-3e44-4cc4984b5b47","tintindex":0},"north":{"uv":[1.75,6.75,2.0,7.5],"rotation":0,"texture":"#e9221072-be7e-81ba-3e44-4cc4984b5b47","tintindex":0},"south":{"uv":[3.75,7.75,4.0,8.5],"rotation":0,"texture":"#e9221072-be7e-81ba-3e44-4cc4984b5b47","tintindex":0},"up":{"uv":[8.25,8.25,8.0,8.0],"rotation":0,"texture":"#e9221072-be7e-81ba-3e44-4cc4984b5b47","tintindex":0},"west":{"uv":[4.0,7.75,4.25,8.5],"rotation":0,"texture":"#e9221072-be7e-81ba-3e44-4cc4984b5b47","tintindex":0}}},{"name":"cube","from":[6.9896,1.5000285,7.2139273],"to":[8.804,3.3144288,7.2139273],"rotation":{"angle":-45.0,"axis":"x","origin":[7.2968,2.4072287,7.821127]},"faces":{"down":{"uv":[7.5,5.75,8.25,6.5],"rotation":0,"texture":"#e9221072-be7e-81ba-3e44-4cc4984b5b47","tintindex":0},"east":{"uv":[7.0,7.25,7.75,8.0],"rotation":0,"texture":"#e9221072-be7e-81ba-3e44-4cc4984b5b47","tintindex":0},"north":{"uv":[6.25,7.25,7.0,8.0],"rotation":0,"texture":"#e9221072-be7e-81ba-3e44-4cc4984b5b47","tintindex":0},"south":{"uv":[6.25,7.25,7.0,8.0],"rotation":0,"texture":"#e9221072-be7e-81ba-3e44-4cc4984b5b47","tintindex":0},"up":{"uv":[8.25,5.75,7.5,5.0],"rotation":0,"texture":"#e9221072-be7e-81ba-3e44-4cc4984b5b47","tintindex":0},"west":{"uv":[0.75,7.5,1.5,8.25],"rotation":0,"texture":"#e9221072-be7e-81ba-3e44-4cc4984b5b47","tintindex":0}}},{"name":"cube","from":[6.9896,1.5000285,9.028327],"to":[8.804,3.3144288,9.028327],"rotation":{"angle":-45.0,"axis":"x","origin":[7.2968,2.4072287,7.821127]},"faces":{"down":{"uv":[7.5,5.75,8.25,6.5],"rotation":0,"texture":"#e9221072-be7e-81ba-3e44-4cc4984b5b47","tintindex":0},"east":{"uv":[7.0,7.25,7.75,8.0],"rotation":0,"texture":"#e9221072-be7e-81ba-3e44-4cc4984b5b47","tintindex":0},"north":{"uv":[7.5,0.0,8.25,0.75],"rotation":0,"texture":"#e9221072-be7e-81ba-3e44-4cc4984b5b47","tintindex":0},"south":{"uv":[7.5,0.0,8.25,0.75],"rotation":0,"texture":"#e9221072-be7e-81ba-3e44-4cc4984b5b47","tintindex":0},"up":{"uv":[8.25,5.75,7.5,5.0],"rotation":0,"texture":"#e9221072-be7e-81ba-3e44-4cc4984b5b47","tintindex":0},"west":{"uv":[0.75,7.5,1.5,8.25],"rotation":0,"texture":"#e9221072-be7e-81ba-3e44-4cc4984b5b47","tintindex":0}}},{"name":"cube","from":[6.9896,1.5000285,7.2283273],"to":[8.804,1.5000285,9.028327],"rotation":{"angle":-45.0,"axis":"x","origin":[7.2968,2.4072287,7.821127]},"faces":{"down":{"uv":[7.5,5.75,8.25,6.5],"rotation":0,"texture":"#e9221072-be7e-81ba-3e44-4cc4984b5b47","tintindex":0},"east":{"uv":[7.0,7.25,7.75,8.0],"rotation":0,"texture":"#e9221072-be7e-81ba-3e44-4cc4984b5b47","tintindex":0},"north":{"uv":[7.5,0.0,8.25,0.75],"rotation":0,"texture":"#e9221072-be7e-81ba-3e44-4cc4984b5b47","tintindex":0},"south":{"uv":[7.5,0.0,8.25,0.75],"rotation":0,"texture":"#e9221072-be7e-81ba-3e44-4cc4984b5b47","tintindex":0},"up":{"uv":[8.25,6.5,7.5,5.75],"rotation":0,"texture":"#e9221072-be7e-81ba-3e44-4cc4984b5b47","tintindex":0},"west":{"uv":[0.75,7.5,1.5,8.25],"rotation":0,"texture":"#e9221072-be7e-81ba-3e44-4cc4984b5b47","tintindex":0}}},{"name":"cube","from":[6.9896,3.3144288,7.2139273],"to":[8.804,3.3144288,9.028327],"rotation":{"angle":-45.0,"axis":"x","origin":[7.2968,2.4072287,7.821127]},"faces":{"down":{"uv":[7.5,5.0,8.25,5.75],"rotation":0,"texture":"#e9221072-be7e-81ba-3e44-4cc4984b5b47","tintindex":0},"east":{"uv":[7.0,7.25,7.75,8.0],"rotation":0,"texture":"#e9221072-be7e-81ba-3e44-4cc4984b5b47","tintindex":0},"north":{"uv":[6.25,7.25,7.0,8.0],"rotation":0,"texture":"#e9221072-be7e-81ba-3e44-4cc4984b5b47","tintindex":0},"south":{"uv":[7.5,0.0,8.25,0.75],"rotation":0,"texture":"#e9221072-be7e-81ba-3e44-4cc4984b5b47","tintindex":0},"up":{"uv":[8.25,5.75,7.5,5.0],"rotation":0,"texture":"#e9221072-be7e-81ba-3e44-4cc4984b5b47","tintindex":0},"west":{"uv":[0.75,7.5,1.5,8.25],"rotation":0,"texture":"#e9221072-be7e-81ba-3e44-4cc4984b5b47","tintindex":0}}}],"display":{"head":{"translation":[0.0,-6.4,0.0],"rotation":[0.0,0.0,0.0],"scale":[3.8095,3.8095,3.8095]},"gui":{"translation":[0.0,0.0,0.0],"rotation":[35.0,225.0,0.0],"scale":[0.625,0.625,0.625]}}}