{
	"credit": "Made with Blockbench",
	"texture_size": [64, 64],
	"textures": {
		"2": "modelengine:entity/undeadcrew5"
	},
	"elements": [
		{
			"from": [3.5, 7, 4],
			"to": [10.5, 9, 11],
			"rotation": {"angle": 0, "axis": "y", "origin": [7.08596, 6.125, 10.48726]},
			"faces": {
				"north": {"uv": [6.0005, 4.7505, 7.7505, 5.2505], "texture": "#2"},
				"east": {"uv": [8.75, 4, 10.25, 4.5], "texture": "#2"},
				"south": {"uv": [7.7505, 3.0005, 9.5005, 3.5005], "texture": "#2"},
				"west": {"uv": [1.75, 9, 3.25, 9.5], "texture": "#2"},
				"up": {"uv": [7.75, 7.75, 9.5, 9.25], "texture": "#2"},
				"down": {"uv": [7.75, 7.75, 9.5, 9.25], "texture": "#2"}
			}
		},
		{
			"from": [6.78394, 3, 10.91036],
			"to": [6.78394, 11, 17.91036],
			"rotation": {"angle": -45, "axis": "y", "origin": [7.08596, 6.125, 10.48726]},
			"faces": {
				"north": {"uv": [0, 0.00156, 0, 2.00156], "texture": "#2"},
				"east": {"uv": [6.00156, 6.00156, 7.75156, 8.00156], "texture": "#2"},
				"south": {"uv": [0, 0.00156, 0, 2.00156], "texture": "#2"},
				"west": {"uv": [7.75, 6, 6, 8], "texture": "#2"},
				"up": {"uv": [0, 1.74844, 0, 3.49844], "texture": "#2"},
				"down": {"uv": [0, 0.00156, 0, 1.75156], "texture": "#2"}
			}
		},
		{
			"from": [7.50906, 3, 10.78829],
			"to": [7.50906, 11, 17.78829],
			"rotation": {"angle": 45, "axis": "y", "origin": [7.08596, 6.125, 10.48726]},
			"faces": {
				"north": {"uv": [0.0005, 0.0005, 0.0005, 2.0005], "texture": "#2"},
				"east": {"uv": [6.0005, 6.0005, 7.7505, 8.0005], "texture": "#2"},
				"south": {"uv": [0.0005, 0.0005, 0.0005, 2.0005], "texture": "#2"},
				"west": {"uv": [7.75, 6, 6, 8], "texture": "#2"},
				"up": {"uv": [0.0005, 1.7495, 0.0005, 3.4995], "texture": "#2"},
				"down": {"uv": [0.0005, 0.0005, 0.0005, 1.7505], "texture": "#2"}
			}
		}
	],
	"display": {
		"thirdperson_righthand": {
			"rotation": [14, 131, -8],
			"translation": [0, 1, 0],
			"scale": [0.75, 0.75, 0.75]
		},
		"thirdperson_lefthand": {
			"rotation": [14, 131, -8],
			"translation": [0, 1, 0],
			"scale": [0.75, 0.75, 0.75]
		},
		"firstperson_righthand": {
			"rotation": [14, 131, -8],
			"translation": [0, 1, 0],
			"scale": [0.75, 0.75, 0.75]
		},
		"firstperson_lefthand": {
			"rotation": [14, 131, -8],
			"translation": [0, 1, 0],
			"scale": [0.75, 0.75, 0.75]
		},
		"ground": {
			"rotation": [-36, 0, -39],
			"translation": [0, 2, 0],
			"scale": [0.75, 0.75, 0.75]
		},
		"gui": {
			"rotation": [25, 158, 25],
			"translation": [-2.5, -0.5, 0],
			"scale": [1.25, 1.25, 1.25]
		},
		"head": {
			"translation": [2.25, 6, 1],
			"scale": [2.25, 2.25, 2.25]
		},
		"fixed": {
			"rotation": [-90, 0, 0],
			"translation": [0, 0, -1.25]
		}
	}
}