{"file_name":"leftleg1","texture_size":[64,64],"textures":{"8b93bd85-dad3-a6f1-8613-0dc64a209bab":"modelengine:entity/dragonfly2"},"elements":[{"name":"cube","from":[2.0680234,3.1645231,7.566649],"to":[2.7280238,6.4645233,8.226649],"rotation":{"angle":-45.0,"axis":"z","origin":[6.9073687,0.45506334,9.301216]},"faces":{"down":{"uv":[1.5005,1.0005,1.7495,1.2495],"rotation":0,"texture":"#8b93bd85-dad3-a6f1-8613-0dc64a209bab","tintindex":0},"east":{"uv":[1.0005,1.2505,1.2495,2.4995],"rotation":0,"texture":"#8b93bd85-dad3-a6f1-8613-0dc64a209bab","tintindex":0},"north":{"uv":[1.2505,1.2505,1.4995,2.4995],"rotation":0,"texture":"#8b93bd85-dad3-a6f1-8613-0dc64a209bab","tintindex":0},"south":{"uv":[1.7505,1.2505,1.9995,2.4995],"rotation":0,"texture":"#8b93bd85-dad3-a6f1-8613-0dc64a209bab","tintindex":0},"up":{"uv":[1.4995,1.2495,1.2505,1.0005],"rotation":0,"texture":"#8b93bd85-dad3-a6f1-8613-0dc64a209bab","tintindex":0},"west":{"uv":[1.5005,1.2505,1.7495,2.4995],"rotation":0,"texture":"#8b93bd85-dad3-a6f1-8613-0dc64a209bab","tintindex":0}}},{"name":"cube","from":[8.974337,2.8112743,7.566649],"to":[9.634336,6.771274,8.226649],"rotation":{"angle":22.5,"axis":"z","origin":[9.6472,-2.699329,9.301216]},"faces":{"down":{"uv":[0.5005,1.0005,0.7495,1.2495],"rotation":0,"texture":"#8b93bd85-dad3-a6f1-8613-0dc64a209bab","tintindex":0},"east":{"uv":[5.0E-4,1.2505,0.2495,2.7495],"rotation":0,"texture":"#8b93bd85-dad3-a6f1-8613-0dc64a209bab","tintindex":0},"north":{"uv":[0.2505,1.2505,0.4995,2.7495],"rotation":0,"texture":"#8b93bd85-dad3-a6f1-8613-0dc64a209bab","tintindex":0},"south":{"uv":[0.7505,1.2505,0.9995,2.7495],"rotation":0,"texture":"#8b93bd85-dad3-a6f1-8613-0dc64a209bab","tintindex":0},"up":{"uv":[0.4995,1.2495,0.2505,1.0005],"rotation":0,"texture":"#8b93bd85-dad3-a6f1-8613-0dc64a209bab","tintindex":0},"west":{"uv":[0.5005,1.2505,0.7495,2.7495],"rotation":0,"texture":"#8b93bd85-dad3-a6f1-8613-0dc64a209bab","tintindex":0}}},{"name":"cube","from":[6.7528105,0.77964234,7.565989],"to":[8.072811,3.4196422,7.565989],"rotation":{"angle":22.5,"axis":"z","origin":[10.065672,3.1890392,11.280557]},"faces":{"down":{"uv":[2.5005,2.0005,2.9995,2.0005],"rotation":0,"texture":"#8b93bd85-dad3-a6f1-8613-0dc64a209bab","tintindex":0},"east":{"uv":[2.0005,2.0005,2.0005,2.9995],"rotation":0,"texture":"#8b93bd85-dad3-a6f1-8613-0dc64a209bab","tintindex":0},"north":{"uv":[2.0005,2.0005,2.4995,2.9995],"rotation":0,"texture":"#8b93bd85-dad3-a6f1-8613-0dc64a209bab","tintindex":0},"south":{"uv":[2.5005,2.0005,2.9995,2.9995],"rotation":0,"texture":"#8b93bd85-dad3-a6f1-8613-0dc64a209bab","tintindex":0},"up":{"uv":[2.4995,2.0005,2.0005,2.0005],"rotation":0,"texture":"#8b93bd85-dad3-a6f1-8613-0dc64a209bab","tintindex":0},"west":{"uv":[2.5005,2.0005,2.5005,2.9995],"rotation":0,"texture":"#8b93bd85-dad3-a6f1-8613-0dc64a209bab","tintindex":0}}}],"display":{"head":{"translation":[0.0,-6.4,0.0],"rotation":[0.0,0.0,0.0],"scale":[3.8095,3.8095,3.8095]},"gui":{"translation":[0.0,0.0,0.0],"rotation":[35.0,225.0,0.0],"scale":[0.625,0.625,0.625]}}}