{"file_name":"leftwing","texture_size":[64,64],"textures":{"8b93bd85-dad3-a6f1-8613-0dc64a209bab":"modelengine:entity/dragonfly2"},"elements":[{"name":"cube","from":[-2.7869987,8.084521,5.9839997],"to":[7.2930017,8.084521,9.584],"rotation":{"angle":0.0,"axis":"x","origin":[7.875529,4.2215495,5.9839997]},"faces":{"down":{"uv":[8.0005,1.2505,11.4995,2.4995],"rotation":0,"texture":"#8b93bd85-dad3-a6f1-8613-0dc64a209bab","tintindex":0},"east":{"uv":[3.2505,2.5005,4.4995,2.5005],"rotation":0,"texture":"#8b93bd85-dad3-a6f1-8613-0dc64a209bab","tintindex":0},"north":{"uv":[4.5005,2.5005,7.9995,2.5005],"rotation":0,"texture":"#8b93bd85-dad3-a6f1-8613-0dc64a209bab","tintindex":0},"south":{"uv":[9.2505,2.5005,12.7495,2.5005],"rotation":0,"texture":"#8b93bd85-dad3-a6f1-8613-0dc64a209bab","tintindex":0},"up":{"uv":[7.9995,2.4995,4.5005,1.2505],"rotation":0,"texture":"#8b93bd85-dad3-a6f1-8613-0dc64a209bab","tintindex":0},"west":{"uv":[8.0005,2.5005,9.2495,2.5005],"rotation":0,"texture":"#8b93bd85-dad3-a6f1-8613-0dc64a209bab","tintindex":0}}},{"name":"cube","from":[-1.4608288,8.44703,6.821598],"to":[8.619171,8.44703,10.421598],"rotation":{"angle":45.0,"axis":"y","origin":[7.875529,4.0055494,9.440001]},"faces":{"down":{"uv":[8.0005,5.0E-4,11.4995,1.2495],"rotation":0,"texture":"#8b93bd85-dad3-a6f1-8613-0dc64a209bab","tintindex":0},"east":{"uv":[3.2505,1.2505,4.4995,1.2505],"rotation":0,"texture":"#8b93bd85-dad3-a6f1-8613-0dc64a209bab","tintindex":0},"north":{"uv":[4.5005,1.2505,7.9995,1.2505],"rotation":0,"texture":"#8b93bd85-dad3-a6f1-8613-0dc64a209bab","tintindex":0},"south":{"uv":[9.2505,1.2505,12.7495,1.2505],"rotation":0,"texture":"#8b93bd85-dad3-a6f1-8613-0dc64a209bab","tintindex":0},"up":{"uv":[7.9995,1.2495,4.5005,5.0E-4],"rotation":0,"texture":"#8b93bd85-dad3-a6f1-8613-0dc64a209bab","tintindex":0},"west":{"uv":[8.0005,1.2505,9.2495,1.2505],"rotation":0,"texture":"#8b93bd85-dad3-a6f1-8613-0dc64a209bab","tintindex":0}}}],"display":{"head":{"translation":[0.0,-6.4,0.0],"rotation":[0.0,0.0,0.0],"scale":[3.8095,3.8095,3.8095]},"gui":{"translation":[0.0,0.0,0.0],"rotation":[35.0,225.0,0.0],"scale":[0.625,0.625,0.625]}}}