{"file_name":"jaw","texture_size":[64,64],"textures":{"8681d96a-121e-8a4f-8b33-05a19d8db577":"modelengine:entity/rotter","9c857d3b-45b1-98c3-21c1-9677f7a00307":"modelengine:entity/rotterhook2"},"elements":[{"name":"cube","from":[5.0,6.05,4.3999996],"to":[11.0,8.45,6.2],"rotation":{"angle":0.0,"axis":"x","origin":[7.7,-14.950002,7.4]},"faces":{"down":{"uv":[12.375,0.0,11.125,0.375],"rotation":0,"texture":"#8681d96a-121e-8a4f-8b33-05a19d8db577","tintindex":0},"east":{"uv":[9.0,9.625,9.375,10.125],"rotation":0,"texture":"#8681d96a-121e-8a4f-8b33-05a19d8db577","tintindex":0},"north":{"uv":[10.5,5.875,11.75,6.375],"rotation":0,"texture":"#8681d96a-121e-8a4f-8b33-05a19d8db577","tintindex":0},"south":{"uv":[10.625,1.75,11.875,2.25],"rotation":0,"texture":"#8681d96a-121e-8a4f-8b33-05a19d8db577","tintindex":0},"up":{"uv":[12.25,10.875,11.0,10.5],"rotation":0,"texture":"#8681d96a-121e-8a4f-8b33-05a19d8db577","tintindex":0},"west":{"uv":[10.125,7.0,10.5,7.5],"rotation":0,"texture":"#8681d96a-121e-8a4f-8b33-05a19d8db577","tintindex":0}}},{"name":"cube","from":[5.0,6.05,6.2],"to":[11.0,9.05,8.0],"rotation":{"angle":0.0,"axis":"x","origin":[7.7,-14.950002,7.4]},"faces":{"down":{"uv":[5.5,11.125,4.25,11.5],"rotation":0,"texture":"#8681d96a-121e-8a4f-8b33-05a19d8db577","tintindex":0},"east":{"uv":[3.75,11.25,4.125,11.875],"rotation":0,"texture":"#8681d96a-121e-8a4f-8b33-05a19d8db577","tintindex":0},"north":{"uv":[0.875,9.375,2.125,10.0],"rotation":0,"texture":"#8681d96a-121e-8a4f-8b33-05a19d8db577","tintindex":0},"south":{"uv":[9.375,8.625,10.625,9.25],"rotation":0,"texture":"#8681d96a-121e-8a4f-8b33-05a19d8db577","tintindex":0},"up":{"uv":[12.375,0.75,11.125,0.375],"rotation":0,"texture":"#8681d96a-121e-8a4f-8b33-05a19d8db577","tintindex":0},"west":{"uv":[11.25,9.125,11.625,9.75],"rotation":0,"texture":"#8681d96a-121e-8a4f-8b33-05a19d8db577","tintindex":0}}}],"display":{"head":{"translation":[0.0,-6.4,0.0],"rotation":[0.0,0.0,0.0],"scale":[3.8095,3.8095,3.8095]},"gui":{"translation":[0.0,0.0,0.0],"rotation":[35.0,225.0,0.0],"scale":[0.625,0.625,0.625]}}}