{"file_name":"leftarm","texture_size":[64,64],"textures":{"8681d96a-121e-8a4f-8b33-05a19d8db577":"modelengine:entity/rotter","9c857d3b-45b1-98c3-21c1-9677f7a00307":"modelengine:entity/rotterhook2"},"elements":[{"name":"cube","from":[4.7,1.9999986,5.6],"to":[8.3,4.9999986,10.4],"rotation":{"angle":0.0,"axis":"x","origin":[11.6,6.7999988,9.2]},"faces":{"down":{"uv":[10.625,1.75,9.875,2.75],"rotation":0,"texture":"#8681d96a-121e-8a4f-8b33-05a19d8db577","tintindex":0},"east":{"uv":[10.25,9.25,11.25,9.875],"rotation":0,"texture":"#8681d96a-121e-8a4f-8b33-05a19d8db577","tintindex":0},"north":{"uv":[10.875,3.375,11.625,4.0],"rotation":0,"texture":"#8681d96a-121e-8a4f-8b33-05a19d8db577","tintindex":0},"south":{"uv":[10.875,4.0,11.625,4.625],"rotation":0,"texture":"#8681d96a-121e-8a4f-8b33-05a19d8db577","tintindex":0},"up":{"uv":[3.75,10.75,3.0,9.75],"rotation":0,"texture":"#8681d96a-121e-8a4f-8b33-05a19d8db577","tintindex":0},"west":{"uv":[5.875,10.375,6.875,11.0],"rotation":0,"texture":"#8681d96a-121e-8a4f-8b33-05a19d8db577","tintindex":0}}},{"name":"cube","from":[4.1,4.9999986,5.6],"to":[8.3,10.4,11.6],"rotation":{"angle":0.0,"axis":"x","origin":[11.6,6.7999988,9.2]},"faces":{"down":{"uv":[5.875,8.375,5.0,9.625],"rotation":0,"texture":"#8681d96a-121e-8a4f-8b33-05a19d8db577","tintindex":0},"east":{"uv":[1.25,7.125,2.5,8.25],"rotation":0,"texture":"#8681d96a-121e-8a4f-8b33-05a19d8db577","tintindex":0},"north":{"uv":[9.0,2.25,9.875,3.375],"rotation":0,"texture":"#8681d96a-121e-8a4f-8b33-05a19d8db577","tintindex":0},"south":{"uv":[9.0,3.375,9.875,4.5],"rotation":0,"texture":"#8681d96a-121e-8a4f-8b33-05a19d8db577","tintindex":0},"up":{"uv":[9.25,2.25,8.375,1.0],"rotation":0,"texture":"#8681d96a-121e-8a4f-8b33-05a19d8db577","tintindex":0},"west":{"uv":[7.125,5.5,8.375,6.625],"rotation":0,"texture":"#8681d96a-121e-8a4f-8b33-05a19d8db577","tintindex":0}}},{"name":"cube","from":[-0.10000038,4.9999986,6.2],"to":[4.7,10.4,11.0],"rotation":{"angle":22.5,"axis":"z","origin":[0.49999976,7.7,8.6]},"faces":{"down":{"uv":[4.25,8.75,3.25,9.75],"rotation":0,"texture":"#8681d96a-121e-8a4f-8b33-05a19d8db577","tintindex":0},"east":{"uv":[8.0,3.5,9.0,4.625],"rotation":0,"texture":"#8681d96a-121e-8a4f-8b33-05a19d8db577","tintindex":0},"north":{"uv":[4.0,7.625,5.0,8.75],"rotation":0,"texture":"#8681d96a-121e-8a4f-8b33-05a19d8db577","tintindex":0},"south":{"uv":[6.25,8.0,7.25,9.125],"rotation":0,"texture":"#8681d96a-121e-8a4f-8b33-05a19d8db577","tintindex":0},"up":{"uv":[9.375,9.625,8.375,8.625],"rotation":0,"texture":"#8681d96a-121e-8a4f-8b33-05a19d8db577","tintindex":0},"west":{"uv":[1.25,8.25,2.25,9.375],"rotation":0,"texture":"#8681d96a-121e-8a4f-8b33-05a19d8db577","tintindex":0}}},{"name":"cube","from":[-1.9000006,4.9999986,6.2],"to":[-0.10000038,8.6,11.0],"rotation":{"angle":22.5,"axis":"z","origin":[0.49999976,7.7,8.6]},"faces":{"down":{"uv":[8.0,11.0,7.625,12.0],"rotation":0,"texture":"#8681d96a-121e-8a4f-8b33-05a19d8db577","tintindex":0},"east":{"uv":[9.875,2.75,10.875,3.5],"rotation":0,"texture":"#8681d96a-121e-8a4f-8b33-05a19d8db577","tintindex":0},"north":{"uv":[5.875,8.375,6.25,9.125],"rotation":0,"texture":"#8681d96a-121e-8a4f-8b33-05a19d8db577","tintindex":0},"south":{"uv":[3.375,11.25,3.75,12.0],"rotation":0,"texture":"#8681d96a-121e-8a4f-8b33-05a19d8db577","tintindex":0},"up":{"uv":[7.875,4.5,7.5,3.5],"rotation":0,"texture":"#8681d96a-121e-8a4f-8b33-05a19d8db577","tintindex":0},"west":{"uv":[9.875,3.5,10.875,4.25],"rotation":0,"texture":"#8681d96a-121e-8a4f-8b33-05a19d8db577","tintindex":0}}},{"name":"cube","from":[2.2999997,5.5999985,4.3999996],"to":[4.7,12.8,12.8],"rotation":{"angle":0.0,"axis":"x","origin":[11.6,6.7999988,9.2]},"faces":{"down":{"uv":[8.125,9.25,7.625,11.0],"rotation":0,"texture":"#8681d96a-121e-8a4f-8b33-05a19d8db577","tintindex":0},"east":{"uv":[4.875,0.0,6.625,1.5],"rotation":0,"texture":"#8681d96a-121e-8a4f-8b33-05a19d8db577","tintindex":0},"north":{"uv":[3.75,9.75,4.25,11.25],"rotation":0,"texture":"#8681d96a-121e-8a4f-8b33-05a19d8db577","tintindex":0},"south":{"uv":[0.875,10.0,1.375,11.5],"rotation":0,"texture":"#8681d96a-121e-8a4f-8b33-05a19d8db577","tintindex":0},"up":{"uv":[4.75,10.5,4.25,8.75],"rotation":0,"texture":"#8681d96a-121e-8a4f-8b33-05a19d8db577","tintindex":0},"west":{"uv":[4.875,1.5,6.625,3.0],"rotation":0,"texture":"#8681d96a-121e-8a4f-8b33-05a19d8db577","tintindex":0}}}],"display":{"head":{"translation":[0.0,-6.4,0.0],"rotation":[0.0,0.0,0.0],"scale":[3.8095,3.8095,3.8095]},"gui":{"translation":[0.0,0.0,0.0],"rotation":[35.0,225.0,0.0],"scale":[0.625,0.625,0.625]}}}