{"file_name":"leftforearm","texture_size":[64,64],"textures":{"8681d96a-121e-8a4f-8b33-05a19d8db577":"modelengine:entity/rotter","9c857d3b-45b1-98c3-21c1-9677f7a00307":"modelengine:entity/rotterhook2"},"elements":[{"name":"cube","from":[6.1399994,2.6000004,3.7999997],"to":[10.34,8.0,8.6],"rotation":{"angle":0.0,"axis":"x","origin":[13.400001,12.8,8.0]},"faces":{"down":{"uv":[10.25,0.0,9.375,1.0],"rotation":0,"texture":"#8681d96a-121e-8a4f-8b33-05a19d8db577","tintindex":0},"east":{"uv":[2.25,8.25,3.25,9.375],"rotation":0,"texture":"#8681d96a-121e-8a4f-8b33-05a19d8db577","tintindex":0},"north":{"uv":[5.875,9.125,6.75,10.25],"rotation":0,"texture":"#8681d96a-121e-8a4f-8b33-05a19d8db577","tintindex":0},"south":{"uv":[0.0,9.25,0.875,10.375],"rotation":0,"texture":"#8681d96a-121e-8a4f-8b33-05a19d8db577","tintindex":0},"up":{"uv":[10.125,5.5,9.25,4.5],"rotation":0,"texture":"#8681d96a-121e-8a4f-8b33-05a19d8db577","tintindex":0},"west":{"uv":[8.25,6.625,9.25,7.75],"rotation":0,"texture":"#8681d96a-121e-8a4f-8b33-05a19d8db577","tintindex":0}}}],"display":{"head":{"translation":[0.0,-6.4,0.0],"rotation":[0.0,0.0,0.0],"scale":[3.8095,3.8095,3.8095]},"gui":{"translation":[0.0,0.0,0.0],"rotation":[35.0,225.0,0.0],"scale":[0.625,0.625,0.625]}}}