{"file_name":"righthand","texture_size":[64,64],"textures":{"8681d96a-121e-8a4f-8b33-05a19d8db577":"modelengine:entity/rotter","9c857d3b-45b1-98c3-21c1-9677f7a00307":"modelengine:entity/rotterhook2"},"elements":[{"name":"cube","from":[4.46,6.2,5.6],"to":[6.26,8.0,8.6],"rotation":{"angle":0.0,"axis":"x","origin":[1.3999997,18.2,9.8]},"faces":{"down":{"uv":[5.25,10.5,5.625,11.125],"rotation":0,"texture":"#8681d96a-121e-8a4f-8b33-05a19d8db577","tintindex":0},"east":{"uv":[3.875,8.25,3.25,8.625],"rotation":0,"texture":"#8681d96a-121e-8a4f-8b33-05a19d8db577","tintindex":0},"north":{"uv":[2.75,10.25,2.375,10.625],"rotation":0,"texture":"#8681d96a-121e-8a4f-8b33-05a19d8db577","tintindex":0},"south":{"uv":[11.625,10.875,11.25,11.25],"rotation":0,"texture":"#8681d96a-121e-8a4f-8b33-05a19d8db577","tintindex":0},"up":{"uv":[5.25,6.75,5.625,6.125],"rotation":0,"texture":"#8681d96a-121e-8a4f-8b33-05a19d8db577","tintindex":0},"west":{"uv":[7.25,2.625,6.625,3.0],"rotation":0,"texture":"#8681d96a-121e-8a4f-8b33-05a19d8db577","tintindex":0}}},{"name":"cube","from":[5.06,4.3999996,6.2],"to":[8.06,8.0,9.8],"rotation":{"angle":0.0,"axis":"x","origin":[1.3999997,18.2,9.8]},"faces":{"down":{"uv":[5.875,11.0,6.5,11.75],"rotation":0,"texture":"#8681d96a-121e-8a4f-8b33-05a19d8db577","tintindex":0},"east":{"uv":[7.625,10.375,6.875,11.125],"rotation":0,"texture":"#8681d96a-121e-8a4f-8b33-05a19d8db577","tintindex":0},"north":{"uv":[10.625,10.875,10.0,11.625],"rotation":0,"texture":"#8681d96a-121e-8a4f-8b33-05a19d8db577","tintindex":0},"south":{"uv":[11.25,10.875,10.625,11.625],"rotation":0,"texture":"#8681d96a-121e-8a4f-8b33-05a19d8db577","tintindex":0},"up":{"uv":[1.375,11.75,2.0,11.0],"rotation":0,"texture":"#8681d96a-121e-8a4f-8b33-05a19d8db577","tintindex":0},"west":{"uv":[0.75,10.375,0.0,11.125],"rotation":0,"texture":"#8681d96a-121e-8a4f-8b33-05a19d8db577","tintindex":0}}},{"name":"cube","from":[5.66,5.6,0.7999997],"to":[6.86,7.4,13.400001],"rotation":{"angle":0.0,"axis":"x","origin":[1.3999997,18.2,9.8]},"faces":{"down":{"uv":[6.0,1.5,5.5,6.75],"rotation":0,"texture":"#9c857d3b-45b1-98c3-21c1-9677f7a00307","tintindex":0},"east":{"uv":[5.0,0.0,10.25,0.75],"rotation":0,"texture":"#9c857d3b-45b1-98c3-21c1-9677f7a00307","tintindex":0},"north":{"uv":[8.5,3.0,9.0,3.75],"rotation":0,"texture":"#9c857d3b-45b1-98c3-21c1-9677f7a00307","tintindex":0},"south":{"uv":[8.5,3.75,9.0,4.5],"rotation":0,"texture":"#9c857d3b-45b1-98c3-21c1-9677f7a00307","tintindex":0},"up":{"uv":[5.5,6.75,5.0,1.5],"rotation":0,"texture":"#9c857d3b-45b1-98c3-21c1-9677f7a00307","tintindex":0},"west":{"uv":[5.0,0.75,10.25,1.5],"rotation":0,"texture":"#9c857d3b-45b1-98c3-21c1-9677f7a00307","tintindex":0}}},{"name":"cube","from":[5.672621,9.791169,-4.518377],"to":[6.8726206,11.591169,3.2816231],"rotation":{"angle":45.0,"axis":"x","origin":[6.26,10.69117,-3.0183768]},"faces":{"down":{"uv":[6.5,6.25,6.0,9.5],"rotation":0,"texture":"#9c857d3b-45b1-98c3-21c1-9677f7a00307","tintindex":0},"east":{"uv":[6.0,1.5,9.25,2.25],"rotation":0,"texture":"#9c857d3b-45b1-98c3-21c1-9677f7a00307","tintindex":0},"north":{"uv":[8.5,4.5,9.0,5.25],"rotation":0,"texture":"#9c857d3b-45b1-98c3-21c1-9677f7a00307","tintindex":0},"south":{"uv":[8.5,5.25,9.0,6.0],"rotation":0,"texture":"#9c857d3b-45b1-98c3-21c1-9677f7a00307","tintindex":0},"up":{"uv":[6.5,6.25,6.0,3.0],"rotation":0,"texture":"#9c857d3b-45b1-98c3-21c1-9677f7a00307","tintindex":0},"west":{"uv":[6.0,2.25,9.25,3.0],"rotation":0,"texture":"#9c857d3b-45b1-98c3-21c1-9677f7a00307","tintindex":0}}},{"name":"cube","from":[5.66,10.588224,-8.242641],"to":[6.86,12.388226,-3.4426413],"rotation":{"angle":0.0,"axis":"x","origin":[6.26,11.488225,-9.742641]},"faces":{"down":{"uv":[8.25,7.5,7.75,9.5],"rotation":0,"texture":"#9c857d3b-45b1-98c3-21c1-9677f7a00307","tintindex":0},"east":{"uv":[6.5,3.0,8.5,3.75],"rotation":0,"texture":"#9c857d3b-45b1-98c3-21c1-9677f7a00307","tintindex":0},"north":{"uv":[8.5,6.0,9.0,6.75],"rotation":0,"texture":"#9c857d3b-45b1-98c3-21c1-9677f7a00307","tintindex":0},"south":{"uv":[8.5,6.75,9.0,7.5],"rotation":0,"texture":"#9c857d3b-45b1-98c3-21c1-9677f7a00307","tintindex":0},"up":{"uv":[7.75,9.5,7.25,7.5],"rotation":0,"texture":"#9c857d3b-45b1-98c3-21c1-9677f7a00307","tintindex":0},"west":{"uv":[6.5,3.75,8.5,4.5],"rotation":0,"texture":"#9c857d3b-45b1-98c3-21c1-9677f7a00307","tintindex":0}}},{"name":"cube","from":[5.72,6.3970566,-10.561018],"to":[6.92,8.197056,-5.761018],"rotation":{"angle":-45.0,"axis":"x","origin":[6.26,7.297056,-12.061018]},"faces":{"down":{"uv":[6.0,8.25,5.5,10.25],"rotation":0,"texture":"#9c857d3b-45b1-98c3-21c1-9677f7a00307","tintindex":0},"east":{"uv":[6.5,4.5,8.5,5.25],"rotation":0,"texture":"#9c857d3b-45b1-98c3-21c1-9677f7a00307","tintindex":0},"north":{"uv":[8.75,7.5,9.25,8.25],"rotation":0,"texture":"#9c857d3b-45b1-98c3-21c1-9677f7a00307","tintindex":0},"south":{"uv":[8.75,8.25,9.25,9.0],"rotation":0,"texture":"#9c857d3b-45b1-98c3-21c1-9677f7a00307","tintindex":0},"up":{"uv":[5.5,10.25,5.0,8.25],"rotation":0,"texture":"#9c857d3b-45b1-98c3-21c1-9677f7a00307","tintindex":0},"west":{"uv":[6.5,5.25,8.5,6.0],"rotation":0,"texture":"#9c857d3b-45b1-98c3-21c1-9677f7a00307","tintindex":0}}},{"name":"cube","from":[5.732621,5.394112,-11.636753],"to":[6.932621,8.994112,-9.836754],"rotation":{"angle":0.0,"axis":"x","origin":[6.26,10.494112,-10.736754]},"faces":{"down":{"uv":[9.5,3.75,9.0,4.5],"rotation":0,"texture":"#9c857d3b-45b1-98c3-21c1-9677f7a00307","tintindex":0},"east":{"uv":[6.5,6.0,7.25,7.5],"rotation":0,"texture":"#9c857d3b-45b1-98c3-21c1-9677f7a00307","tintindex":0},"north":{"uv":[8.0,6.0,8.5,7.5],"rotation":0,"texture":"#9c857d3b-45b1-98c3-21c1-9677f7a00307","tintindex":0},"south":{"uv":[8.25,7.5,8.75,9.0],"rotation":0,"texture":"#9c857d3b-45b1-98c3-21c1-9677f7a00307","tintindex":0},"up":{"uv":[9.5,3.75,9.0,3.0],"rotation":0,"texture":"#9c857d3b-45b1-98c3-21c1-9677f7a00307","tintindex":0},"west":{"uv":[5.0,6.75,5.75,8.25],"rotation":0,"texture":"#9c857d3b-45b1-98c3-21c1-9677f7a00307","tintindex":0}}},{"name":"cube","from":[5.96,1.9911684,-12.961019],"to":[6.5600004,5.5911684,-11.161017],"rotation":{"angle":-45.0,"axis":"x","origin":[6.26,7.0911684,-12.061018]},"faces":{"down":{"uv":[6.75,9.0,6.5,9.75],"rotation":0,"texture":"#9c857d3b-45b1-98c3-21c1-9677f7a00307","tintindex":0},"east":{"uv":[7.25,6.0,8.0,7.5],"rotation":0,"texture":"#9c857d3b-45b1-98c3-21c1-9677f7a00307","tintindex":0},"north":{"uv":[5.75,6.75,6.0,8.25],"rotation":0,"texture":"#9c857d3b-45b1-98c3-21c1-9677f7a00307","tintindex":0},"south":{"uv":[9.0,4.5,9.25,6.0],"rotation":0,"texture":"#9c857d3b-45b1-98c3-21c1-9677f7a00307","tintindex":0},"up":{"uv":[9.25,6.75,9.0,6.0],"rotation":0,"texture":"#9c857d3b-45b1-98c3-21c1-9677f7a00307","tintindex":0},"west":{"uv":[6.5,7.5,7.25,9.0],"rotation":0,"texture":"#9c857d3b-45b1-98c3-21c1-9677f7a00307","tintindex":0}}},{"name":"cube","from":[6.26,0.7999997,-11.200001],"to":[6.26,12.799999,0.7999997],"rotation":{"angle":0.0,"axis":"x","origin":[1.3999997,18.2,9.8]},"faces":{"down":{"uv":[0.0,0.0,0.0,5.0],"rotation":0,"texture":"#9c857d3b-45b1-98c3-21c1-9677f7a00307","tintindex":0},"east":{"uv":[0.0,0.0,5.0,5.0],"rotation":0,"texture":"#9c857d3b-45b1-98c3-21c1-9677f7a00307","tintindex":0},"north":{"uv":[0.0,0.0,0.0,5.0],"rotation":0,"texture":"#9c857d3b-45b1-98c3-21c1-9677f7a00307","tintindex":0},"south":{"uv":[0.0,0.0,0.0,5.0],"rotation":0,"texture":"#9c857d3b-45b1-98c3-21c1-9677f7a00307","tintindex":0},"up":{"uv":[0.0,5.0,0.0,0.0],"rotation":0,"texture":"#9c857d3b-45b1-98c3-21c1-9677f7a00307","tintindex":0},"west":{"uv":[5.0,0.0,0.0,5.0],"rotation":0,"texture":"#9c857d3b-45b1-98c3-21c1-9677f7a00307","tintindex":0}}}],"display":{"head":{"translation":[0.0,-6.4,0.0],"rotation":[0.0,0.0,0.0],"scale":[3.8095,3.8095,3.8095]},"gui":{"translation":[0.0,0.0,0.0],"rotation":[35.0,225.0,0.0],"scale":[0.625,0.625,0.625]}}}