{"file_name":"rightfoot","texture_size":[64,64],"textures":{"8681d96a-121e-8a4f-8b33-05a19d8db577":"modelengine:entity/rotter","9c857d3b-45b1-98c3-21c1-9677f7a00307":"modelengine:entity/rotterhook2"},"elements":[{"name":"cube","from":[6.5,-1.000001,7.4],"to":[9.5,2.5999992,11.6],"rotation":{"angle":0.0,"axis":"x","origin":[6.5,20.0,14.0]},"faces":{"down":{"uv":[8.75,10.75,9.375,11.625],"rotation":0,"texture":"#8681d96a-121e-8a4f-8b33-05a19d8db577","tintindex":0},"east":{"uv":[11.125,0.0,10.25,0.75],"rotation":0,"texture":"#8681d96a-121e-8a4f-8b33-05a19d8db577","tintindex":0},"north":{"uv":[10.0,10.75,9.375,11.5],"rotation":0,"texture":"#8681d96a-121e-8a4f-8b33-05a19d8db577","tintindex":0},"south":{"uv":[11.5,2.625,10.875,3.375],"rotation":0,"texture":"#8681d96a-121e-8a4f-8b33-05a19d8db577","tintindex":0},"up":{"uv":[8.125,11.375,8.75,10.5],"rotation":0,"texture":"#8681d96a-121e-8a4f-8b33-05a19d8db577","tintindex":0},"west":{"uv":[11.0,10.125,10.125,10.875],"rotation":0,"texture":"#8681d96a-121e-8a4f-8b33-05a19d8db577","tintindex":0}}},{"name":"cube","from":[6.5,3.1999993,8.0],"to":[9.5,8.0,11.6],"rotation":{"angle":0.0,"axis":"x","origin":[6.5,20.0,14.0]},"faces":{"down":{"uv":[0.625,15.25,1.25,16.0],"rotation":0,"texture":"#8681d96a-121e-8a4f-8b33-05a19d8db577","tintindex":0},"east":{"uv":[1.375,11.75,0.625,12.75],"rotation":0,"texture":"#8681d96a-121e-8a4f-8b33-05a19d8db577","tintindex":0},"north":{"uv":[0.625,11.625,0.0,12.625],"rotation":0,"texture":"#8681d96a-121e-8a4f-8b33-05a19d8db577","tintindex":0},"south":{"uv":[0.625,12.625,0.0,13.625],"rotation":0,"texture":"#8681d96a-121e-8a4f-8b33-05a19d8db577","tintindex":0},"up":{"uv":[0.0,16.0,0.625,15.25],"rotation":0,"texture":"#8681d96a-121e-8a4f-8b33-05a19d8db577","tintindex":0},"west":{"uv":[1.375,12.75,0.625,13.75],"rotation":0,"texture":"#8681d96a-121e-8a4f-8b33-05a19d8db577","tintindex":0}}},{"name":"cube","from":[5.8999996,2.5999992,6.7999997],"to":[10.1,4.999999,12.2],"rotation":{"angle":0.0,"axis":"x","origin":[6.5,20.0,14.0]},"faces":{"down":{"uv":[6.75,9.25,7.625,10.375],"rotation":0,"texture":"#8681d96a-121e-8a4f-8b33-05a19d8db577","tintindex":0},"east":{"uv":[3.5,10.75,2.375,11.25],"rotation":0,"texture":"#8681d96a-121e-8a4f-8b33-05a19d8db577","tintindex":0},"north":{"uv":[0.875,11.125,0.0,11.625],"rotation":0,"texture":"#8681d96a-121e-8a4f-8b33-05a19d8db577","tintindex":0},"south":{"uv":[7.375,11.125,6.5,11.625],"rotation":0,"texture":"#8681d96a-121e-8a4f-8b33-05a19d8db577","tintindex":0},"up":{"uv":[9.25,7.5,10.125,6.375],"rotation":0,"texture":"#8681d96a-121e-8a4f-8b33-05a19d8db577","tintindex":0},"west":{"uv":[11.75,8.625,10.625,9.125],"rotation":0,"texture":"#8681d96a-121e-8a4f-8b33-05a19d8db577","tintindex":0}}},{"name":"cube","from":[6.5,-1.000001,6.2],"to":[9.5,0.79999924,7.4],"rotation":{"angle":0.0,"axis":"x","origin":[6.5,20.0,14.0]},"faces":{"down":{"uv":[0.625,5.0,1.25,5.25],"rotation":0,"texture":"#8681d96a-121e-8a4f-8b33-05a19d8db577","tintindex":0},"east":{"uv":[5.0,8.75,4.75,9.125],"rotation":0,"texture":"#8681d96a-121e-8a4f-8b33-05a19d8db577","tintindex":0},"north":{"uv":[9.0,2.25,8.375,2.625],"rotation":0,"texture":"#8681d96a-121e-8a4f-8b33-05a19d8db577","tintindex":0},"south":{"uv":[9.875,1.75,9.25,2.125],"rotation":0,"texture":"#8681d96a-121e-8a4f-8b33-05a19d8db577","tintindex":0},"up":{"uv":[0.0,5.25,0.625,5.0],"rotation":0,"texture":"#8681d96a-121e-8a4f-8b33-05a19d8db577","tintindex":0},"west":{"uv":[5.25,8.0,5.0,8.375],"rotation":0,"texture":"#8681d96a-121e-8a4f-8b33-05a19d8db577","tintindex":0}}}],"display":{"head":{"translation":[0.0,-6.4,0.0],"rotation":[0.0,0.0,0.0],"scale":[3.8095,3.8095,3.8095]},"gui":{"translation":[0.0,0.0,0.0],"rotation":[35.0,225.0,0.0],"scale":[0.625,0.625,0.625]}}}