{"file_name":"body","texture_size":[32,32],"textures":{"81d33685-3e47-ebb0-1212-b7bbe723e1de":"modelengine:entity/rat"},"elements":[{"name":"cube","from":[7.4,5.075,5.375],"to":[8.6,5.975,6.2749996],"rotation":{"angle":0.0,"axis":"x","origin":[8.3,5.375,5.375]},"faces":{"down":{"uv":[6.0,10.5,8.0,12.0],"rotation":0,"texture":"#81d33685-3e47-ebb0-1212-b7bbe723e1de","tintindex":0},"east":{"uv":[11.0,0.0,12.5,1.5],"rotation":0,"texture":"#81d33685-3e47-ebb0-1212-b7bbe723e1de","tintindex":0},"north":{"uv":[9.0,0.0,11.0,1.5],"rotation":0,"texture":"#81d33685-3e47-ebb0-1212-b7bbe723e1de","tintindex":0},"south":{"uv":[10.0,4.5,12.0,6.0],"rotation":0,"texture":"#81d33685-3e47-ebb0-1212-b7bbe723e1de","tintindex":0},"up":{"uv":[12.0,7.5,10.0,6.0],"rotation":0,"texture":"#81d33685-3e47-ebb0-1212-b7bbe723e1de","tintindex":0},"west":{"uv":[11.5,7.5,13.0,9.0],"rotation":0,"texture":"#81d33685-3e47-ebb0-1212-b7bbe723e1de","tintindex":0}}},{"name":"cube","from":[6.5,4.7749996,5.075],"to":[7.7,5.975,5.075],"rotation":{"angle":0.0,"axis":"x","origin":[7.4,4.7749996,5.075]},"faces":{"down":{"uv":[0.0,0.0,2.0,0.0],"rotation":0,"texture":"#81d33685-3e47-ebb0-1212-b7bbe723e1de","tintindex":0},"east":{"uv":[0.0,0.0,0.0,2.0],"rotation":0,"texture":"#81d33685-3e47-ebb0-1212-b7bbe723e1de","tintindex":0},"north":{"uv":[6.0,8.5,8.0,10.5],"rotation":0,"texture":"#81d33685-3e47-ebb0-1212-b7bbe723e1de","tintindex":0},"south":{"uv":[8.5,2.5,10.5,4.5],"rotation":0,"texture":"#81d33685-3e47-ebb0-1212-b7bbe723e1de","tintindex":0},"up":{"uv":[2.0,0.0,0.0,0.0],"rotation":0,"texture":"#81d33685-3e47-ebb0-1212-b7bbe723e1de","tintindex":0},"west":{"uv":[0.0,0.0,0.0,2.0],"rotation":0,"texture":"#81d33685-3e47-ebb0-1212-b7bbe723e1de","tintindex":0}}},{"name":"cube","from":[8.3,4.7749996,5.075],"to":[9.5,5.975,5.075],"rotation":{"angle":0.0,"axis":"x","origin":[8.6,4.7749996,5.075]},"faces":{"down":{"uv":[2.0,0.0,0.0,0.0],"rotation":0,"texture":"#81d33685-3e47-ebb0-1212-b7bbe723e1de","tintindex":0},"east":{"uv":[0.0,0.0,0.0,2.0],"rotation":0,"texture":"#81d33685-3e47-ebb0-1212-b7bbe723e1de","tintindex":0},"north":{"uv":[8.0,8.5,6.0,10.5],"rotation":0,"texture":"#81d33685-3e47-ebb0-1212-b7bbe723e1de","tintindex":0},"south":{"uv":[10.5,2.5,8.5,4.5],"rotation":0,"texture":"#81d33685-3e47-ebb0-1212-b7bbe723e1de","tintindex":0},"up":{"uv":[0.0,0.0,2.0,0.0],"rotation":0,"texture":"#81d33685-3e47-ebb0-1212-b7bbe723e1de","tintindex":0},"west":{"uv":[0.0,0.0,0.0,2.0],"rotation":0,"texture":"#81d33685-3e47-ebb0-1212-b7bbe723e1de","tintindex":0}}},{"name":"cube","from":[6.5,5.225,6.125],"to":[8.0,6.725,6.125],"rotation":{"angle":22.5,"axis":"y","origin":[7.7,5.5249996,6.125]},"faces":{"down":{"uv":[0.0,0.0,2.5,0.0],"rotation":0,"texture":"#81d33685-3e47-ebb0-1212-b7bbe723e1de","tintindex":0},"east":{"uv":[0.0,0.0,0.0,2.5],"rotation":0,"texture":"#81d33685-3e47-ebb0-1212-b7bbe723e1de","tintindex":0},"north":{"uv":[6.0,2.5,8.5,5.0],"rotation":0,"texture":"#81d33685-3e47-ebb0-1212-b7bbe723e1de","tintindex":0},"south":{"uv":[8.0,8.0,10.5,10.5],"rotation":0,"texture":"#81d33685-3e47-ebb0-1212-b7bbe723e1de","tintindex":0},"up":{"uv":[2.5,0.0,0.0,0.0],"rotation":0,"texture":"#81d33685-3e47-ebb0-1212-b7bbe723e1de","tintindex":0},"west":{"uv":[0.0,0.0,0.0,2.5],"rotation":0,"texture":"#81d33685-3e47-ebb0-1212-b7bbe723e1de","tintindex":0}}},{"name":"cube","from":[8.0,5.225,6.125],"to":[9.5,6.725,6.125],"rotation":{"angle":-22.5,"axis":"y","origin":[8.3,5.5249996,6.125]},"faces":{"down":{"uv":[2.5,0.0,0.0,0.0],"rotation":0,"texture":"#81d33685-3e47-ebb0-1212-b7bbe723e1de","tintindex":0},"east":{"uv":[0.0,0.0,0.0,2.5],"rotation":0,"texture":"#81d33685-3e47-ebb0-1212-b7bbe723e1de","tintindex":0},"north":{"uv":[8.5,2.5,6.0,5.0],"rotation":0,"texture":"#81d33685-3e47-ebb0-1212-b7bbe723e1de","tintindex":0},"south":{"uv":[10.5,8.0,8.0,10.5],"rotation":0,"texture":"#81d33685-3e47-ebb0-1212-b7bbe723e1de","tintindex":0},"up":{"uv":[0.0,0.0,2.5,0.0],"rotation":0,"texture":"#81d33685-3e47-ebb0-1212-b7bbe723e1de","tintindex":0},"west":{"uv":[0.0,0.0,0.0,2.5],"rotation":0,"texture":"#81d33685-3e47-ebb0-1212-b7bbe723e1de","tintindex":0}}},{"name":"cube","from":[7.55,5.075,4.475],"to":[8.45,5.675,5.375],"rotation":{"angle":0.0,"axis":"x","origin":[7.85,5.375,5.075]},"faces":{"down":{"uv":[3.0,12.0,4.5,13.5],"rotation":0,"texture":"#81d33685-3e47-ebb0-1212-b7bbe723e1de","tintindex":0},"east":{"uv":[12.0,12.0,13.5,13.0],"rotation":0,"texture":"#81d33685-3e47-ebb0-1212-b7bbe723e1de","tintindex":0},"north":{"uv":[5.5,12.0,7.0,13.0],"rotation":0,"texture":"#81d33685-3e47-ebb0-1212-b7bbe723e1de","tintindex":0},"south":{"uv":[12.0,1.5,13.5,2.5],"rotation":0,"texture":"#81d33685-3e47-ebb0-1212-b7bbe723e1de","tintindex":0},"up":{"uv":[13.0,10.5,11.5,9.0],"rotation":0,"texture":"#81d33685-3e47-ebb0-1212-b7bbe723e1de","tintindex":0},"west":{"uv":[12.0,4.5,13.5,5.5],"rotation":0,"texture":"#81d33685-3e47-ebb0-1212-b7bbe723e1de","tintindex":0}}},{"name":"cube","from":[7.4,4.7749996,6.2749996],"to":[8.6,6.2749996,8.075],"rotation":{"angle":0.0,"axis":"x","origin":[8.3,4.475,7.175]},"faces":{"down":{"uv":[0.0,8.5,2.0,11.5],"rotation":0,"texture":"#81d33685-3e47-ebb0-1212-b7bbe723e1de","tintindex":0},"east":{"uv":[3.0,3.0,6.0,5.5],"rotation":0,"texture":"#81d33685-3e47-ebb0-1212-b7bbe723e1de","tintindex":0},"north":{"uv":[2.0,8.5,4.0,11.0],"rotation":0,"texture":"#81d33685-3e47-ebb0-1212-b7bbe723e1de","tintindex":0},"south":{"uv":[4.0,8.5,6.0,11.0],"rotation":0,"texture":"#81d33685-3e47-ebb0-1212-b7bbe723e1de","tintindex":0},"up":{"uv":[10.0,8.0,8.0,5.0],"rotation":0,"texture":"#81d33685-3e47-ebb0-1212-b7bbe723e1de","tintindex":0},"west":{"uv":[3.0,0.0,6.0,2.5],"rotation":0,"texture":"#81d33685-3e47-ebb0-1212-b7bbe723e1de","tintindex":0}}},{"name":"cube","from":[7.1,4.7749996,8.075],"to":[8.9,6.575,9.575001],"rotation":{"angle":0.0,"axis":"x","origin":[8.3,4.475,8.675]},"faces":{"down":{"uv":[6.0,0.0,9.0,2.5],"rotation":0,"texture":"#81d33685-3e47-ebb0-1212-b7bbe723e1de","tintindex":0},"east":{"uv":[3.0,5.5,5.5,8.5],"rotation":0,"texture":"#81d33685-3e47-ebb0-1212-b7bbe723e1de","tintindex":0},"north":{"uv":[0.0,0.0,3.0,3.0],"rotation":0,"texture":"#81d33685-3e47-ebb0-1212-b7bbe723e1de","tintindex":0},"south":{"uv":[0.0,3.0,3.0,6.0],"rotation":0,"texture":"#81d33685-3e47-ebb0-1212-b7bbe723e1de","tintindex":0},"up":{"uv":[3.0,8.5,0.0,6.0],"rotation":0,"texture":"#81d33685-3e47-ebb0-1212-b7bbe723e1de","tintindex":0},"west":{"uv":[5.5,5.5,8.0,8.5],"rotation":0,"texture":"#81d33685-3e47-ebb0-1212-b7bbe723e1de","tintindex":0}}}],"display":{"head":{"translation":[0.0,-6.4,0.0],"rotation":[0.0,0.0,0.0],"scale":[3.8095,3.8095,3.8095]},"gui":{"translation":[0.0,0.0,0.0],"rotation":[35.0,225.0,0.0],"scale":[0.625,0.625,0.625]}}}