{"file_name":"bone2","texture_size":[64,64],"textures":{"749939a8-bb93-96c7-07ae-208dad9f0e8b":"modelengine:entity/mimic"},"elements":[{"name":"teeth","from":[3.4999998,5.0,-1.3000002],"to":[12.5,8.0,7.7],"rotation":{"angle":0.0,"axis":"x","origin":[8.0,4.7,3.1999998]},"faces":{"down":{"uv":[4.0,8.0,8.0,12.0],"rotation":0,"texture":"#749939a8-bb93-96c7-07ae-208dad9f0e8b","tintindex":0},"east":{"uv":[0.0,13.25,4.0,12.0],"rotation":0,"texture":"#749939a8-bb93-96c7-07ae-208dad9f0e8b","tintindex":0},"north":{"uv":[8.0,7.75,12.0,6.5],"rotation":0,"texture":"#749939a8-bb93-96c7-07ae-208dad9f0e8b","tintindex":0},"south":{"uv":[4.25,9.25,8.0,8.0],"rotation":0,"texture":"#749939a8-bb93-96c7-07ae-208dad9f0e8b","tintindex":0},"up":{"uv":[4.25,11.75,8.0,8.0],"rotation":0,"texture":"#749939a8-bb93-96c7-07ae-208dad9f0e8b","tintindex":0},"west":{"uv":[12.0,13.25,16.0,12.0],"rotation":0,"texture":"#749939a8-bb93-96c7-07ae-208dad9f0e8b","tintindex":0}}},{"name":"cube","from":[3.1999998,8.0,-1.6000004],"to":[12.8,9.8,8.0],"rotation":{"angle":0.0,"axis":"x","origin":[8.0,0.19999981,-1.6000004]},"faces":{"down":{"uv":[0.25,4.25,3.75,7.75],"rotation":0,"texture":"#749939a8-bb93-96c7-07ae-208dad9f0e8b","tintindex":0},"east":{"uv":[12.25,1.75,15.75,3.0],"rotation":0,"texture":"#749939a8-bb93-96c7-07ae-208dad9f0e8b","tintindex":0},"north":{"uv":[12.25,1.75,15.75,3.0],"rotation":0,"texture":"#749939a8-bb93-96c7-07ae-208dad9f0e8b","tintindex":0},"south":{"uv":[12.25,1.75,15.75,3.0],"rotation":0,"texture":"#749939a8-bb93-96c7-07ae-208dad9f0e8b","tintindex":0},"up":{"uv":[0.25,0.25,3.75,3.75],"rotation":0,"texture":"#749939a8-bb93-96c7-07ae-208dad9f0e8b","tintindex":0},"west":{"uv":[12.25,1.75,15.75,3.0],"rotation":0,"texture":"#749939a8-bb93-96c7-07ae-208dad9f0e8b","tintindex":0}}},{"name":"cube","from":[7.1,6.3999996,-2.2000003],"to":[8.9,8.799999,-1.6000004],"rotation":{"angle":0.0,"axis":"x","origin":[8.3,8.2,-2.2000003]},"faces":{"down":{"uv":[6.5,2.25,5.5,2.5],"rotation":0,"texture":"#749939a8-bb93-96c7-07ae-208dad9f0e8b","tintindex":0},"east":{"uv":[5.25,1.5,5.5,2.5],"rotation":0,"texture":"#749939a8-bb93-96c7-07ae-208dad9f0e8b","tintindex":0},"north":{"uv":[5.5,1.5,6.5,2.5],"rotation":0,"texture":"#749939a8-bb93-96c7-07ae-208dad9f0e8b","tintindex":0},"south":{"uv":[5.75,1.5,6.5,2.5],"rotation":0,"texture":"#749939a8-bb93-96c7-07ae-208dad9f0e8b","tintindex":0},"up":{"uv":[5.5,1.25,6.5,1.5],"rotation":0,"texture":"#749939a8-bb93-96c7-07ae-208dad9f0e8b","tintindex":0},"west":{"uv":[6.5,1.5,6.75,2.5],"rotation":0,"texture":"#749939a8-bb93-96c7-07ae-208dad9f0e8b","tintindex":0}}}],"display":{"head":{"translation":[0.0,-6.4,0.0],"rotation":[0.0,0.0,0.0],"scale":[3.8095,3.8095,3.8095]},"gui":{"translation":[0.0,0.0,0.0],"rotation":[35.0,225.0,0.0],"scale":[0.625,0.625,0.625]}}}