{
	"file_name": "torso",
	"texture_size": [
		64,
		64
	],
	"textures": {
		"4bd6993b-4454-c6bb-1088-34c5b4b117a4": "modelengine:entity/signshield"
	},
	"elements": [
		{
			"name": "torso cube",
			"from": [
				9.469999,
				6.9842854,
				8.038571
			],
			"to": [
				11.33,
				17.604286,
				8.038571
			],
			"rotation": {
				"angle": 0.0,
				"axis": "x",
				"origin": [
					8.030001,
					9.804286,
					7.9185715
				]
			},
			"faces": {
				"down": {
					"uv": [
						0.0,
						0.0,
						0.75,
						0.0
					],
					"rotation": 0,
					"texture": "#4bd6993b-4454-c6bb-1088-34c5b4b117a4",
					"tintindex": 0
				},
				"east": {
					"uv": [
						0.0,
						0.0,
						0.0,
						4.375
					],
					"rotation": 0,
					"texture": "#4bd6993b-4454-c6bb-1088-34c5b4b117a4",
					"tintindex": 0
				},
				"north": {
					"uv": [
						1.5,
						5.25,
						2.25,
						9.625
					],
					"rotation": 0,
					"texture": "#4bd6993b-4454-c6bb-1088-34c5b4b117a4",
					"tintindex": 0
				},
				"south": {
					"uv": [
						2.25,
						5.25,
						3.0,
						9.625
					],
					"rotation": 0,
					"texture": "#4bd6993b-4454-c6bb-1088-34c5b4b117a4",
					"tintindex": 0
				},
				"up": {
					"uv": [
						0.75,
						0.0,
						0.0,
						0.0
					],
					"rotation": 0,
					"texture": "#4bd6993b-4454-c6bb-1088-34c5b4b117a4",
					"tintindex": 0
				},
				"west": {
					"uv": [
						0.0,
						0.0,
						0.0,
						4.375
					],
					"rotation": 0,
					"texture": "#4bd6993b-4454-c6bb-1088-34c5b4b117a4",
					"tintindex": 0
				}
			}
		},
		{
			"name": "torso cube",
			"from": [
				3.4699998,
				6.9842854,
				8.038571
			],
			"to": [
				5.33,
				17.604286,
				8.038571
			],
			"rotation": {
				"angle": 0.0,
				"axis": "x",
				"origin": [
					8.030001,
					9.804286,
					7.9185715
				]
			},
			"faces": {
				"down": {
					"uv": [
						0.0,
						0.0,
						0.75,
						0.0
					],
					"rotation": 0,
					"texture": "#4bd6993b-4454-c6bb-1088-34c5b4b117a4",
					"tintindex": 0
				},
				"east": {
					"uv": [
						0.0,
						0.0,
						0.0,
						4.375
					],
					"rotation": 0,
					"texture": "#4bd6993b-4454-c6bb-1088-34c5b4b117a4",
					"tintindex": 0
				},
				"north": {
					"uv": [
						1.5,
						5.25,
						2.25,
						9.625
					],
					"rotation": 0,
					"texture": "#4bd6993b-4454-c6bb-1088-34c5b4b117a4",
					"tintindex": 0
				},
				"south": {
					"uv": [
						2.25,
						5.25,
						3.0,
						9.625
					],
					"rotation": 0,
					"texture": "#4bd6993b-4454-c6bb-1088-34c5b4b117a4",
					"tintindex": 0
				},
				"up": {
					"uv": [
						0.75,
						0.0,
						0.0,
						0.0
					],
					"rotation": 0,
					"texture": "#4bd6993b-4454-c6bb-1088-34c5b4b117a4",
					"tintindex": 0
				},
				"west": {
					"uv": [
						0.0,
						0.0,
						0.0,
						4.375
					],
					"rotation": 0,
					"texture": "#4bd6993b-4454-c6bb-1088-34c5b4b117a4",
					"tintindex": 0
				}
			}
		},
		{
			"name": "cube",
			"from": [
				1.9999998,
				-4.0000005,
				7.4
			],
			"to": [
				12.8,
				8.6,
				8.6
			],
			"rotation": {
				"angle": 0.0,
				"axis": "x",
				"origin": [
					8.0,
					8.0,
					8.0
				]
			},
			"faces": {
				"down": {
					"uv": [
						6.0,
						5.75,
						10.5,
						6.25
					],
					"rotation": 0,
					"texture": "#4bd6993b-4454-c6bb-1088-34c5b4b117a4",
					"tintindex": 0
				},
				"east": {
					"uv": [
						3.0,
						5.25,
						3.5,
						10.5
					],
					"rotation": 0,
					"texture": "#4bd6993b-4454-c6bb-1088-34c5b4b117a4",
					"tintindex": 0
				},
				"north": {
					"uv": [
						0.0,
						0.0,
						4.5,
						5.25
					],
					"rotation": 0,
					"texture": "#4bd6993b-4454-c6bb-1088-34c5b4b117a4",
					"tintindex": 0
				},
				"south": {
					"uv": [
						4.5,
						0.0,
						9.0,
						5.25
					],
					"rotation": 0,
					"texture": "#4bd6993b-4454-c6bb-1088-34c5b4b117a4",
					"tintindex": 0
				},
				"up": {
					"uv": [
						10.5,
						5.75,
						6.0,
						5.25
					],
					"rotation": 0,
					"texture": "#4bd6993b-4454-c6bb-1088-34c5b4b117a4",
					"tintindex": 0
				},
				"west": {
					"uv": [
						3.5,
						5.25,
						4.0,
						10.5
					],
					"rotation": 0,
					"texture": "#4bd6993b-4454-c6bb-1088-34c5b4b117a4",
					"tintindex": 0
				}
			}
		},
		{
			"name": "cube",
			"from": [
				1.3999997,
				-2.8000002,
				7.4
			],
			"to": [
				1.9999998,
				8.6,
				8.6
			],
			"rotation": {
				"angle": 0.0,
				"axis": "x",
				"origin": [
					8.0,
					8.0,
					8.0
				]
			},
			"faces": {
				"down": {
					"uv": [
						9.0,
						3.5,
						9.25,
						4.0
					],
					"rotation": 0,
					"texture": "#4bd6993b-4454-c6bb-1088-34c5b4b117a4",
					"tintindex": 0
				},
				"east": {
					"uv": [
						4.0,
						5.25,
						4.5,
						10.0
					],
					"rotation": 0,
					"texture": "#4bd6993b-4454-c6bb-1088-34c5b4b117a4",
					"tintindex": 0
				},
				"north": {
					"uv": [
						9.5,
						0.0,
						9.75,
						4.75
					],
					"rotation": 0,
					"texture": "#4bd6993b-4454-c6bb-1088-34c5b4b117a4",
					"tintindex": 0
				},
				"south": {
					"uv": [
						9.5,
						8.25,
						9.75,
						13.0
					],
					"rotation": 0,
					"texture": "#4bd6993b-4454-c6bb-1088-34c5b4b117a4",
					"tintindex": 0
				},
				"up": {
					"uv": [
						9.25,
						3.5,
						9.0,
						3.0
					],
					"rotation": 0,
					"texture": "#4bd6993b-4454-c6bb-1088-34c5b4b117a4",
					"tintindex": 0
				},
				"west": {
					"uv": [
						4.5,
						5.25,
						5.0,
						10.0
					],
					"rotation": 0,
					"texture": "#4bd6993b-4454-c6bb-1088-34c5b4b117a4",
					"tintindex": 0
				}
			}
		},
		{
			"name": "cube",
			"from": [
				12.8,
				-2.8000002,
				7.4
			],
			"to": [
				13.400001,
				8.6,
				8.6
			],
			"rotation": {
				"angle": 0.0,
				"axis": "x",
				"origin": [
					8.0,
					8.0,
					8.0
				]
			},
			"faces": {
				"down": {
					"uv": [
						10.0,
						2.75,
						10.25,
						3.25
					],
					"rotation": 0,
					"texture": "#4bd6993b-4454-c6bb-1088-34c5b4b117a4",
					"tintindex": 0
				},
				"east": {
					"uv": [
						5.0,
						5.25,
						5.5,
						10.0
					],
					"rotation": 0,
					"texture": "#4bd6993b-4454-c6bb-1088-34c5b4b117a4",
					"tintindex": 0
				},
				"north": {
					"uv": [
						0.0,
						9.75,
						0.25,
						14.5
					],
					"rotation": 0,
					"texture": "#4bd6993b-4454-c6bb-1088-34c5b4b117a4",
					"tintindex": 0
				},
				"south": {
					"uv": [
						9.75,
						0.0,
						10.0,
						4.75
					],
					"rotation": 0,
					"texture": "#4bd6993b-4454-c6bb-1088-34c5b4b117a4",
					"tintindex": 0
				},
				"up": {
					"uv": [
						3.0,
						10.25,
						2.75,
						9.75
					],
					"rotation": 0,
					"texture": "#4bd6993b-4454-c6bb-1088-34c5b4b117a4",
					"tintindex": 0
				},
				"west": {
					"uv": [
						5.5,
						5.25,
						6.0,
						10.0
					],
					"rotation": 0,
					"texture": "#4bd6993b-4454-c6bb-1088-34c5b4b117a4",
					"tintindex": 0
				}
			}
		},
		{
			"name": "cube",
			"from": [
				0.7999997,
				-2.2000003,
				7.4
			],
			"to": [
				1.3999997,
				8.0,
				8.6
			],
			"rotation": {
				"angle": 0.0,
				"axis": "x",
				"origin": [
					8.0,
					8.0,
					8.0
				]
			},
			"faces": {
				"down": {
					"uv": [
						9.25,
						3.0,
						9.5,
						3.5
					],
					"rotation": 0,
					"texture": "#4bd6993b-4454-c6bb-1088-34c5b4b117a4",
					"tintindex": 0
				},
				"east": {
					"uv": [
						6.0,
						6.25,
						6.5,
						10.5
					],
					"rotation": 0,
					"texture": "#4bd6993b-4454-c6bb-1088-34c5b4b117a4",
					"tintindex": 0
				},
				"north": {
					"uv": [
						0.25,
						9.75,
						0.5,
						14.0
					],
					"rotation": 0,
					"texture": "#4bd6993b-4454-c6bb-1088-34c5b4b117a4",
					"tintindex": 0
				},
				"south": {
					"uv": [
						0.5,
						9.75,
						0.75,
						14.0
					],
					"rotation": 0,