{"file_name":"flamingo","texture_size":[64,64],"textures":{"c7200158-03a3-00e9-ceb6-16a4e209ae4e":"modelengine:entity/flamingo"},"elements":[{"name":"cube","from":[6.85832,6.378419,6.722333],"to":[9.25832,9.978419,10.322332],"rotation":{"angle":0.0,"axis":"x","origin":[7.62632,8.682419,8.426332]},"faces":{"down":{"uv":[2.5,3.75,3.5,5.25],"rotation":0,"texture":"#c7200158-03a3-00e9-ceb6-16a4e209ae4e","tintindex":0},"east":{"uv":[0.0,3.0,1.5,4.5],"rotation":0,"texture":"#c7200158-03a3-00e9-ceb6-16a4e209ae4e","tintindex":0},"north":{"uv":[3.5,0.0,4.5,1.5],"rotation":0,"texture":"#c7200158-03a3-00e9-ceb6-16a4e209ae4e","tintindex":0},"south":{"uv":[3.5,1.5,4.5,3.0],"rotation":0,"texture":"#c7200158-03a3-00e9-ceb6-16a4e209ae4e","tintindex":0},"up":{"uv":[2.5,5.25,1.5,3.75],"rotation":0,"texture":"#c7200158-03a3-00e9-ceb6-16a4e209ae4e","tintindex":0},"west":{"uv":[3.5,3.5,5.0,5.0],"rotation":0,"texture":"#c7200158-03a3-00e9-ceb6-16a4e209ae4e","tintindex":0}}},{"name":"cube","from":[7.51976,8.594339,3.5466526],"to":[8.34776,9.698339,6.0306525],"rotation":{"angle":45.0,"axis":"x","origin":[7.51976,8.594339,5.202653]},"faces":{"down":{"uv":[3.0,5.25,3.5,6.5],"rotation":0,"texture":"#c7200158-03a3-00e9-ceb6-16a4e209ae4e","tintindex":0},"east":{"uv":[5.5,5.5,6.75,6.0],"rotation":0,"texture":"#c7200158-03a3-00e9-ceb6-16a4e209ae4e","tintindex":0},"north":{"uv":[7.0,1.0,7.5,1.5],"rotation":0,"texture":"#c7200158-03a3-00e9-ceb6-16a4e209ae4e","tintindex":0},"south":{"uv":[7.0,1.5,7.5,2.0],"rotation":0,"texture":"#c7200158-03a3-00e9-ceb6-16a4e209ae4e","tintindex":0},"up":{"uv":[3.0,6.5,2.5,5.25],"rotation":0,"texture":"#c7200158-03a3-00e9-ceb6-16a4e209ae4e","tintindex":0},"west":{"uv":[5.5,0.0,6.75,0.5],"rotation":0,"texture":"#c7200158-03a3-00e9-ceb6-16a4e209ae4e","tintindex":0}}},{"name":"cube","from":[7.51976,9.765308,4.031684],"to":[8.34776,11.973309,4.859684],"rotation":{"angle":0.0,"axis":"x","origin":[7.51976,10.317308,4.031684]},"faces":{"down":{"uv":[7.0,2.5,7.5,3.0],"rotation":0,"texture":"#c7200158-03a3-00e9-ceb6-16a4e209ae4e","tintindex":0},"east":{"uv":[3.5,6.0,4.0,7.0],"rotation":0,"texture":"#c7200158-03a3-00e9-ceb6-16a4e209ae4e","tintindex":0},"north":{"uv":[1.0,6.0,1.5,7.0],"rotation":0,"texture":"#c7200158-03a3-00e9-ceb6-16a4e209ae4e","tintindex":0},"south":{"uv":[4.0,6.0,4.5,7.0],"rotation":0,"texture":"#c7200158-03a3-00e9-ceb6-16a4e209ae4e","tintindex":0},"up":{"uv":[7.5,2.5,7.0,2.0],"rotation":0,"texture":"#c7200158-03a3-00e9-ceb6-16a4e209ae4e","tintindex":0},"west":{"uv":[4.5,6.0,5.0,7.0],"rotation":0,"texture":"#c7200158-03a3-00e9-ceb6-16a4e209ae4e","tintindex":0}}},{"name":"cube","from":[7.51976,13.857955,5.202653],"to":[8.34776,16.065956,6.0306525],"rotation":{"angle":-45.0,"axis":"x","origin":[7.51976,14.409955,5.202653]},"faces":{"down":{"uv":[7.0,5.5,7.5,6.0],"rotation":0,"texture":"#c7200158-03a3-00e9-ceb6-16a4e209ae4e","tintindex":0},"east":{"uv":[2.5,6.5,3.0,7.5],"rotation":0,"texture":"#c7200158-03a3-00e9-ceb6-16a4e209ae4e","tintindex":0},"north":{"uv":[6.25,3.5,6.75,4.5],"rotation":0,"texture":"#c7200158-03a3-00e9-ceb6-16a4e209ae4e","tintindex":0},"south":{"uv":[3.0,6.5,3.5,7.5],"rotation":0,"texture":"#c7200158-03a3-00e9-ceb6-16a4e209ae4e","tintindex":0},"up":{"uv":[7.5,5.5,7.0,5.0],"rotation":0,"texture":"#c7200158-03a3-00e9-ceb6-16a4e209ae4e","tintindex":0},"west":{"uv":[6.5,6.5,7.0,7.5],"rotation":0,"texture":"#c7200158-03a3-00e9-ceb6-16a4e209ae4e","tintindex":0}}},{"name":"cube","from":[7.51976,11.811631,4.4220066],"to":[8.34776,14.019631,5.2500067],"rotation":{"angle":45.0,"axis":"x","origin":[7.51976,12.363631,4.4220066]},"faces":{"down":{"uv":[7.0,3.5,7.5,4.0],"rotation":0,"texture":"#c7200158-03a3-00e9-ceb6-16a4e209ae4e","tintindex":0},"east":{"uv":[5.5,6.0,6.0,7.0],"rotation":0,"texture":"#c7200158-03a3-00e9-ceb6-16a4e209ae4e","tintindex":0},"north":{"uv":[5.0,6.0,5.5,7.0],"rotation":0,"texture":"#c7200158-03a3-00e9-ceb6-16a4e209ae4e","tintindex":0},"south":{"uv":[6.0,6.0,6.5,7.0],"rotation":0,"texture":"#c7200158-03a3-00e9-ceb6-16a4e209ae4e","tintindex":0},"up":{"uv":[7.5,3.5,7.0,3.0],"rotation":0,"texture":"#c7200158-03a3-00e9-ceb6-16a4e209ae4e","tintindex":0},"west":{"uv":[6.25,0.5,6.75,1.5],"rotation":0,"texture":"#c7200158-03a3-00e9-ceb6-16a4e209ae4e","tintindex":0}}},{"name":"cube","from":[7.51976,12.949116,5.35046],"to":[8.34776,14.605116,6.17846],"rotation":{"angle":0.0,"axis":"x","origin":[7.51976,13.501116,5.35046]},"faces":{"down":{"uv":[7.0,4.5,7.5,5.0],"rotation":0,"texture":"#c7200158-03a3-00e9-ceb6-16a4e209ae4e","tintindex":0},"east":{"uv":[4.0,7.0,4.5,7.75],"rotation":0,"texture":"#c7200158-03a3-00e9-ceb6-16a4e209ae4e","tintindex":0},"north":{"uv":[3.5,7.0,4.0,7.75],"rotation":0,"texture":"#c7200158-03a3-00e9-ceb6-16a4e209ae4e","tintindex":0},"south":{"uv":[4.5,7.0,5.0,7.75],"rotation":0,"texture":"#c7200158-03a3-00e9-ceb6-16a4e209ae4e","tintindex":0},"up":{"uv":[7.5,4.5,7.0,4.0],"rotation":0,"texture":"#c7200158-03a3-00e9-ceb6-16a4e209ae4e","tintindex":0},"west":{"uv":[5.0,7.0,5.5,7.75],"rotation":0,"texture":"#c7200158-03a3-00e9-ceb6-16a4e209ae4e","tintindex":0}}},{"name":"cube","from":[6.85832,7.578419,5.5223327],"to":[9.25832,9.978419,6.722333],"rotation":{"angle":0.0,"axis":"x","origin":[7.62632,8.682419,4.8263326]},"faces":{"down":{"uv":[5.5,5.0,6.5,5.5],"rotation":0,"texture":"#c7200158-03a3-00e9-ceb6-16a4e209ae4e","tintindex":0},"east":{"uv":[6.25,1.5,6.75,2.5],"rotation":0,"texture":"#c7200158-03a3-00e9-ceb6-16a4e209ae4e","tintindex":0},"north":{"uv":[3.5,5.0,4.5,6.0],"rotation":0,"texture":"#c7200158-03a3-00e9-ceb6-16a4e209ae4e","tintindex":0},"south":{"uv":[4.5,5.0,5.5,6.0],"rotation":0,"texture":"#c7200158-03a3-00e9-ceb6-16a4e209ae4e","tintindex":0},"up":{"uv":[4.5,3.5,3.5,3.0],"rotation":0,"texture":"#c7200158-03a3-00e9-ceb6-16a4e209ae4e","tintindex":0},"west":{"uv":[6.25,2.5,6.75,3.5],"rotation":0,"texture":"#c7200158-03a3-00e9-ceb6-16a4e209ae4e","tintindex":0}}},{"name":"cube","from":[6.25832,7.8570986,9.443653],"to":[9.85832,7.8570986,13.643653],"rotation":{"angle":45.0,"axis":"x","origin":[8.05832,7.8570986,12.443653]},"faces":{"down":{"uv":[2.0,0.0,3.5,1.75],"rotation":0,"texture":"#c7200158-03a3-00e9-ceb6-16a4e209ae4e","tintindex":0},"east":{"uv":[0.0,0.0,1.75,0.0],"rotation":0,"texture":"#c7200158-03a3-00e9-ceb6-16a4e209ae4e","tintindex":0},"north":{"uv":[0.0,0.0,1.5,0.0],"rotation":0,"texture":"#c7200158-03a3-00e9-ceb6-16a4e209ae4e","tintindex":0},"south":{"uv":[0.0,0.0,1.5,0.0],"rotation":0,"texture":"#c7200158-03a3-00e9-ceb6-16a4e209ae4e","tintindex":0},"up":{"uv":[3.5,3.75,2.0,2.0],"rotation":0,"texture":"#c7200158-03a3-00e9-ceb6-16a4e209ae4e","tintindex":0},"west":{"uv":[0.0,0.0,1.75,0.0],"rotation":0,"texture":"#c7200158-03a3-00e9-ceb6-16a4e209ae4e","tintindex":0}}}],"display":{"head":{"translation":[0.0,-6.4,0.0],"rotation":[0.0,0.0,0.0],"scale":[3.8095,3.8095,3.8095]},"gui":{"translation":[0.0,0.0,0.0],"rotation":[35.0,225.0,0.0],"scale":[0.625,0.625,0.625]}}}