{"file_name":"leftwing","texture_size":[64,64],"textures":{"c7200158-03a3-00e9-ceb6-16a4e209ae4e":"modelengine:entity/flamingo"},"elements":[{"name":"cube","from":[7.146329,5.482319,7.9167433],"to":[8.196329,8.482319,10.316744],"rotation":{"angle":0.0,"axis":"x","origin":[9.462275,-4.376654,9.716743]},"faces":{"down":{"uv":[0.5,6.0,1.0,7.0],"rotation":0,"texture":"#c7200158-03a3-00e9-ceb6-16a4e209ae4e","tintindex":0},"east":{"uv":[0.0,4.5,1.0,6.0],"rotation":0,"texture":"#c7200158-03a3-00e9-ceb6-16a4e209ae4e","tintindex":0},"north":{"uv":[1.0,4.5,1.5,6.0],"rotation":0,"texture":"#c7200158-03a3-00e9-ceb6-16a4e209ae4e","tintindex":0},"south":{"uv":[5.0,3.5,5.5,5.0],"rotation":0,"texture":"#c7200158-03a3-00e9-ceb6-16a4e209ae4e","tintindex":0},"up":{"uv":[0.5,7.0,0.0,6.0],"rotation":0,"texture":"#c7200158-03a3-00e9-ceb6-16a4e209ae4e","tintindex":0},"west":{"uv":[4.5,0.0,5.5,1.5],"rotation":0,"texture":"#c7200158-03a3-00e9-ceb6-16a4e209ae4e","tintindex":0}}},{"name":"cube","from":[7.146329,3.5207434,10.546307],"to":[7.146329,7.1207438,15.346306],"rotation":{"angle":45.0,"axis":"x","origin":[8.874983,7.675695,11.599356]},"faces":{"down":{"uv":[0.0,0.0,0.0,2.0],"rotation":0,"texture":"#c7200158-03a3-00e9-ceb6-16a4e209ae4e","tintindex":0},"east":{"uv":[2.0,0.0,0.0,1.5],"rotation":0,"texture":"#c7200158-03a3-00e9-ceb6-16a4e209ae4e","tintindex":0},"north":{"uv":[0.0,0.0,0.0,1.5],"rotation":0,"texture":"#c7200158-03a3-00e9-ceb6-16a4e209ae4e","tintindex":0},"south":{"uv":[0.0,0.0,0.0,1.5],"rotation":0,"texture":"#c7200158-03a3-00e9-ceb6-16a4e209ae4e","tintindex":0},"up":{"uv":[0.0,2.0,0.0,0.0],"rotation":0,"texture":"#c7200158-03a3-00e9-ceb6-16a4e209ae4e","tintindex":0},"west":{"uv":[0.0,1.5,2.0,3.0],"rotation":0,"texture":"#c7200158-03a3-00e9-ceb6-16a4e209ae4e","tintindex":0}}}],"display":{"head":{"translation":[0.0,-6.4,0.0],"rotation":[0.0,0.0,0.0],"scale":[3.8095,3.8095,3.8095]},"gui":{"translation":[0.0,0.0,0.0],"rotation":[35.0,225.0,0.0],"scale":[0.625,0.625,0.625]}}}