{"file_name":"rightleg","texture_size":[64,64],"textures":{"c7200158-03a3-00e9-ceb6-16a4e209ae4e":"modelengine:entity/flamingo"},"elements":[{"name":"cube","from":[7.55,2.7499998,7.4],"to":[8.15,7.55,8.0],"rotation":{"angle":0.0,"axis":"x","origin":[8.15,-3.2500005,7.4]},"faces":{"down":{"uv":[7.5,7.0,7.25,7.25],"rotation":0,"texture":"#c7200158-03a3-00e9-ceb6-16a4e209ae4e","tintindex":0},"east":{"uv":[7.0,4.5,6.75,6.0],"rotation":0,"texture":"#c7200158-03a3-00e9-ceb6-16a4e209ae4e","tintindex":0},"north":{"uv":[7.0,0.0,6.75,1.5],"rotation":0,"texture":"#c7200158-03a3-00e9-ceb6-16a4e209ae4e","tintindex":0},"south":{"uv":[7.0,3.0,6.75,4.5],"rotation":0,"texture":"#c7200158-03a3-00e9-ceb6-16a4e209ae4e","tintindex":0},"up":{"uv":[7.25,6.5,7.5,6.25],"rotation":0,"texture":"#c7200158-03a3-00e9-ceb6-16a4e209ae4e","tintindex":0},"west":{"uv":[7.0,1.5,6.75,3.0],"rotation":0,"texture":"#c7200158-03a3-00e9-ceb6-16a4e209ae4e","tintindex":0}}}],"display":{"head":{"translation":[0.0,-6.4,0.0],"rotation":[0.0,0.0,0.0],"scale":[3.8095,3.8095,3.8095]},"gui":{"translation":[0.0,0.0,0.0],"rotation":[35.0,225.0,0.0],"scale":[0.625,0.625,0.625]}}}