{"file_name":"head","texture_size":[128,128],"textures":{"c41746e0-287e-a8ed-0091-1f0ad778c2a3":"modelengine:entity/goblinking"},"elements":[{"name":"cube","from":[5.0,8.119999,5.3599997],"to":[10.76,11.0,9.68],"rotation":{"angle":0.0,"axis":"x","origin":[7.88,8.119999,5.3599997]},"faces":{"down":{"uv":[6.0,0.0,7.5,1.125],"rotation":0,"texture":"#c41746e0-287e-a8ed-0091-1f0ad778c2a3","tintindex":0},"east":{"uv":[0.0,7.875,1.125,8.625],"rotation":0,"texture":"#c41746e0-287e-a8ed-0091-1f0ad778c2a3","tintindex":0},"north":{"uv":[5.0,7.25,6.5,8.0],"rotation":0,"texture":"#c41746e0-287e-a8ed-0091-1f0ad778c2a3","tintindex":0},"south":{"uv":[7.5,0.0,9.0,0.75],"rotation":0,"texture":"#c41746e0-287e-a8ed-0091-1f0ad778c2a3","tintindex":0},"up":{"uv":[1.5,6.75,0.0,5.625],"rotation":0,"texture":"#c41746e0-287e-a8ed-0091-1f0ad778c2a3","tintindex":0},"west":{"uv":[8.25,2.625,9.375,3.375],"rotation":0,"texture":"#c41746e0-287e-a8ed-0091-1f0ad778c2a3","tintindex":0}}},{"name":"cube","from":[6.92,8.045925,3.067602],"to":[8.84,9.965925,5.467602],"rotation":{"angle":-22.5,"axis":"x","origin":[7.88,8.525925,4.9876018]},"faces":{"down":{"uv":[8.625,9.625,9.125,10.25],"rotation":0,"texture":"#c41746e0-287e-a8ed-0091-1f0ad778c2a3","tintindex":0},"east":{"uv":[9.625,3.375,10.25,3.875],"rotation":0,"texture":"#c41746e0-287e-a8ed-0091-1f0ad778c2a3","tintindex":0},"north":{"uv":[9.875,9.875,10.375,10.375],"rotation":0,"texture":"#c41746e0-287e-a8ed-0091-1f0ad778c2a3","tintindex":0},"south":{"uv":[9.875,0.625,10.375,1.125],"rotation":0,"texture":"#c41746e0-287e-a8ed-0091-1f0ad778c2a3","tintindex":0},"up":{"uv":[6.5,3.375,6.0,2.75],"rotation":0,"texture":"#c41746e0-287e-a8ed-0091-1f0ad778c2a3","tintindex":0},"west":{"uv":[9.625,3.875,10.25,4.375],"rotation":0,"texture":"#c41746e0-287e-a8ed-0091-1f0ad778c2a3","tintindex":0}}},{"name":"cube","from":[6.92,8.119999,4.88],"to":[8.84,10.04,5.3599997],"rotation":{"angle":0.0,"axis":"x","origin":[7.88,8.6,4.88]},"faces":{"down":{"uv":[10.25,8.125,10.75,8.25],"rotation":0,"texture":"#c41746e0-287e-a8ed-0091-1f0ad778c2a3","tintindex":0},"east":{"uv":[3.75,5.0,3.875,5.5],"rotation":0,"texture":"#c41746e0-287e-a8ed-0091-1f0ad778c2a3","tintindex":0},"north":{"uv":[2.0,4.5,2.5,5.0],"rotation":0,"texture":"#c41746e0-287e-a8ed-0091-1f0ad778c2a3","tintindex":0},"south":{"uv":[2.25,9.875,2.75,10.375],"rotation":0,"texture":"#c41746e0-287e-a8ed-0091-1f0ad778c2a3","tintindex":0},"up":{"uv":[9.625,7.875,9.125,7.75],"rotation":0,"texture":"#c41746e0-287e-a8ed-0091-1f0ad778c2a3","tintindex":0},"west":{"uv":[3.875,5.0,4.0,5.5],"rotation":0,"texture":"#c41746e0-287e-a8ed-0091-1f0ad778c2a3","tintindex":0}}},{"name":"cube","from":[6.4399996,5.7199993,3.9199996],"to":[9.32,8.119999,4.3999996],"rotation":{"angle":0.0,"axis":"x","origin":[7.88,6.6799994,3.9199996]},"faces":{"down":{"uv":[10.25,0.5,11.0,0.625],"rotation":0,"texture":"#c41746e0-287e-a8ed-0091-1f0ad778c2a3","tintindex":0},"east":{"uv":[6.5,7.25,6.625,7.875],"rotation":0,"texture":"#c41746e0-287e-a8ed-0091-1f0ad778c2a3","tintindex":0},"north":{"uv":[9.0,0.0,9.75,0.625],"rotation":0,"texture":"#c41746e0-287e-a8ed-0091-1f0ad778c2a3","tintindex":0},"south":{"uv":[7.5,9.125,8.25,9.75],"rotation":0,"texture":"#c41746e0-287e-a8ed-0091-1f0ad778c2a3","tintindex":0},"up":{"uv":[8.25,2.75,7.5,2.625],"rotation":0,"texture":"#c41746e0-287e-a8ed-0091-1f0ad778c2a3","tintindex":0},"west":{"uv":[6.625,7.25,6.75,7.875],"rotation":0,"texture":"#c41746e0-287e-a8ed-0091-1f0ad778c2a3","tintindex":0}}},{"name":"cube","from":[5.48,5.902688,4.44156],"to":[10.280001,9.3826885,6.8415594],"rotation":{"angle":22.5,"axis":"x","origin":[7.88,5.902688,4.44156]},"faces":{"down":{"uv":[8.25,5.375,9.5,6.0],"rotation":0,"texture":"#c41746e0-287e-a8ed-0091-1f0ad778c2a3","tintindex":0},"east":{"uv":[8.75,1.5,9.375,2.375],"rotation":0,"texture":"#c41746e0-287e-a8ed-0091-1f0ad778c2a3","tintindex":0},"north":{"uv":[7.5,1.75,8.75,2.625],"rotation":0,"texture":"#c41746e0-287e-a8ed-0091-1f0ad778c2a3","tintindex":0},"south":{"uv":[1.125,7.625,2.375,8.5],"rotation":0,"texture":"#c41746e0-287e-a8ed-0091-1f0ad778c2a3","tintindex":0},"up":{"uv":[9.5,5.375,8.25,4.75],"rotation":0,"texture":"#c41746e0-287e-a8ed-0091-1f0ad778c2a3","tintindex":0},"west":{"uv":[9.0,3.875,9.625,4.75],"rotation":0,"texture":"#c41746e0-287e-a8ed-0091-1f0ad778c2a3","tintindex":0}}},{"name":"cube","from":[2.6,7.64,7.52],"to":[3.08,10.5199995,10.4],"rotation":{"angle":0.0,"axis":"x","origin":[1.6400001,9.08,7.52]},"faces":{"down":{"uv":[2.75,10.375,2.875,11.125],"rotation":0,"texture":"#c41746e0-287e-a8ed-0091-1f0ad778c2a3","tintindex":0},"east":{"uv":[5.75,8.75,5.0,9.5],"rotation":0,"texture":"#c41746e0-287e-a8ed-0091-1f0ad778c2a3","tintindex":0},"north":{"uv":[0.625,10.0,0.5,10.75],"rotation":0,"texture":"#c41746e0-287e-a8ed-0091-1f0ad778c2a3","tintindex":0},"south":{"uv":[4.125,10.0,4.0,10.75],"rotation":0,"texture":"#c41746e0-287e-a8ed-0091-1f0ad778c2a3","tintindex":0},"up":{"uv":[9.625,11.0,9.5,11.75],"rotation":0,"texture":"#c41746e0-287e-a8ed-0091-1f0ad778c2a3","tintindex":0},"west":{"uv":[4.25,8.625,3.5,9.375],"rotation":0,"texture":"#c41746e0-287e-a8ed-0091-1f0ad778c2a3","tintindex":0}}},{"name":"cube","from":[0.19999981,9.08,8.719999],"to":[5.0,11.959999,9.2],"rotation":{"angle":-22.5,"axis":"z","origin":[2.1199996,9.08,5.3599997]},"faces":{"down":{"uv":[9.5,3.375,8.25,3.5],"rotation":0,"texture":"#c41746e0-287e-a8ed-0091-1f0ad778c2a3","tintindex":0},"east":{"uv":[6.25,8.75,6.125,9.5],"rotation":0,"texture":"#c41746e0-287e-a8ed-0091-1f0ad778c2a3","tintindex":0},"north":{"uv":[9.125,7.125,7.875,7.875],"rotation":0,"texture":"#c41746e0-287e-a8ed-0091-1f0ad778c2a3","tintindex":0},"south":{"uv":[6.25,8.0,5.0,8.75],"rotation":0,"texture":"#c41746e0-287e-a8ed-0091-1f0ad778c2a3","tintindex":0},"up":{"uv":[6.5,4.0,7.75,3.875],"rotation":0,"texture":"#c41746e0-287e-a8ed-0091-1f0ad778c2a3","tintindex":0},"west":{"uv":[2.0,5.625,1.875,6.375],"rotation":0,"texture":"#c41746e0-287e-a8ed-0091-1f0ad778c2a3","tintindex":0}}},{"name":"cube","from":[6.6800003,11.0,5.84],"to":[9.08,14.839999,6.8],"rotation":{"angle":0.0,"axis":"x","origin":[8.6,11.0,4.3999996]},"faces":{"down":{"uv":[3.5,12.375,2.875,12.625],"rotation":0,"texture":"#c41746e0-287e-a8ed-0091-1f0ad778c2a3","tintindex":0},"east":{"uv":[11.625,7.875,11.875,8.875],"rotation":0,"texture":"#c41746e0-287e-a8ed-0091-1f0ad778c2a3","tintindex":0},"north":{"uv":[11.625,7.625,12.25,8.625],"rotation":0,"texture":"#c41746e0-287e-a8ed-0091-1f0ad778c2a3","tintindex":0},"south":{"uv":[6.25,8.5,6.875,9.5],"rotation":0,"texture":"#c41746e0-287e-a8ed-0091-1f0ad778c2a3","tintindex":0},"up":{"uv":[11.25,9.625,11.875,9.875],"rotation":0,"texture":"#c41746e0-287e-a8ed-0091-1f0ad778c2a3","tintindex":0},"west":{"uv":[11.25,8.25,11.5,9.25],"rotation":0,"texture":"#c41746e0-287e-a8ed-0091-1f0ad778c2a3","tintindex":0}}},{"name":"cube","from":[10.76,9.08,8.719999],"to":[15.56,11.959999,9.2],"rotation":{"angle":22.5,"axis":"z","origin":[13.640001,9.08,5.3599997]},"faces":{"down":{"uv":[8.25,3.375,9.5,3.5],"rotation":0,"texture":"#c41746e0-287e-a8ed-0091-1f0ad778c2a3","tintindex":0},"east":{"uv":[1.875,5.625,2.0,6.375],"rotation":0,"texture":"#c41746e0-287e-a8ed-0091-1f0ad778c2a3","tintindex":0},"north":{"uv":[7.875,7.125,9.125,7.875],"rotation":0,"texture":"#c41746e0-287e-a8ed-0091-1f0ad778c2a3","tintindex":0},"south":{"uv":[5.0,8.0,6.25,8.75],"rotation":0,"texture":"#c41746e0-287e-a8ed-0091-1f0ad778c2a3","tintindex":0},"up":{"uv":[7.75,4.0,6.5,3.875],"rotation":0,"texture":"#c41746e0-287e-a8ed-0091-1f0ad778c2a3","tintindex":0},"west":{"uv":[6.125,8.75,6.25,9.5],"rotation":0,"texture":"#c41746e0-287e-a8ed-0091-1f0ad778c2a3","tintindex":0}}},{"name":"cube","from":[12.68,7.64,7.52],"to":[13.160001,10.5199995,10.4],"rotation":{"angle":0.0,"axis":"x","origin":[14.120001,9.08,7.52]},"faces":{"down":{"uv":[2.875,10.375,2.75,11.125],"rotation":0,"texture":"#c41746e0-287e-a8ed-0091-1f0ad778c2a3","tintindex":0},"east":{"uv":[3.5,8.625,4.25,9.375],