{"file_name":"leftarm","texture_size":[128,128],"textures":{"c41746e0-287e-a8ed-0091-1f0ad778c2a3":"modelengine:entity/goblinking"},"elements":[{"name":"cube","from":[6.56,6.812397,7.474075],"to":[8.0,9.212398,9.394075],"rotation":{"angle":0.0,"axis":"x","origin":[8.0,8.732398,7.9540744]},"faces":{"down":{"uv":[4.0,10.0,3.625,10.5],"rotation":0,"texture":"#c41746e0-287e-a8ed-0091-1f0ad778c2a3","tintindex":0},"east":{"uv":[8.25,9.75,7.75,10.375],"rotation":0,"texture":"#c41746e0-287e-a8ed-0091-1f0ad778c2a3","tintindex":0},"north":{"uv":[0.375,10.0,0.0,10.625],"rotation":0,"texture":"#c41746e0-287e-a8ed-0091-1f0ad778c2a3","tintindex":0},"south":{"uv":[3.625,10.0,3.25,10.625],"rotation":0,"texture":"#c41746e0-287e-a8ed-0091-1f0ad778c2a3","tintindex":0},"up":{"uv":[1.125,7.25,1.5,6.75],"rotation":0,"texture":"#c41746e0-287e-a8ed-0091-1f0ad778c2a3","tintindex":0},"west":{"uv":[7.75,9.75,7.25,10.375],"rotation":0,"texture":"#c41746e0-287e-a8ed-0091-1f0ad778c2a3","tintindex":0}}},{"name":"cube","from":[6.56,4.892398,7.9540744],"to":[8.0,6.812397,9.394075],"rotation":{"angle":0.0,"axis":"x","origin":[8.0,6.3323975,7.9540744]},"faces":{"down":{"uv":[10.625,9.25,10.25,9.625],"rotation":0,"texture":"#c41746e0-287e-a8ed-0091-1f0ad778c2a3","tintindex":0},"east":{"uv":[9.375,10.25,9.0,10.75],"rotation":0,"texture":"#c41746e0-287e-a8ed-0091-1f0ad778c2a3","tintindex":0},"north":{"uv":[6.75,10.0,6.375,10.5],"rotation":0,"texture":"#c41746e0-287e-a8ed-0091-1f0ad778c2a3","tintindex":0},"south":{"uv":[9.0,10.25,8.625,10.75],"rotation":0,"texture":"#c41746e0-287e-a8ed-0091-1f0ad778c2a3","tintindex":0},"up":{"uv":[10.25,8.125,10.625,7.75],"rotation":0,"texture":"#c41746e0-287e-a8ed-0091-1f0ad778c2a3","tintindex":0},"west":{"uv":[10.5,6.375,10.125,6.875],"rotation":0,"texture":"#c41746e0-287e-a8ed-0091-1f0ad778c2a3","tintindex":0}}},{"name":"cube","from":[6.56,1.1599994,7.88],"to":[8.0,5.4799995,9.32],"rotation":{"angle":22.5,"axis":"x","origin":[8.0,5.0,7.88]},"faces":{"down":{"uv":[1.875,10.375,1.5,10.75],"rotation":0,"texture":"#c41746e0-287e-a8ed-0091-1f0ad778c2a3","tintindex":0},"east":{"uv":[2.25,9.25,1.875,10.375],"rotation":0,"texture":"#c41746e0-287e-a8ed-0091-1f0ad778c2a3","tintindex":0},"north":{"uv":[9.5,9.125,9.125,10.25],"rotation":0,"texture":"#c41746e0-287e-a8ed-0091-1f0ad778c2a3","tintindex":0},"south":{"uv":[1.875,9.25,1.5,10.375],"rotation":0,"texture":"#c41746e0-287e-a8ed-0091-1f0ad778c2a3","tintindex":0},"up":{"uv":[1.125,10.75,1.5,10.375],"rotation":0,"texture":"#c41746e0-287e-a8ed-0091-1f0ad778c2a3","tintindex":0},"west":{"uv":[1.5,9.25,1.125,10.375],"rotation":0,"texture":"#c41746e0-287e-a8ed-0091-1f0ad778c2a3","tintindex":0}}},{"name":"cube","from":[6.32,4.0399995,7.64],"to":[8.24,4.5199995,9.56],"rotation":{"angle":22.5,"axis":"x","origin":[8.0,5.0,7.88]},"faces":{"down":{"uv":[10.375,5.875,9.875,6.375],"rotation":0,"texture":"#c41746e0-287e-a8ed-0091-1f0ad778c2a3","tintindex":0},"east":{"uv":[10.875,0.875,10.375,1.0],"rotation":0,"texture":"#c41746e0-287e-a8ed-0091-1f0ad778c2a3","tintindex":0},"north":{"uv":[10.875,10.375,10.375,10.5],"rotation":0,"texture":"#c41746e0-287e-a8ed-0091-1f0ad778c2a3","tintindex":0},"south":{"uv":[10.875,0.75,10.375,0.875],"rotation":0,"texture":"#c41746e0-287e-a8ed-0091-1f0ad778c2a3","tintindex":0},"up":{"uv":[9.875,5.875,10.375,5.375],"rotation":0,"texture":"#c41746e0-287e-a8ed-0091-1f0ad778c2a3","tintindex":0},"west":{"uv":[10.875,0.625,10.375,0.75],"rotation":0,"texture":"#c41746e0-287e-a8ed-0091-1f0ad778c2a3","tintindex":0}}},{"name":"cube","from":[6.08,1.1599994,7.4],"to":[8.48,2.6,9.8],"rotation":{"angle":22.5,"axis":"x","origin":[8.0,5.0,7.88]},"faces":{"down":{"uv":[0.625,9.375,0.0,10.0],"rotation":0,"texture":"#c41746e0-287e-a8ed-0091-1f0ad778c2a3","tintindex":0},"east":{"uv":[10.625,1.125,10.0,1.5],"rotation":0,"texture":"#c41746e0-287e-a8ed-0091-1f0ad778c2a3","tintindex":0},"north":{"uv":[8.125,0.75,7.5,1.125],"rotation":0,"texture":"#c41746e0-287e-a8ed-0091-1f0ad778c2a3","tintindex":0},"south":{"uv":[6.375,10.0,5.75,10.375],"rotation":0,"texture":"#c41746e0-287e-a8ed-0091-1f0ad778c2a3","tintindex":0},"up":{"uv":[9.25,1.25,9.875,0.625],"rotation":0,"texture":"#c41746e0-287e-a8ed-0091-1f0ad778c2a3","tintindex":0},"west":{"uv":[10.375,3.0,9.75,3.375],"rotation":0,"texture":"#c41746e0-287e-a8ed-0091-1f0ad778c2a3","tintindex":0}}},{"name":"cube","from":[6.56,-0.76000047,7.88],"to":[8.48,1.1599994,9.32],"rotation":{"angle":22.5,"axis":"x","origin":[8.0,5.0,7.88]},"faces":{"down":{"uv":[10.75,3.75,10.25,4.125],"rotation":0,"texture":"#c41746e0-287e-a8ed-0091-1f0ad778c2a3","tintindex":0},"east":{"uv":[10.625,2.25,10.25,2.75],"rotation":0,"texture":"#c41746e0-287e-a8ed-0091-1f0ad778c2a3","tintindex":0},"north":{"uv":[10.375,4.375,9.875,4.875],"rotation":0,"texture":"#c41746e0-287e-a8ed-0091-1f0ad778c2a3","tintindex":0},"south":{"uv":[10.375,4.875,9.875,5.375],"rotation":0,"texture":"#c41746e0-287e-a8ed-0091-1f0ad778c2a3","tintindex":0},"up":{"uv":[10.25,3.75,10.75,3.375],"rotation":0,"texture":"#c41746e0-287e-a8ed-0091-1f0ad778c2a3","tintindex":0},"west":{"uv":[10.625,0.0,10.25,0.5],"rotation":0,"texture":"#c41746e0-287e-a8ed-0091-1f0ad778c2a3","tintindex":0}}}],"display":{"head":{"translation":[0.0,-6.4,0.0],"rotation":[0.0,0.0,0.0],"scale":[3.8095,3.8095,3.8095]},"gui":{"translation":[0.0,0.0,0.0],"rotation":[35.0,225.0,0.0],"scale":[0.625,0.625,0.625]}}}