{"file_name":"leftleg","texture_size":[128,128],"textures":{"c41746e0-287e-a8ed-0091-1f0ad778c2a3":"modelengine:entity/goblinking"},"elements":[{"name":"cube","from":[6.56,5.740773,8.022128],"to":[8.0,9.580772,9.462128],"rotation":{"angle":22.5,"axis":"x","origin":[8.0,8.620773,8.022128]},"faces":{"down":{"uv":[9.875,5.625,9.5,6.0],"rotation":0,"texture":"#c41746e0-287e-a8ed-0091-1f0ad778c2a3","tintindex":0},"east":{"uv":[5.75,9.5,5.375,10.5],"rotation":0,"texture":"#c41746e0-287e-a8ed-0091-1f0ad778c2a3","tintindex":0},"north":{"uv":[9.75,2.375,9.375,3.375],"rotation":0,"texture":"#c41746e0-287e-a8ed-0091-1f0ad778c2a3","tintindex":0},"south":{"uv":[5.375,9.5,5.0,10.5],"rotation":0,"texture":"#c41746e0-287e-a8ed-0091-1f0ad778c2a3","tintindex":0},"up":{"uv":[8.125,1.125,8.5,0.75],"rotation":0,"texture":"#c41746e0-287e-a8ed-0091-1f0ad778c2a3","tintindex":0},"west":{"uv":[3.25,9.5,2.875,10.5],"rotation":0,"texture":"#c41746e0-287e-a8ed-0091-1f0ad778c2a3","tintindex":0}}},{"name":"cube","from":[6.56,2.7096136,7.471064],"to":[8.0,6.0696135,8.911064],"rotation":{"angle":-22.5,"axis":"x","origin":[8.0,4.6296134,7.471064]},"faces":{"down":{"uv":[10.625,7.375,10.25,7.75],"rotation":0,"texture":"#c41746e0-287e-a8ed-0091-1f0ad778c2a3","tintindex":0},"east":{"uv":[9.875,4.75,9.5,5.625],"rotation":0,"texture":"#c41746e0-287e-a8ed-0091-1f0ad778c2a3","tintindex":0},"north":{"uv":[1.875,5.625,1.5,6.5],"rotation":0,"texture":"#c41746e0-287e-a8ed-0091-1f0ad778c2a3","tintindex":0},"south":{"uv":[9.875,9.5,9.5,10.375],"rotation":0,"texture":"#c41746e0-287e-a8ed-0091-1f0ad778c2a3","tintindex":0},"up":{"uv":[10.25,7.375,10.625,7.0],"rotation":0,"texture":"#c41746e0-287e-a8ed-0091-1f0ad778c2a3","tintindex":0},"west":{"uv":[7.25,9.5,6.875,10.375],"rotation":0,"texture":"#c41746e0-287e-a8ed-0091-1f0ad778c2a3","tintindex":0}}},{"name":"cube","from":[6.32,3.189613,7.231064],"to":[8.24,4.1496134,9.151064],"rotation":{"angle":-22.5,"axis":"x","origin":[8.0,4.6296134,7.471064]},"faces":{"down":{"uv":[10.375,8.75,9.875,9.25],"rotation":0,"texture":"#c41746e0-287e-a8ed-0091-1f0ad778c2a3","tintindex":0},"east":{"uv":[4.75,10.375,4.25,10.625],"rotation":0,"texture":"#c41746e0-287e-a8ed-0091-1f0ad778c2a3","tintindex":0},"north":{"uv":[7.875,6.5,7.375,6.75],"rotation":0,"texture":"#c41746e0-287e-a8ed-0091-1f0ad778c2a3","tintindex":0},"south":{"uv":[10.75,9.625,10.25,9.875],"rotation":0,"texture":"#c41746e0-287e-a8ed-0091-1f0ad778c2a3","tintindex":0},"up":{"uv":[9.875,8.75,10.375,8.25],"rotation":0,"texture":"#c41746e0-287e-a8ed-0091-1f0ad778c2a3","tintindex":0},"west":{"uv":[8.25,4.75,7.75,5.0],"rotation":0,"texture":"#c41746e0-287e-a8ed-0091-1f0ad778c2a3","tintindex":0}}},{"name":"cube","from":[6.56,2.6,6.92],"to":[8.0,3.4399998,9.512001],"rotation":{"angle":0.0,"axis":"x","origin":[8.0,4.52,7.88]},"faces":{"down":{"uv":[10.25,9.25,9.875,9.875],"rotation":0,"texture":"#c41746e0-287e-a8ed-0091-1f0ad778c2a3","tintindex":0},"east":{"uv":[9.375,2.375,8.75,2.625],"rotation":0,"texture":"#c41746e0-287e-a8ed-0091-1f0ad778c2a3","tintindex":0},"north":{"uv":[6.125,10.375,5.75,10.625],"rotation":0,"texture":"#c41746e0-287e-a8ed-0091-1f0ad778c2a3","tintindex":0},"south":{"uv":[7.125,10.375,6.75,10.625],"rotation":0,"texture":"#c41746e0-287e-a8ed-0091-1f0ad778c2a3","tintindex":0},"up":{"uv":[0.75,10.5,1.125,9.875],"rotation":0,"texture":"#c41746e0-287e-a8ed-0091-1f0ad778c2a3","tintindex":0},"west":{"uv":[7.375,6.5,6.75,6.75],"rotation":0,"texture":"#c41746e0-287e-a8ed-0091-1f0ad778c2a3","tintindex":0}}}],"display":{"head":{"translation":[0.0,-6.4,0.0],"rotation":[0.0,0.0,0.0],"scale":[3.8095,3.8095,3.8095]},"gui":{"translation":[0.0,0.0,0.0],"rotation":[35.0,225.0,0.0],"scale":[0.625,0.625,0.625]}}}