{"file_name":"rightarm","texture_size":[128,128],"textures":{"c41746e0-287e-a8ed-0091-1f0ad778c2a3":"modelengine:entity/goblinking"},"elements":[{"name":"cube","from":[7.7599998,-0.048375368,-3.228054],"to":[8.96,1.1516247,8.771946],"rotation":{"angle":22.5,"axis":"x","origin":[8.48,-2.088376,4.9319463]},"faces":{"down":{"uv":[4.625,7.25,5.0,10.375],"rotation":0,"texture":"#c41746e0-287e-a8ed-0091-1f0ad778c2a3","tintindex":0},"east":{"uv":[6.5,3.5,9.625,3.875],"rotation":0,"texture":"#c41746e0-287e-a8ed-0091-1f0ad778c2a3","tintindex":0},"north":{"uv":[1.875,10.375,2.25,10.75],"rotation":0,"texture":"#c41746e0-287e-a8ed-0091-1f0ad778c2a3","tintindex":0},"south":{"uv":[2.25,10.375,2.625,10.75],"rotation":0,"texture":"#c41746e0-287e-a8ed-0091-1f0ad778c2a3","tintindex":0},"up":{"uv":[4.625,10.375,4.25,7.25],"rotation":0,"texture":"#c41746e0-287e-a8ed-0091-1f0ad778c2a3","tintindex":0},"west":{"uv":[1.125,7.25,4.25,7.625],"rotation":0,"texture":"#c41746e0-287e-a8ed-0091-1f0ad778c2a3","tintindex":0}}},{"name":"cube","from":[7.28,-0.5283756,1.571946],"to":[9.440001,1.6316247,2.5319464],"rotation":{"angle":22.5,"axis":"x","origin":[8.48,-2.088376,4.9319463]},"faces":{"down":{"uv":[10.25,4.125,10.875,4.375],"rotation":0,"texture":"#c41746e0-287e-a8ed-0091-1f0ad778c2a3","tintindex":0},"east":{"uv":[2.25,3.0,2.5,3.625],"rotation":0,"texture":"#c41746e0-287e-a8ed-0091-1f0ad778c2a3","tintindex":0},"north":{"uv":[3.5,9.375,4.125,10.0],"rotation":0,"texture":"#c41746e0-287e-a8ed-0091-1f0ad778c2a3","tintindex":0},"south":{"uv":[9.375,1.25,10.0,1.875],"rotation":0,"texture":"#c41746e0-287e-a8ed-0091-1f0ad778c2a3","tintindex":0},"up":{"uv":[10.875,3.0,10.25,2.75],"rotation":0,"texture":"#c41746e0-287e-a8ed-0091-1f0ad778c2a3","tintindex":0},"west":{"uv":[2.25,3.625,2.5,4.25],"rotation":0,"texture":"#c41746e0-287e-a8ed-0091-1f0ad778c2a3","tintindex":0}}},{"name":"cube","from":[7.7599998,-1.0083752,-8.028054],"to":[8.96,2.1116242,-3.228054],"rotation":{"angle":22.5,"axis":"x","origin":[8.48,-2.088376,4.9319463]},"faces":{"down":{"uv":[5.75,8.75,6.125,10.0],"rotation":0,"texture":"#c41746e0-287e-a8ed-0091-1f0ad778c2a3","tintindex":0},"east":{"uv":[2.375,7.625,3.625,8.5],"rotation":0,"texture":"#c41746e0-287e-a8ed-0091-1f0ad778c2a3","tintindex":0},"north":{"uv":[9.5,8.5,9.875,9.375],"rotation":0,"texture":"#c41746e0-287e-a8ed-0091-1f0ad778c2a3","tintindex":0},"south":{"uv":[8.25,9.625,8.625,10.5],"rotation":0,"texture":"#c41746e0-287e-a8ed-0091-1f0ad778c2a3","tintindex":0},"up":{"uv":[1.125,9.875,0.75,8.625],"rotation":0,"texture":"#c41746e0-287e-a8ed-0091-1f0ad778c2a3","tintindex":0},"west":{"uv":[7.75,3.875,9.0,4.75],"rotation":0,"texture":"#c41746e0-287e-a8ed-0091-1f0ad778c2a3","tintindex":0}}},{"name":"cube","from":[7.7599998,2.1116242,-6.108054],"to":[8.96,3.0716245,-5.148053],"rotation":{"angle":22.5,"axis":"x","origin":[8.48,-2.088376,4.9319463]},"faces":{"down":{"uv":[9.5,10.375,9.875,10.625],"rotation":0,"texture":"#c41746e0-287e-a8ed-0091-1f0ad778c2a3","tintindex":0},"east":{"uv":[2.25,4.25,2.5,4.5],"rotation":0,"texture":"#c41746e0-287e-a8ed-0091-1f0ad778c2a3","tintindex":0},"north":{"uv":[7.125,10.375,7.5,10.625],"rotation":0,"texture":"#c41746e0-287e-a8ed-0091-1f0ad778c2a3","tintindex":0},"south":{"uv":[7.5,10.375,7.875,10.625],"rotation":0,"texture":"#c41746e0-287e-a8ed-0091-1f0ad778c2a3","tintindex":0},"up":{"uv":[8.25,10.625,7.875,10.375],"rotation":0,"texture":"#c41746e0-287e-a8ed-0091-1f0ad778c2a3","tintindex":0},"west":{"uv":[6.25,5.0,6.5,5.25],"rotation":0,"texture":"#c41746e0-287e-a8ed-0091-1f0ad778c2a3","tintindex":0}}},{"name":"cube","from":[6.8,3.0716245,-7.068054],"to":[9.92,4.9916244,-4.1880546],"rotation":{"angle":22.5,"axis":"x","origin":[8.48,-2.088376,4.9319463]},"faces":{"down":{"uv":[2.0,8.5,2.875,9.25],"rotation":0,"texture":"#c41746e0-287e-a8ed-0091-1f0ad778c2a3","tintindex":0},"east":{"uv":[9.375,6.5,10.125,7.0],"rotation":0,"texture":"#c41746e0-287e-a8ed-0091-1f0ad778c2a3","tintindex":0},"north":{"uv":[8.25,6.0,9.125,6.5],"rotation":0,"texture":"#c41746e0-287e-a8ed-0091-1f0ad778c2a3","tintindex":0},"south":{"uv":[8.25,9.125,9.125,9.625],"rotation":0,"texture":"#c41746e0-287e-a8ed-0091-1f0ad778c2a3","tintindex":0},"up":{"uv":[2.0,9.25,1.125,8.5],"rotation":0,"texture":"#c41746e0-287e-a8ed-0091-1f0ad778c2a3","tintindex":0},"west":{"uv":[6.125,9.5,6.875,10.0],"rotation":0,"texture":"#c41746e0-287e-a8ed-0091-1f0ad778c2a3","tintindex":0}}},{"name":"cube","from":[8.120001,-4.8483763,-8.028054],"to":[8.6,-2.4483762,-4.1880546],"rotation":{"angle":22.5,"axis":"x","origin":[8.48,-2.088376,4.9319463]},"faces":{"down":{"uv":[0.375,10.0,0.5,11.0],"rotation":0,"texture":"#c41746e0-287e-a8ed-0091-1f0ad778c2a3","tintindex":0},"east":{"uv":[7.5,8.5,8.5,9.125],"rotation":0,"texture":"#c41746e0-287e-a8ed-0091-1f0ad778c2a3","tintindex":0},"north":{"uv":[4.75,10.375,4.875,11.0],"rotation":0,"texture":"#c41746e0-287e-a8ed-0091-1f0ad778c2a3","tintindex":0},"south":{"uv":[4.875,10.375,5.0,11.0],"rotation":0,"texture":"#c41746e0-287e-a8ed-0091-1f0ad778c2a3","tintindex":0},"up":{"uv":[2.875,10.875,2.75,9.875],"rotation":0,"texture":"#c41746e0-287e-a8ed-0091-1f0ad778c2a3","tintindex":0},"west":{"uv":[8.5,8.5,9.5,9.125],"rotation":0,"texture":"#c41746e0-287e-a8ed-0091-1f0ad778c2a3","tintindex":0}}},{"name":"cube","from":[8.120001,-2.4483762,-8.028054],"to":[8.6,-1.0083752,-5.6280546],"rotation":{"angle":22.5,"axis":"x","origin":[8.48,-2.088376,4.9319463]},"faces":{"down":{"uv":[10.0,10.375,10.125,11.0],"rotation":0,"texture":"#c41746e0-287e-a8ed-0091-1f0ad778c2a3","tintindex":0},"east":{"uv":[10.0,1.5,10.625,1.875],"rotation":0,"texture":"#c41746e0-287e-a8ed-0091-1f0ad778c2a3","tintindex":0},"north":{"uv":[9.625,4.375,9.75,4.75],"rotation":0,"texture":"#c41746e0-287e-a8ed-0091-1f0ad778c2a3","tintindex":0},"south":{"uv":[9.75,4.375,9.875,4.75],"rotation":0,"texture":"#c41746e0-287e-a8ed-0091-1f0ad778c2a3","tintindex":0},"up":{"uv":[10.0,11.0,9.875,10.375],"rotation":0,"texture":"#c41746e0-287e-a8ed-0091-1f0ad778c2a3","tintindex":0},"west":{"uv":[10.125,1.875,10.75,2.25],"rotation":0,"texture":"#c41746e0-287e-a8ed-0091-1f0ad778c2a3","tintindex":0}}},{"name":"cube","from":[8.120001,-1.1482105,-4.550041],"to":[8.6,1.2517902,-2.630042],"rotation":{"angle":0.0,"axis":"x","origin":[8.360001,1.2517902,-6.470042]},"faces":{"down":{"uv":[6.375,8.0,6.5,8.5],"rotation":0,"texture":"#c41746e0-287e-a8ed-0091-1f0ad778c2a3","tintindex":0},"east":{"uv":[9.75,0.0,10.25,0.625],"rotation":0,"texture":"#c41746e0-287e-a8ed-0091-1f0ad778c2a3","tintindex":0},"north":{"uv":[6.125,10.375,6.25,11.0],"rotation":0,"texture":"#c41746e0-287e-a8ed-0091-1f0ad778c2a3","tintindex":0},"south":{"uv":[6.25,10.375,6.375,11.0],"rotation":0,"texture":"#c41746e0-287e-a8ed-0091-1f0ad778c2a3","tintindex":0},"up":{"uv":[6.375,8.5,6.25,8.0],"rotation":0,"texture":"#c41746e0-287e-a8ed-0091-1f0ad778c2a3","tintindex":0},"west":{"uv":[9.75,2.375,10.25,3.0],"rotation":0,"texture":"#c41746e0-287e-a8ed-0091-1f0ad778c2a3","tintindex":0}}},{"name":"cube","from":[8.120001,-2.0656514,-3.4023304],"to":[8.6,0.33434868,-1.4823313],"rotation":{"angle":-22.5,"axis":"x","origin":[8.360001,0.33434868,-5.3223314]},"faces":{"down":{"uv":[3.375,9.5,3.5,10.0],"rotation":0,"texture":"#c41746e0-287e-a8ed-0091-1f0ad778c2a3","tintindex":0},"east":{"uv":[9.75,7.0,10.25,7.625],"rotation":0,"texture":"#c41746e0-287e-a8ed-0091-1f0ad778c2a3","tintindex":0},"north":{"uv":[10.125,10.375,10.25,11.0],"rotation":0,"texture":"#c41746e0-287e-a8ed-0091-1f0ad778c2a3","tintindex":0},"south":{"uv":[10.25,10.375,10.375,11.0],"rotation":0,"texture":"#c41746e0-287e-a8ed-0091-1f0ad778c2a3","tintindex":0},"up":{"uv":[3.375,10.0,3.25,9.5],"rotation":0,"texture":"#c41746e0-287e-a8ed-0091-1f0ad778c2a3","tintindex":0},"west":{"uv":[9.75,7.625,10.25,8.25],"rotation":0,"texture":"#c41746e0-287e-a8ed-0091-1f0ad778c2a3","tintindex":0}}},{"name":"cube","from":[8.0,6.812397,7.474075],"to":[9.440001,9.212398,9.394075],"rotation":{"angle":0.0,"axis":"x",