{"file_name":"birdman","texture_size":[32,32],"textures":{"b107bab4-6da3-46f6-34b2-3f537b39295f":"modelengine:entity/birdman"},"elements":[{"name":"cube","from":[6.8,5.0054502,5.951606],"to":[9.2,9.20545,5.951606],"rotation":{"angle":-22.5,"axis":"x","origin":[8.0,9.20545,5.051606]},"faces":{"down":{"uv":[0.0,10.5,2.0,12.5],"rotation":0,"texture":"#b107bab4-6da3-46f6-34b2-3f537b39295f","tintindex":0},"east":{"uv":[8.5,0.0,10.5,3.5],"rotation":0,"texture":"#b107bab4-6da3-46f6-34b2-3f537b39295f","tintindex":0},"north":{"uv":[0.0,7.0,2.0,10.5],"rotation":0,"texture":"#b107bab4-6da3-46f6-34b2-3f537b39295f","tintindex":0},"south":{"uv":[0.0,7.0,2.0,10.5],"rotation":0,"texture":"#b107bab4-6da3-46f6-34b2-3f537b39295f","tintindex":0},"up":{"uv":[8.0,11.0,6.0,9.0],"rotation":0,"texture":"#b107bab4-6da3-46f6-34b2-3f537b39295f","tintindex":0},"west":{"uv":[8.5,0.0,10.5,3.5],"rotation":0,"texture":"#b107bab4-6da3-46f6-34b2-3f537b39295f","tintindex":0}}},{"name":"cube","from":[6.8,5.0054502,5.951606],"to":[6.8,9.20545,8.351606],"rotation":{"angle":-22.5,"axis":"x","origin":[8.0,9.20545,5.051606]},"faces":{"down":{"uv":[0.0,10.5,2.0,12.5],"rotation":0,"texture":"#b107bab4-6da3-46f6-34b2-3f537b39295f","tintindex":0},"east":{"uv":[2.0,7.0,4.0,10.5],"rotation":0,"texture":"#b107bab4-6da3-46f6-34b2-3f537b39295f","tintindex":0},"north":{"uv":[0.0,7.0,2.0,10.5],"rotation":0,"texture":"#b107bab4-6da3-46f6-34b2-3f537b39295f","tintindex":0},"south":{"uv":[8.5,8.5,10.5,12.0],"rotation":0,"texture":"#b107bab4-6da3-46f6-34b2-3f537b39295f","tintindex":0},"up":{"uv":[8.0,11.0,6.0,9.0],"rotation":0,"texture":"#b107bab4-6da3-46f6-34b2-3f537b39295f","tintindex":0},"west":{"uv":[8.5,0.0,10.5,3.5],"rotation":0,"texture":"#b107bab4-6da3-46f6-34b2-3f537b39295f","tintindex":0}}},{"name":"cube","from":[9.2,5.0054502,5.951606],"to":[9.2,9.20545,8.351606],"rotation":{"angle":-22.5,"axis":"x","origin":[8.0,9.20545,5.051606]},"faces":{"down":{"uv":[0.0,10.5,2.0,12.5],"rotation":0,"texture":"#b107bab4-6da3-46f6-34b2-3f537b39295f","tintindex":0},"east":{"uv":[2.0,7.0,4.0,10.5],"rotation":0,"texture":"#b107bab4-6da3-46f6-34b2-3f537b39295f","tintindex":0},"north":{"uv":[0.0,7.0,2.0,10.5],"rotation":0,"texture":"#b107bab4-6da3-46f6-34b2-3f537b39295f","tintindex":0},"south":{"uv":[8.5,8.5,10.5,12.0],"rotation":0,"texture":"#b107bab4-6da3-46f6-34b2-3f537b39295f","tintindex":0},"up":{"uv":[8.0,11.0,6.0,9.0],"rotation":0,"texture":"#b107bab4-6da3-46f6-34b2-3f537b39295f","tintindex":0},"west":{"uv":[4.0,7.0,2.0,10.5],"rotation":0,"texture":"#b107bab4-6da3-46f6-34b2-3f537b39295f","tintindex":0}}},{"name":"cube","from":[6.8,5.0054502,8.351606],"to":[9.2,9.20545,8.351606],"rotation":{"angle":-22.5,"axis":"x","origin":[8.0,9.20545,5.051606]},"faces":{"down":{"uv":[0.0,10.5,2.0,12.5],"rotation":0,"texture":"#b107bab4-6da3-46f6-34b2-3f537b39295f","tintindex":0},"east":{"uv":[2.0,7.0,4.0,10.5],"rotation":0,"texture":"#b107bab4-6da3-46f6-34b2-3f537b39295f","tintindex":0},"north":{"uv":[8.5,8.5,10.5,12.0],"rotation":0,"texture":"#b107bab4-6da3-46f6-34b2-3f537b39295f","tintindex":0},"south":{"uv":[8.5,8.5,10.5,12.0],"rotation":0,"texture":"#b107bab4-6da3-46f6-34b2-3f537b39295f","tintindex":0},"up":{"uv":[8.0,11.0,6.0,9.0],"rotation":0,"texture":"#b107bab4-6da3-46f6-34b2-3f537b39295f","tintindex":0},"west":{"uv":[8.5,0.0,10.5,3.5],"rotation":0,"texture":"#b107bab4-6da3-46f6-34b2-3f537b39295f","tintindex":0}}},{"name":"cube","from":[7.4,8.447275,9.204197],"to":[8.6,10.247275,9.804197],"rotation":{"angle":-22.5,"axis":"x","origin":[8.6,5.447274,5.124197]},"faces":{"down":{"uv":[12.0,12.0,13.0,12.5],"rotation":0,"texture":"#b107bab4-6da3-46f6-34b2-3f537b39295f","tintindex":0},"east":{"uv":[9.0,12.0,9.5,13.5],"rotation":0,"texture":"#b107bab4-6da3-46f6-34b2-3f537b39295f","tintindex":0},"north":{"uv":[11.5,7.0,12.5,8.5],"rotation":0,"texture":"#b107bab4-6da3-46f6-34b2-3f537b39295f","tintindex":0},"south":{"uv":[3.5,12.0,4.5,13.5],"rotation":0,"texture":"#b107bab4-6da3-46f6-34b2-3f537b39295f","tintindex":0},"up":{"uv":[12.0,12.5,11.0,12.0],"rotation":0,"texture":"#b107bab4-6da3-46f6-34b2-3f537b39295f","tintindex":0},"west":{"uv":[9.5,12.0,10.0,13.5],"rotation":0,"texture":"#b107bab4-6da3-46f6-34b2-3f537b39295f","tintindex":0}}},{"name":"cube","from":[6.2,0.047274828,9.624197],"to":[9.8,4.2472744,9.624197],"rotation":{"angle":-45.0,"axis":"x","origin":[8.6,5.447274,5.124197]},"faces":{"down":{"uv":[0.0,0.0,3.0,0.0],"rotation":0,"texture":"#b107bab4-6da3-46f6-34b2-3f537b39295f","tintindex":0},"east":{"uv":[0.0,0.0,0.0,3.5],"rotation":0,"texture":"#b107bab4-6da3-46f6-34b2-3f537b39295f","tintindex":0},"north":{"uv":[5.5,5.5,8.5,9.0],"rotation":0,"texture":"#b107bab4-6da3-46f6-34b2-3f537b39295f","tintindex":0},"south":{"uv":[5.5,0.0,8.5,3.5],"rotation":0,"texture":"#b107bab4-6da3-46f6-34b2-3f537b39295f","tintindex":0},"up":{"uv":[3.0,0.0,0.0,0.0],"rotation":0,"texture":"#b107bab4-6da3-46f6-34b2-3f537b39295f","tintindex":0},"west":{"uv":[0.0,0.0,0.0,3.5],"rotation":0,"texture":"#b107bab4-6da3-46f6-34b2-3f537b39295f","tintindex":0}}}],"display":{"head":{"translation":[0.0,-6.4,0.0],"rotation":[0.0,0.0,0.0],"scale":[3.8095,3.8095,3.8095]},"gui":{"translation":[0.0,0.0,0.0],"rotation":[35.0,225.0,0.0],"scale":[0.625,0.625,0.625]}}}