{"file_name":"leftwing","texture_size":[32,32],"textures":{"b107bab4-6da3-46f6-34b2-3f537b39295f":"modelengine:entity/birdman"},"elements":[{"name":"cube","from":[5.025736,8.000601,7.4213204],"to":[8.025736,8.000601,9.821321],"rotation":{"angle":0.0,"axis":"x","origin":[9.825736,3.8006,6.22132]},"faces":{"down":{"uv":[8.0,3.5,10.5,5.5],"rotation":0,"texture":"#b107bab4-6da3-46f6-34b2-3f537b39295f","tintindex":0},"east":{"uv":[0.0,0.0,2.0,0.0],"rotation":0,"texture":"#b107bab4-6da3-46f6-34b2-3f537b39295f","tintindex":0},"north":{"uv":[0.0,0.0,2.5,0.0],"rotation":0,"texture":"#b107bab4-6da3-46f6-34b2-3f537b39295f","tintindex":0},"south":{"uv":[0.0,0.0,2.5,0.0],"rotation":0,"texture":"#b107bab4-6da3-46f6-34b2-3f537b39295f","tintindex":0},"up":{"uv":[8.0,5.5,5.5,3.5],"rotation":0,"texture":"#b107bab4-6da3-46f6-34b2-3f537b39295f","tintindex":0},"west":{"uv":[0.0,0.0,2.0,0.0],"rotation":0,"texture":"#b107bab4-6da3-46f6-34b2-3f537b39295f","tintindex":0}}},{"name":"cube","from":[-2.9500003,7.9400005,6.5],"to":[3.6499999,7.9400005,10.700001],"rotation":{"angle":45.0,"axis":"y","origin":[5.45,3.8000002,5.3]},"faces":{"down":{"uv":[0.0,3.5,5.5,7.0],"rotation":0,"texture":"#b107bab4-6da3-46f6-34b2-3f537b39295f","tintindex":0},"east":{"uv":[0.0,0.0,3.5,0.0],"rotation":0,"texture":"#b107bab4-6da3-46f6-34b2-3f537b39295f","tintindex":0},"north":{"uv":[0.0,0.0,5.5,0.0],"rotation":0,"texture":"#b107bab4-6da3-46f6-34b2-3f537b39295f","tintindex":0},"south":{"uv":[0.0,0.0,5.5,0.0],"rotation":0,"texture":"#b107bab4-6da3-46f6-34b2-3f537b39295f","tintindex":0},"up":{"uv":[5.5,3.5,0.0,0.0],"rotation":0,"texture":"#b107bab4-6da3-46f6-34b2-3f537b39295f","tintindex":0},"west":{"uv":[0.0,0.0,3.5,0.0],"rotation":0,"texture":"#b107bab4-6da3-46f6-34b2-3f537b39295f","tintindex":0}}}],"display":{"head":{"translation":[0.0,-6.4,0.0],"rotation":[0.0,0.0,0.0],"scale":[3.8095,3.8095,3.8095]},"gui":{"translation":[0.0,0.0,0.0],"rotation":[35.0,225.0,0.0],"scale":[0.625,0.625,0.625]}}}