{"file_name":"leftleg","texture_size":[32,32],"textures":{"b107bab4-6da3-46f6-34b2-3f537b39295f":"modelengine:entity/birdman"},"elements":[{"name":"cube","from":[7.4,7.0913796,7.4913445],"to":[8.0,7.0913796,9.291345],"rotation":{"angle":-22.5,"axis":"x","origin":[9.2,4.6913795,6.2913446]},"faces":{"down":{"uv":[10.5,12.0,11.0,13.5],"rotation":0,"texture":"#b107bab4-6da3-46f6-34b2-3f537b39295f","tintindex":0},"east":{"uv":[0.0,0.0,1.5,0.0],"rotation":0,"texture":"#b107bab4-6da3-46f6-34b2-3f537b39295f","tintindex":0},"north":{"uv":[0.0,0.0,0.5,0.0],"rotation":0,"texture":"#b107bab4-6da3-46f6-34b2-3f537b39295f","tintindex":0},"south":{"uv":[0.0,0.0,0.5,0.0],"rotation":0,"texture":"#b107bab4-6da3-46f6-34b2-3f537b39295f","tintindex":0},"up":{"uv":[10.5,13.5,10.0,12.0],"rotation":0,"texture":"#b107bab4-6da3-46f6-34b2-3f537b39295f","tintindex":0},"west":{"uv":[0.0,0.0,1.5,0.0],"rotation":0,"texture":"#b107bab4-6da3-46f6-34b2-3f537b39295f","tintindex":0}}},{"name":"cube","from":[7.4,4.00232,7.627807],"to":[8.0,6.40232,7.627807],"rotation":{"angle":-22.5,"axis":"x","origin":[9.2,4.00232,4.6278067]},"faces":{"down":{"uv":[0.0,0.0,0.5,0.0],"rotation":0,"texture":"#b107bab4-6da3-46f6-34b2-3f537b39295f","tintindex":0},"east":{"uv":[0.0,0.0,0.0,2.0],"rotation":0,"texture":"#b107bab4-6da3-46f6-34b2-3f537b39295f","tintindex":0},"north":{"uv":[8.0,9.0,8.5,11.0],"rotation":0,"texture":"#b107bab4-6da3-46f6-34b2-3f537b39295f","tintindex":0},"south":{"uv":[8.5,12.0,9.0,14.0],"rotation":0,"texture":"#b107bab4-6da3-46f6-34b2-3f537b39295f","tintindex":0},"up":{"uv":[0.5,0.0,0.0,0.0],"rotation":0,"texture":"#b107bab4-6da3-46f6-34b2-3f537b39295f","tintindex":0},"west":{"uv":[0.0,0.0,0.0,2.0],"rotation":0,"texture":"#b107bab4-6da3-46f6-34b2-3f537b39295f","tintindex":0}}},{"name":"cube","from":[6.8,5.1499996,5.6],"to":[8.0,5.1499996,7.4],"rotation":{"angle":0.0,"axis":"x","origin":[9.2,5.1499996,4.3999996]},"faces":{"down":{"uv":[5.5,12.0,6.5,13.5],"rotation":0,"texture":"#b107bab4-6da3-46f6-34b2-3f537b39295f","tintindex":0},"east":{"uv":[0.0,0.0,1.5,0.0],"rotation":0,"texture":"#b107bab4-6da3-46f6-34b2-3f537b39295f","tintindex":0},"north":{"uv":[0.0,0.0,1.0,0.0],"rotation":0,"texture":"#b107bab4-6da3-46f6-34b2-3f537b39295f","tintindex":0},"south":{"uv":[0.0,0.0,1.0,0.0],"rotation":0,"texture":"#b107bab4-6da3-46f6-34b2-3f537b39295f","tintindex":0},"up":{"uv":[5.5,13.5,4.5,12.0],"rotation":0,"texture":"#b107bab4-6da3-46f6-34b2-3f537b39295f","tintindex":0},"west":{"uv":[0.0,0.0,1.5,0.0],"rotation":0,"texture":"#b107bab4-6da3-46f6-34b2-3f537b39295f","tintindex":0}}}],"display":{"head":{"translation":[0.0,-6.4,0.0],"rotation":[0.0,0.0,0.0],"scale":[3.8095,3.8095,3.8095]},"gui":{"translation":[0.0,0.0,0.0],"rotation":[35.0,225.0,0.0],"scale":[0.625,0.625,0.625]}}}