{"textures":{"0":"modelengine:entity/amethystgolem"},"elements":[{"name":"cube","from":[3.9285712,6.218706,0.8625691],"to":[11.728572,12.818709,9.262569],"rotation":{"angle":0.0,"axis":"x","origin":[7.8285713,3.5187063,21.96257]},"faces":{"down":{"uv":[2.1875,10.6875,1.375,11.5625],"rotation":0,"texture":"#0","tintindex":0},"east":{"uv":[7.75,11.375,8.625,12.0625],"rotation":0,"texture":"#0","tintindex":0},"north":{"uv":[11.5,4.25,12.3125,4.9375],"rotation":0,"texture":"#0","tintindex":0},"south":{"uv":[11.5,7.375,12.3125,8.0625],"rotation":0,"texture":"#0","tintindex":0},"up":{"uv":[1.375,11.5625,0.5625,10.6875],"rotation":0,"texture":"#0","tintindex":0},"west":{"uv":[11.5,0.0,12.375,0.6875],"rotation":0,"texture":"#0","tintindex":0}}},{"name":"cube","from":[5.7285714,4.4187064,0.8625691],"to":[9.928572,6.218706,2.6625693],"rotation":{"angle":0.0,"axis":"x","origin":[7.8285713,3.5187063,21.96257]},"faces":{"down":{"uv":[13.8125,1.0,13.375,1.1875],"rotation":0,"texture":"#0","tintindex":0},"east":{"uv":[0.5625,10.5,0.75,10.6875],"rotation":0,"texture":"#0","tintindex":0},"north":{"uv":[12.125,8.8125,12.5625,9.0],"rotation":0,"texture":"#0","tintindex":0},"south":{"uv":[12.8125,9.8125,13.25,10.0],"rotation":0,"texture":"#0","tintindex":0},"up":{"uv":[13.75,6.6875,13.3125,6.5],"rotation":0,"texture":"#0","tintindex":0},"west":{"uv":[10.0,11.0625,10.1875,11.25],"rotation":0,"texture":"#0","tintindex":0}}},{"name":"cube","from":[2.7285714,9.218709,-0.33743095],"to":[12.928573,11.018709,3.2625692],"rotation":{"angle":0.0,"axis":"x","origin":[7.8285713,3.5187063,21.96257]},"faces":{"down":{"uv":[13.1875,6.875,12.125,7.25],"rotation":0,"texture":"#0","tintindex":0},"east":{"uv":[13.375,1.5625,13.75,1.75],"rotation":0,"texture":"#0","tintindex":0},"north":{"uv":[7.5,1.375,8.5625,1.5625],"rotation":0,"texture":"#0","tintindex":0},"south":{"uv":[12.8125,7.75,13.875,7.9375],"rotation":0,"texture":"#0","tintindex":0},"up":{"uv":[9.75,1.375,8.6875,1.0],"rotation":0,"texture":"#0","tintindex":0},"west":{"uv":[13.375,1.75,13.75,1.9375],"rotation":0,"texture":"#0","tintindex":0}}}],"display":{"head":{"translation":[0.0,-6.4,0.0],"rotation":[0.0,0.0,0.0],"scale":[3.8095,3.8095,3.8095]}}}