{"textures":{"0":"modelengine:entity/amethystgolem"},"elements":[{"name":"cube","from":[6.937641,5.991967,6.727207],"to":[8.737641,8.391967,8.527207],"rotation":{"angle":0.0,"axis":"x","origin":[9.579454,0.7625959,20.936413]},"faces":{"down":{"uv":[1.0,8.875,0.8125,9.0625],"rotation":0,"texture":"#0","tintindex":0},"east":{"uv":[11.8125,12.5625,12.0,12.8125],"rotation":0,"texture":"#0","tintindex":0},"north":{"uv":[7.0,12.375,7.1875,12.625],"rotation":0,"texture":"#0","tintindex":0},"south":{"uv":[9.8125,12.6875,10.0,12.9375],"rotation":0,"texture":"#0","tintindex":0},"up":{"uv":[7.4375,8.3125,7.25,8.125],"rotation":0,"texture":"#0","tintindex":0},"west":{"uv":[4.3125,12.875,4.5,13.125],"rotation":0,"texture":"#0","tintindex":0}}},{"name":"cube","from":[5.7376413,2.3919668,1.3272073],"to":[8.737641,5.991967,8.527207],"rotation":{"angle":0.0,"axis":"x","origin":[9.579454,0.7625959,20.936413]},"faces":{"down":{"uv":[13.3125,5.9375,13.0,6.6875],"rotation":0,"texture":"#0","tintindex":0},"east":{"uv":[10.0,12.625,10.75,13.0],"rotation":0,"texture":"#0","tintindex":0},"north":{"uv":[9.9375,6.1875,10.25,6.5625],"rotation":0,"texture":"#0","tintindex":0},"south":{"uv":[10.8125,11.25,11.125,11.625],"rotation":0,"texture":"#0","tintindex":0},"up":{"uv":[6.6875,11.9375,6.375,11.1875],"rotation":0,"texture":"#0","tintindex":0},"west":{"uv":[12.6875,0.625,13.4375,1.0],"rotation":0,"texture":"#0","tintindex":0}}}],"display":{"head":{"translation":[0.0,-6.4,0.0],"rotation":[0.0,0.0,0.0],"scale":[3.8095,3.8095,3.8095]}}}