{"textures":{"0":"modelengine:entity/amethystgolem"},"elements":[{"name":"cube","from":[7.2623587,5.991967,6.727207],"to":[9.062359,8.391967,8.527207],"rotation":{"angle":0.0,"axis":"x","origin":[6.6561394,1.3313695,19.244965]},"faces":{"down":{"uv":[8.5,12.0625,8.3125,12.25],"rotation":0,"texture":"#0","tintindex":0},"east":{"uv":[13.375,7.125,13.5625,7.375],"rotation":0,"texture":"#0","tintindex":0},"north":{"uv":[8.625,13.3125,8.8125,13.5625],"rotation":0,"texture":"#0","tintindex":0},"south":{"uv":[13.375,7.375,13.5625,7.625],"rotation":0,"texture":"#0","tintindex":0},"up":{"uv":[12.125,8.25,11.9375,8.0625],"rotation":0,"texture":"#0","tintindex":0},"west":{"uv":[13.1875,13.375,13.375,13.625],"rotation":0,"texture":"#0","tintindex":0}}},{"name":"cube","from":[7.2623587,2.3919668,1.3272073],"to":[10.26236,5.991967,8.527207],"rotation":{"angle":0.0,"axis":"x","origin":[6.6561394,1.3313695,19.244965]},"faces":{"down":{"uv":[10.125,13.0,9.8125,13.75],"rotation":0,"texture":"#0","tintindex":0},"east":{"uv":[6.25,12.6875,7.0,13.0625],"rotation":0,"texture":"#0","tintindex":0},"north":{"uv":[13.3125,4.3125,13.625,4.6875],"rotation":0,"texture":"#0","tintindex":0},"south":{"uv":[5.25,13.3125,5.5625,13.6875],"rotation":0,"texture":"#0","tintindex":0},"up":{"uv":[9.1875,13.75,8.875,13.0],"rotation":0,"texture":"#0","tintindex":0},"west":{"uv":[12.6875,8.0,13.4375,8.375],"rotation":0,"texture":"#0","tintindex":0}}}],"display":{"head":{"translation":[0.0,-6.4,0.0],"rotation":[0.0,0.0,0.0],"scale":[3.8095,3.8095,3.8095]}}}