{"textures":{"0":"modelengine:entity/amethystgolem"},"elements":[{"name":"cube","from":[1.9999998,1.3999997,5.0],"to":[6.2,5.0,10.4],"rotation":{"angle":0.0,"axis":"x","origin":[7.3704405,28.303024,2.9460251]},"faces":{"down":{"uv":[13.375,1.5625,12.9375,2.125],"rotation":0,"texture":"#0","tintindex":0},"east":{"uv":[2.125,13.125,2.6875,13.5],"rotation":0,"texture":"#0","tintindex":0},"north":{"uv":[4.3125,13.25,4.75,13.625],"rotation":0,"texture":"#0","tintindex":0},"south":{"uv":[13.25,9.8125,13.6875,10.1875],"rotation":0,"texture":"#0","tintindex":0},"up":{"uv":[13.375,1.5625,12.9375,1.0],"rotation":0,"texture":"#0","tintindex":0},"west":{"uv":[2.6875,13.125,3.25,13.5],"rotation":0,"texture":"#0","tintindex":0}}},{"name":"cube","from":[1.9999998,5.0,5.0],"to":[7.4,11.0,12.2],"rotation":{"angle":0.0,"axis":"x","origin":[7.3704405,28.303024,2.9460251]},"faces":{"down":{"uv":[3.9375,12.125,3.375,12.875],"rotation":0,"texture":"#0","tintindex":0},"east":{"uv":[10.0,12.0,10.75,12.625],"rotation":0,"texture":"#0","tintindex":0},"north":{"uv":[2.6875,12.5,3.25,13.125],"rotation":0,"texture":"#0","tintindex":0},"south":{"uv":[12.5,4.75,13.0625,5.375],"rotation":0,"texture":"#0","tintindex":0},"up":{"uv":[8.3125,12.8125,7.75,12.0625],"rotation":0,"texture":"#0","tintindex":0},"west":{"uv":[12.0,10.0,12.75,10.625],"rotation":0,"texture":"#0","tintindex":0}}},{"name":"cube","from":[-7.212781,10.172294,6.2],"to":[-4.2127814,20.972294,14.6],"rotation":{"angle":22.5,"axis":"z","origin":[7.3704405,28.303024,2.9460251]},"faces":{"down":{"uv":[3.875,12.875,3.5625,13.75],"rotation":0,"texture":"#0","tintindex":0},"east":{"uv":[9.375,6.625,10.25,7.75],"rotation":0,"texture":"#0","tintindex":0},"north":{"uv":[5.9375,12.0625,6.25,13.1875],"rotation":0,"texture":"#0","tintindex":0},"south":{"uv":[4.5,12.125,4.8125,13.25],"rotation":0,"texture":"#0","tintindex":0},"up":{"uv":[3.5625,13.75,3.25,12.875],"rotation":0,"texture":"#0","tintindex":0},"west":{"uv":[7.75,9.375,8.625,10.5],"rotation":0,"texture":"#0","tintindex":0}}}],"display":{"head":{"translation":[0.0,-6.4,0.0],"rotation":[0.0,0.0,0.0],"scale":[3.8095,3.8095,3.8095]}}}