{"textures":{"0":"modelengine:entity/amethystgolem"},"elements":[{"name":"cube","from":[-0.74630594,-5.1365747,-5.985259],"to":[5.682266,2.1491396,4.7290273],"rotation":{"angle":0.0,"axis":"x","origin":[18.953688,2.8646946,9.209626]},"faces":{"down":{"uv":[3.0,7.5,2.0625,9.0625],"rotation":0,"texture":"#0","tintindex":0},"east":{"uv":[6.5,4.5,8.0625,5.5625],"rotation":0,"texture":"#0","tintindex":0},"north":{"uv":[6.8125,9.25,7.75,10.3125],"rotation":0,"texture":"#0","tintindex":0},"south":{"uv":[9.375,3.6875,10.3125,4.75],"rotation":0,"texture":"#0","tintindex":0},"up":{"uv":[2.0625,9.0625,1.125,7.5],"rotation":0,"texture":"#0","tintindex":0},"west":{"uv":[7.0,1.625,8.5625,2.6875],"rotation":0,"texture":"#0","tintindex":0}}},{"name":"cube","from":[-0.44742727,4.2416706,-8.032401],"to":[10.695429,8.098814,-4.6038294],"rotation":{"angle":45.0,"axis":"y","origin":[18.953688,2.8646946,9.209626]},"faces":{"down":{"uv":[6.6875,10.3125,7.1875,11.9375],"rotation":270,"texture":"#0","tintindex":0},"east":{"uv":[13.375,7.25,12.8125,7.75],"rotation":270,"texture":"#0","tintindex":0},"north":{"uv":[0.0,9.625,0.5625,11.25],"rotation":90,"texture":"#0","tintindex":0},"south":{"uv":[9.75,0.0,10.3125,1.625],"rotation":270,"texture":"#0","tintindex":0},"up":{"uv":[10.3125,3.0625,10.8125,4.6875],"rotation":270,"texture":"#0","tintindex":0},"west":{"uv":[5.9375,13.3125,5.375,12.8125],"rotation":270,"texture":"#0","tintindex":0}}},{"name":"cube","from":[-2.0320206,-0.45148134,-2.2004318],"to":[6.9679804,5.977092,7.6567116],"rotation":{"angle":-45.0,"axis":"x","origin":[18.953688,2.8646946,9.209626]},"faces":{"down":{"uv":[7.5,6.125,6.1875,7.5625],"rotation":0,"texture":"#0","tintindex":0},"east":{"uv":[4.375,7.5625,5.8125,8.5],"rotation":0,"texture":"#0","tintindex":0},"north":{"uv":[8.0625,4.0625,9.375,5.0],"rotation":0,"texture":"#0","tintindex":0},"south":{"uv":[7.25,8.3125,8.5625,9.25],"rotation":0,"texture":"#0","tintindex":0},"up":{"uv":[6.1875,7.5625,4.875,6.125],"rotation":0,"texture":"#0","tintindex":0},"west":{"uv":[5.8125,7.5625,7.25,8.5],"rotation":0,"texture":"#0","tintindex":0}}},{"name":"cube","from":[9.244693,20.857145,0.28571415],"to":[14.816122,32.0,4.9999995],"rotation":{"angle":45.0,"axis":"z","origin":[18.953688,2.8646946,9.209626]},"faces":{"down":{"uv":[2.1875,11.5625,1.375,12.25],"rotation":0,"texture":"#0","tintindex":0},"east":{"uv":[0.8125,9.0625,1.5,10.6875],"rotation":0,"texture":"#0","tintindex":0},"north":{"uv":[3.0,7.875,3.8125,9.5],"rotation":0,"texture":"#0","tintindex":0},"south":{"uv":[0.0,8.0,0.8125,9.625],"rotation":0,"texture":"#0","tintindex":0},"up":{"uv":[1.375,12.25,0.5625,11.5625],"rotation":0,"texture":"#0","tintindex":0},"west":{"uv":[1.5,9.0625,2.1875,10.6875],"rotation":0,"texture":"#0","tintindex":0}}},{"name":"cube","from":[-2.889163,2.1491396,-4.270973],"to":[7.8251233,14.149138,7.7290273],"rotation":{"angle":0.0,"axis":"x","origin":[18.953688,2.8646946,9.209626]},"faces":{"down":{"uv":[4.875,4.625,3.3125,6.375],"rotation":0,"texture":"#0","tintindex":0},"east":{"uv":[2.25,2.875,4.0,4.625],"rotation":0,"texture":"#0","tintindex":0},"north":{"uv":[4.0,2.875,5.5625,4.625],"rotation":0,"texture":"#0","tintindex":0},"south":{"uv":[4.5,0.0,6.0625,1.75],"rotation":0,"texture":"#0","tintindex":0},"up":{"uv":[3.3125,6.375,1.75,4.625],"rotation":0,"texture":"#0","tintindex":0},"west":{"uv":[0.0,3.25,1.75,5.0],"rotation":0,"texture":"#0","tintindex":0}}}],"display":{"head":{"translation":[0.0,-5.168905,0.0],"rotation":[0.0,0.0,0.0],"scale":[3.7333333,3.7333333,3.7333333]}}}