{"textures":{"0":"modelengine:entity/amethystgolem"},"elements":[{"name":"cube","from":[-7.0328827,16.400002,1.1335263],"to":[0.16711688,28.399998,7.7335267],"rotation":{"angle":-22.5,"axis":"z","origin":[10.159128,18.99794,8.61893]},"faces":{"down":{"uv":[12.5,5.625,11.75,6.3125],"rotation":0,"texture":"#0","tintindex":0},"east":{"uv":[2.1875,10.25,2.875,11.5],"rotation":0,"texture":"#0","tintindex":0},"north":{"uv":[9.4375,9.375,10.1875,10.625],"rotation":0,"texture":"#0","tintindex":0},"south":{"uv":[3.0,9.5,3.75,10.75],"rotation":0,"texture":"#0","tintindex":0},"up":{"uv":[12.5,5.625,11.75,4.9375],"rotation":0,"texture":"#0","tintindex":0},"west":{"uv":[10.25,6.1875,10.9375,7.4375],"rotation":0,"texture":"#0","tintindex":0}}},{"name":"cube","from":[3.1999998,0.68497014,6.3584967],"to":[12.8,4.2849703,15.958498],"rotation":{"angle":22.5,"axis":"x","origin":[10.159128,18.99794,8.61893]},"faces":{"down":{"uv":[9.6875,0.0,8.6875,1.0],"rotation":0,"texture":"#0","tintindex":0},"east":{"uv":[12.25,2.3125,13.25,2.6875],"rotation":0,"texture":"#0","tintindex":0},"north":{"uv":[8.375,3.6875,9.375,4.0625],"rotation":0,"texture":"#0","tintindex":0},"south":{"uv":[12.3125,4.0,13.3125,4.375],"rotation":0,"texture":"#0","tintindex":0},"up":{"uv":[5.5,2.75,4.5,1.75],"rotation":0,"texture":"#0","tintindex":0},"west":{"uv":[12.3125,4.375,13.3125,4.75],"rotation":0,"texture":"#0","tintindex":0}}},{"name":"cube","from":[5.0,-0.3731997,2.9335265],"to":[10.4,5.6268005,10.133527],"rotation":{"angle":0.0,"axis":"x","origin":[10.159128,18.99794,8.61893]},"faces":{"down":{"uv":[5.9375,12.0625,5.375,12.8125],"rotation":0,"texture":"#0","tintindex":0},"east":{"uv":[9.5625,3.0625,10.3125,3.6875],"rotation":0,"texture":"#0","tintindex":0},"north":{"uv":[12.4375,2.6875,13.0,3.3125],"rotation":0,"texture":"#0","tintindex":0},"south":{"uv":[2.125,12.5,2.6875,13.125],"rotation":0,"texture":"#0","tintindex":0},"up":{"uv":[12.5625,12.25,12.0,11.5],"rotation":0,"texture":"#0","tintindex":0},"west":{"uv":[12.0,3.375,12.75,4.0],"rotation":0,"texture":"#0","tintindex":0}}},{"name":"cube","from":[-7.0328827,16.400002,7.7335267],"to":[0.16711688,32.0,14.933527],"rotation":{"angle":-22.5,"axis":"z","origin":[10.159128,18.99794,8.61893]},"faces":{"down":{"uv":[12.25,1.9375,11.5,2.6875],"rotation":0,"texture":"#0","tintindex":0},"east":{"uv":[4.5625,8.5,5.3125,10.125],"rotation":0,"texture":"#0","tintindex":0},"north":{"uv":[3.8125,8.5,4.5625,10.125],"rotation":0,"texture":"#0","tintindex":0},"south":{"uv":[5.3125,8.5,6.0625,10.125],"rotation":0,"texture":"#0","tintindex":0},"up":{"uv":[12.25,1.9375,11.5,1.1875],"rotation":0,"texture":"#0","tintindex":0},"west":{"uv":[6.0625,8.5,6.8125,10.125],"rotation":0,"texture":"#0","tintindex":0}}},{"name":"cube","from":[-10.032883,19.400002,14.933527],"to":[0.16711688,27.2,18.533527],"rotation":{"angle":-22.5,"axis":"z","origin":[10.159128,18.99794,8.61893]},"faces":{"down":{"uv":[2.125,12.25,1.0625,12.625],"rotation":0,"texture":"#0","tintindex":0},"east":{"uv":[1.5,12.625,1.875,13.4375],"rotation":0,"texture":"#0","tintindex":0},"north":{"uv":[3.75,10.125,4.8125,10.9375],"rotation":0,"texture":"#0","tintindex":0},"south":{"uv":[4.8125,10.125,5.875,10.9375],"rotation":0,"texture":"#0","tintindex":0},"up":{"uv":[1.0625,12.625,0.0,12.25],"rotation":0,"texture":"#0","tintindex":0},"west":{"uv":[12.625,5.9375,13.0,6.75],"rotation":0,"texture":"#0","tintindex":0}}},{"name":"cube","from":[0.16711688,16.400002,1.1335263],"to":[21.767117,32.0,14.933527],"rotation":{"angle":-22.5,"axis":"z","origin":[10.159128,18.99794,8.61893]},"faces":{"down":{"uv":[4.5,1.4375,2.25,2.875],"rotation":0,"texture":"#0","tintindex":0},"east":{"uv":[5.5625,1.75,7.0,3.375],"rotation":0,"texture":"#0","tintindex":0},"north":{"uv":[0.0,0.0,2.25,1.625],"rotation":0,"texture":"#0","tintindex":0},"south":{"uv":[0.0,1.625,2.25,3.25],"rotation":0,"texture":"#0","tintindex":0},"up":{"uv":[4.5,1.4375,2.25,0.0],"rotation":0,"texture":"#0","tintindex":0},"west":{"uv":[6.0625,0.0,7.5,1.625],"rotation":0,"texture":"#0","tintindex":0}}},{"name":"cube","from":[0.7999997,8.602171,3.922968],"to":[16.400002,23.00217,14.722969],"rotation":{"angle":22.5,"axis":"x","origin":[8.75,22.242626,9.806562]},"faces":{"down":{"uv":[3.25,6.375,1.625,7.5],"rotation":0,"texture":"#0","tintindex":0},"east":{"uv":[3.25,6.375,4.375,7.875],"rotation":0,"texture":"#0","tintindex":0},"north":{"uv":[4.875,4.625,6.5,6.125],"rotation":0,"texture":"#0","tintindex":0},"south":{"uv":[0.0,5.0,1.625,6.5],"rotation":0,"texture":"#0","tintindex":0},"up":{"uv":[7.1875,4.5,5.5625,3.375],"rotation":0,"texture":"#0","tintindex":0},"west":{"uv":[0.0,6.5,1.125,8.0],"rotation":0,"texture":"#0","tintindex":0}}},{"name":"cube","from":[16.412395,10.9687605,3.422885],"to":[19.4124,13.9687605,7.0228853],"rotation":{"angle":-22.5,"axis":"z","origin":[8.75,22.242626,9.806562]},"faces":{"down":{"uv":[13.625,6.125,13.3125,6.5],"rotation":0,"texture":"#0","tintindex":0},"east":{"uv":[11.625,3.375,12.0,3.6875],"rotation":0,"texture":"#0","tintindex":0},"north":{"uv":[10.25,7.4375,10.5625,7.75],"rotation":0,"texture":"#0","tintindex":0},"south":{"uv":[8.3125,13.3125,8.625,13.625],"rotation":0,"texture":"#0","tintindex":0},"up":{"uv":[13.625,6.125,13.3125,5.75],"rotation":0,"texture":"#0","tintindex":0},"west":{"uv":[5.5625,13.3125,5.9375,13.625],"rotation":0,"texture":"#0","tintindex":0}}},{"name":"cube","from":[16.412395,8.568761,7.0228853],"to":[19.4124,13.9687605,11.8228855],"rotation":{"angle":-22.5,"axis":"z","origin":[8.75,22.242626,9.806562]},"faces":{"down":{"uv":[6.25,13.1875,5.9375,13.6875],"rotation":0,"texture":"#0","tintindex":0},"east":{"uv":[8.0625,5.0,8.5625,5.5625],"rotation":0,"texture":"#0","tintindex":0},"north":{"uv":[11.125,13.0,11.4375,13.5625],"rotation":0,"texture":"#0","tintindex":0},"south":{"uv":[6.6875,13.0625,7.0,13.625],"rotation":0,"texture":"#0","tintindex":0},"up":{"uv":[3.6875,12.125,3.375,11.625],"rotation":0,"texture":"#0","tintindex":0},"west":{"uv":[7.25,12.625,7.75,13.1875],"rotation":0,"texture":"#0","tintindex":0}}},{"name":"cube","from":[19.4124,8.568761,3.422885],"to":[21.812397,13.9687605,11.8228855],"rotation":{"angle":-22.5,"axis":"z","origin":[8.75,22.242626,9.806562]},"faces":{"down":{"uv":[9.4375,13.0,9.1875,13.875],"rotation":0,"texture":"#0","tintindex":0},"east":{"uv":[6.5,5.5625,7.375,6.125],"rotation":0,"texture":"#0","tintindex":0},"north":{"uv":[7.25,7.5625,7.5,8.125],"rotation":0,"texture":"#0","tintindex":0},"south":{"uv":[11.5,4.9375,11.75,5.5],"rotation":0,"texture":"#0","tintindex":0},"up":{"uv":[0.8125,10.5,0.5625,9.625],"rotation":0,"texture":"#0","tintindex":0},"west":{"uv":[11.75,6.3125,12.625,6.875],"rotation":0,"texture":"#0","tintindex":0}}},{"name":"cube","from":[-6.4401846,11.929067,3.422885],"to":[-1.040184,14.929067,11.8228855],"rotation":{"angle":22.5,"axis":"z","origin":[8.75,22.242626,9.806562]},"faces":{"down":{"uv":[10.0,11.8125,9.4375,12.6875],"rotation":0,"texture":"#0","tintindex":0},"east":{"uv":[8.5625,2.375,9.4375,2.6875],"rotation":0,"texture":"#0","tintindex":0},"north":{"uv":[13.25,3.5,13.8125,3.8125],"rotation":0,"texture":"#0","tintindex":0},"south":{"uv":[13.25,8.375,13.8125,8.6875],"rotation":0,"texture":"#0","tintindex":0},"up":{"uv":[7.75,12.625,7.1875,11.75],"rotation":0,"texture":"#0","tintindex":0},"west":{"uv":[12.8125,9.5,13.6875,9.8125],"rotation":0,"texture":"#0","tintindex":0}}},{"name":"cube","from":[-6.4401846,9.529066,5.822885],"to":[-1.040184,11.929067,11.8228855],"rotation":{"angle":22.5,"axis":"z","origin":[8.75,22.242626,9.806562]},"faces":{"down":{"uv":[12.9375,0.0,12.375,0.625],"rotation":0,"texture":"#0","tintindex":0},"east":{"uv":[12.5625,13.25,13.1875,13.5],"rotation":0,"texture":"#0","tintindex":0},"north":{"uv":[11.3125,9.0,11.875,9.25],"rotation":0,"texture":"#0","tintindex":0},"south":{"uv":[13.25,13.125,13.8125,13.375],"rotation":0,"texture":"#0","tintindex":0},"up":{"uv":[4.375,8.5,3.8125,7.875],"rotation":0,"texture":"#0",