{"textures":{"0":"modelengine:entity/amethystgolem"},"elements":[{"name":"cube","from":[5.113212,4.591241,5.6895657],"to":[9.913212,8.191241,9.889566],"rotation":{"angle":0.0,"axis":"x","origin":[-0.9103012,29.04776,11.2230625]},"faces":{"down":{"uv":[10.125,13.0,10.625,13.4375],"rotation":0,"texture":"#0","tintindex":0},"east":{"uv":[13.6875,11.125,13.25,11.5],"rotation":0,"texture":"#0","tintindex":0},"north":{"uv":[2.25,4.25,1.75,4.625],"rotation":0,"texture":"#0","tintindex":0},"south":{"uv":[13.75,3.125,13.25,3.5],"rotation":0,"texture":"#0","tintindex":0},"up":{"uv":[13.0,3.125,13.5,2.6875],"rotation":0,"texture":"#0","tintindex":0},"west":{"uv":[13.6875,10.1875,13.25,10.5625],"rotation":0,"texture":"#0","tintindex":0}}},{"name":"cube","from":[5.713212,0.17046022,-3.2483263],"to":[8.713213,8.57046,0.35167336],"rotation":{"angle":-22.5,"axis":"x","origin":[-0.9103012,29.04776,11.2230625]},"faces":{"down":{"uv":[8.0,13.3125,8.3125,13.6875],"rotation":0,"texture":"#0","tintindex":0},"east":{"uv":[0.375,12.625,0.0,13.5],"rotation":0,"texture":"#0","tintindex":0},"north":{"uv":[1.125,8.0,0.8125,8.875],"rotation":0,"texture":"#0","tintindex":0},"south":{"uv":[12.5625,12.8125,12.25,13.6875],"rotation":0,"texture":"#0","tintindex":0},"up":{"uv":[7.6875,13.6875,8.0,13.3125],"rotation":0,"texture":"#0","tintindex":0},"west":{"uv":[11.8125,12.5625,11.4375,13.4375],"rotation":0,"texture":"#0","tintindex":0}}}],"display":{"head":{"translation":[0.0,-6.4,0.0],"rotation":[0.0,0.0,0.0],"scale":[3.8095,3.8095,3.8095]}}}