{"textures":{"0":"modelengine:entity/amethystgolem"},"elements":[{"name":"cube","from":[5.8999996,-1.3000002,5.6],"to":[13.7,7.1,12.8],"rotation":{"angle":0.0,"axis":"x","origin":[-13.689118,18.009356,13.637376]},"faces":{"down":{"uv":[12.125,8.25,11.3125,9.0],"rotation":0,"texture":"#0","tintindex":0},"east":{"uv":[11.125,10.75,11.875,11.625],"rotation":0,"texture":"#0","tintindex":0},"north":{"uv":[2.875,10.75,3.6875,11.625],"rotation":0,"texture":"#0","tintindex":0},"south":{"uv":[10.8125,2.8125,11.625,3.6875],"rotation":0,"texture":"#0","tintindex":0},"up":{"uv":[10.8125,12.0,10.0,11.25],"rotation":0,"texture":"#0","tintindex":0},"west":{"uv":[5.625,11.1875,6.375,12.0625],"rotation":0,"texture":"#0","tintindex":0}}},{"name":"cube","from":[5.8999996,-6.700001,5.6],"to":[12.5,-1.3000002,10.4],"rotation":{"angle":0.0,"axis":"x","origin":[-13.689118,18.009356,13.637376]},"faces":{"down":{"uv":[13.25,11.1875,12.5625,11.6875],"rotation":0,"texture":"#0","tintindex":0},"east":{"uv":[12.75,3.3125,13.25,3.875],"rotation":0,"texture":"#0","tintindex":0},"north":{"uv":[8.3125,12.25,9.0,12.8125],"rotation":0,"texture":"#0","tintindex":0},"south":{"uv":[12.0,12.25,12.6875,12.8125],"rotation":0,"texture":"#0","tintindex":0},"up":{"uv":[11.4375,13.0,10.75,12.5],"rotation":0,"texture":"#0","tintindex":0},"west":{"uv":[12.75,10.0,13.25,10.5625],"rotation":0,"texture":"#0","tintindex":0}}}],"display":{"head":{"translation":[0.0,-6.4,0.0],"rotation":[0.0,0.0,0.0],"scale":[3.8095,3.8095,3.8095]}}}