{"textures":{"0":"modelengine:entity/amethystgolem"},"elements":[{"name":"cube","from":[9.8,1.3999997,5.0],"to":[14.0,5.0,10.4],"rotation":{"angle":0.0,"axis":"x","origin":[6.729928,25.849949,3.8481421]},"faces":{"down":{"uv":[12.9375,1.5625,13.375,2.125],"rotation":0,"texture":"#0","tintindex":0},"east":{"uv":[3.25,13.125,2.6875,13.5],"rotation":0,"texture":"#0","tintindex":0},"north":{"uv":[4.75,13.25,4.3125,13.625],"rotation":0,"texture":"#0","tintindex":0},"south":{"uv":[13.6875,9.8125,13.25,10.1875],"rotation":0,"texture":"#0","tintindex":0},"up":{"uv":[12.9375,1.5625,13.375,1.0],"rotation":0,"texture":"#0","tintindex":0},"west":{"uv":[2.6875,13.125,2.125,13.5],"rotation":0,"texture":"#0","tintindex":0}}},{"name":"cube","from":[8.6,5.0,5.0],"to":[14.0,11.0,12.2],"rotation":{"angle":0.0,"axis":"x","origin":[6.729928,25.849949,3.8481421]},"faces":{"down":{"uv":[3.375,12.125,3.9375,12.875],"rotation":0,"texture":"#0","tintindex":0},"east":{"uv":[12.75,10.0,12.0,10.625],"rotation":0,"texture":"#0","tintindex":0},"north":{"uv":[3.25,12.5,2.6875,13.125],"rotation":0,"texture":"#0","tintindex":0},"south":{"uv":[13.0625,4.75,12.5,5.375],"rotation":0,"texture":"#0","tintindex":0},"up":{"uv":[7.75,12.8125,8.3125,12.0625],"rotation":0,"texture":"#0","tintindex":0},"west":{"uv":[10.75,12.0,10.0,12.625],"rotation":0,"texture":"#0","tintindex":0}}},{"name":"cube","from":[19.129429,10.7125225,6.2],"to":[22.129429,21.512524,14.6],"rotation":{"angle":-22.5,"axis":"z","origin":[6.729928,25.849949,3.8481421]},"faces":{"down":{"uv":[3.5625,12.875,3.875,13.75],"rotation":0,"texture":"#0","tintindex":0},"east":{"uv":[8.625,9.375,7.75,10.5],"rotation":0,"texture":"#0","tintindex":0},"north":{"uv":[6.25,12.0625,5.9375,13.1875],"rotation":0,"texture":"#0","tintindex":0},"south":{"uv":[4.8125,12.125,4.5,13.25],"rotation":0,"texture":"#0","tintindex":0},"up":{"uv":[3.25,13.75,3.5625,12.875],"rotation":0,"texture":"#0","tintindex":0},"west":{"uv":[10.25,6.625,9.375,7.75],"rotation":0,"texture":"#0","tintindex":0}}}],"display":{"head":{"translation":[0.0,-6.4,0.0],"rotation":[0.0,0.0,0.0],"scale":[3.8095,3.8095,3.8095]}}}