{"file_name":"backleftarm","texture_size":[32,32],"textures":{"2b6d8995-4471-e295-cee7-089af3479bbd":"modelengine:entity/hornytoad"},"elements":[{"name":"cube","from":[8.243237,6.2227736,7.559402],"to":[8.843236,7.422774,8.159402],"rotation":{"angle":22.5,"axis":"z","origin":[6.7593307,3.9825087,4.669275]},"faces":{"down":{"uv":[1.5,9.0,2.0,9.5],"rotation":0,"texture":"#2b6d8995-4471-e295-cee7-089af3479bbd","tintindex":0},"east":{"uv":[8.5,5.0,9.0,6.0],"rotation":0,"texture":"#2b6d8995-4471-e295-cee7-089af3479bbd","tintindex":0},"north":{"uv":[5.0,8.5,5.5,9.5],"rotation":0,"texture":"#2b6d8995-4471-e295-cee7-089af3479bbd","tintindex":0},"south":{"uv":[5.5,8.5,6.0,9.5],"rotation":0,"texture":"#2b6d8995-4471-e295-cee7-089af3479bbd","tintindex":0},"up":{"uv":[1.5,9.5,1.0,9.0],"rotation":0,"texture":"#2b6d8995-4471-e295-cee7-089af3479bbd","tintindex":0},"west":{"uv":[8.5,6.0,9.0,7.0],"rotation":0,"texture":"#2b6d8995-4471-e295-cee7-089af3479bbd","tintindex":0}}},{"name":"cube","from":[6.027296,7.802157,5.306718],"to":[7.8272963,7.802157,7.706718],"rotation":{"angle":45.0,"axis":"x","origin":[8.403599,7.504065,6.482642]},"faces":{"down":{"uv":[0.0,5.0,1.5,7.0],"rotation":0,"texture":"#2b6d8995-4471-e295-cee7-089af3479bbd","tintindex":0},"east":{"uv":[0.0,0.0,2.0,0.0],"rotation":0,"texture":"#2b6d8995-4471-e295-cee7-089af3479bbd","tintindex":0},"north":{"uv":[0.0,0.0,1.5,0.0],"rotation":0,"texture":"#2b6d8995-4471-e295-cee7-089af3479bbd","tintindex":0},"south":{"uv":[0.0,0.0,1.5,0.0],"rotation":0,"texture":"#2b6d8995-4471-e295-cee7-089af3479bbd","tintindex":0},"up":{"uv":[1.5,7.0,0.0,5.0],"rotation":0,"texture":"#2b6d8995-4471-e295-cee7-089af3479bbd","tintindex":0},"west":{"uv":[0.0,0.0,2.0,0.0],"rotation":0,"texture":"#2b6d8995-4471-e295-cee7-089af3479bbd","tintindex":0}}},{"name":"cube","from":[6.8137484,7.728765,7.559402],"to":[8.013748,8.328766,8.159402],"rotation":{"angle":0.0,"axis":"x","origin":[6.8506756,4.123289,4.669275]},"faces":{"down":{"uv":[8.5,4.5,9.5,5.0],"rotation":0,"texture":"#2b6d8995-4471-e295-cee7-089af3479bbd","tintindex":0},"east":{"uv":[0.5,9.0,1.0,9.5],"rotation":0,"texture":"#2b6d8995-4471-e295-cee7-089af3479bbd","tintindex":0},"north":{"uv":[8.5,3.5,9.5,4.0],"rotation":0,"texture":"#2b6d8995-4471-e295-cee7-089af3479bbd","tintindex":0},"south":{"uv":[4.0,8.5,5.0,9.0],"rotation":0,"texture":"#2b6d8995-4471-e295-cee7-089af3479bbd","tintindex":0},"up":{"uv":[9.5,4.5,8.5,4.0],"rotation":0,"texture":"#2b6d8995-4471-e295-cee7-089af3479bbd","tintindex":0},"west":{"uv":[9.0,0.5,9.5,1.0],"rotation":0,"texture":"#2b6d8995-4471-e295-cee7-089af3479bbd","tintindex":0}}}],"display":{"head":{"translation":[0.0,-6.4,0.0],"rotation":[0.0,0.0,0.0],"scale":[3.8095,3.8095,3.8095]},"gui":{"translation":[0.0,0.0,0.0],"rotation":[35.0,225.0,0.0],"scale":[0.625,0.625,0.625]}}}