{"file_name":"backrightarm","texture_size":[32,32],"textures":{"2b6d8995-4471-e295-cee7-089af3479bbd":"modelengine:entity/hornytoad"},"elements":[{"name":"cube","from":[7.156764,6.2227736,7.559402],"to":[7.756764,7.422774,8.159402],"rotation":{"angle":-22.5,"axis":"z","origin":[9.240669,3.9825087,4.669275]},"faces":{"down":{"uv":[2.0,9.0,1.5,9.5],"rotation":0,"texture":"#2b6d8995-4471-e295-cee7-089af3479bbd","tintindex":0},"east":{"uv":[9.0,6.0,8.5,7.0],"rotation":0,"texture":"#2b6d8995-4471-e295-cee7-089af3479bbd","tintindex":0},"north":{"uv":[5.5,8.5,5.0,9.5],"rotation":0,"texture":"#2b6d8995-4471-e295-cee7-089af3479bbd","tintindex":0},"south":{"uv":[6.0,8.5,5.5,9.5],"rotation":0,"texture":"#2b6d8995-4471-e295-cee7-089af3479bbd","tintindex":0},"up":{"uv":[1.0,9.5,1.5,9.0],"rotation":0,"texture":"#2b6d8995-4471-e295-cee7-089af3479bbd","tintindex":0},"west":{"uv":[9.0,5.0,8.5,6.0],"rotation":0,"texture":"#2b6d8995-4471-e295-cee7-089af3479bbd","tintindex":0}}},{"name":"cube","from":[8.172704,7.802157,5.306718],"to":[9.972704,7.802157,7.706718],"rotation":{"angle":45.0,"axis":"x","origin":[7.5964007,7.504065,6.482642]},"faces":{"down":{"uv":[1.5,5.0,0.0,7.0],"rotation":0,"texture":"#2b6d8995-4471-e295-cee7-089af3479bbd","tintindex":0},"east":{"uv":[2.0,0.0,0.0,0.0],"rotation":0,"texture":"#2b6d8995-4471-e295-cee7-089af3479bbd","tintindex":0},"north":{"uv":[1.5,0.0,0.0,0.0],"rotation":0,"texture":"#2b6d8995-4471-e295-cee7-089af3479bbd","tintindex":0},"south":{"uv":[1.5,0.0,0.0,0.0],"rotation":0,"texture":"#2b6d8995-4471-e295-cee7-089af3479bbd","tintindex":0},"up":{"uv":[0.0,7.0,1.5,5.0],"rotation":0,"texture":"#2b6d8995-4471-e295-cee7-089af3479bbd","tintindex":0},"west":{"uv":[2.0,0.0,0.0,0.0],"rotation":0,"texture":"#2b6d8995-4471-e295-cee7-089af3479bbd","tintindex":0}}},{"name":"cube","from":[7.986252,7.728765,7.559402],"to":[9.186252,8.328766,8.159402],"rotation":{"angle":0.0,"axis":"x","origin":[9.149324,4.123289,4.669275]},"faces":{"down":{"uv":[9.5,4.5,8.5,5.0],"rotation":0,"texture":"#2b6d8995-4471-e295-cee7-089af3479bbd","tintindex":0},"east":{"uv":[9.5,0.5,9.0,1.0],"rotation":0,"texture":"#2b6d8995-4471-e295-cee7-089af3479bbd","tintindex":0},"north":{"uv":[9.5,3.5,8.5,4.0],"rotation":0,"texture":"#2b6d8995-4471-e295-cee7-089af3479bbd","tintindex":0},"south":{"uv":[5.0,8.5,4.0,9.0],"rotation":0,"texture":"#2b6d8995-4471-e295-cee7-089af3479bbd","tintindex":0},"up":{"uv":[8.5,4.5,9.5,4.0],"rotation":0,"texture":"#2b6d8995-4471-e295-cee7-089af3479bbd","tintindex":0},"west":{"uv":[1.0,9.0,0.5,9.5],"rotation":0,"texture":"#2b6d8995-4471-e295-cee7-089af3479bbd","tintindex":0}}}],"display":{"head":{"translation":[0.0,-6.4,0.0],"rotation":[0.0,0.0,0.0],"scale":[3.8095,3.8095,3.8095]},"gui":{"translation":[0.0,0.0,0.0],"rotation":[35.0,225.0,0.0],"scale":[0.625,0.625,0.625]}}}