{"file_name":"frontleftarm","texture_size":[32,32],"textures":{"2b6d8995-4471-e295-cee7-089af3479bbd":"modelengine:entity/hornytoad"},"elements":[{"name":"cube","from":[6.134514,7.5672126,4.3774896],"to":[7.9345136,7.5672126,6.1774898],"rotation":{"angle":22.5,"axis":"x","origin":[7.3345137,5.9197807,5.6166973]},"faces":{"down":{"uv":[5.0,4.0,6.5,5.5],"rotation":0,"texture":"#2b6d8995-4471-e295-cee7-089af3479bbd","tintindex":0},"east":{"uv":[0.0,0.0,1.5,0.0],"rotation":0,"texture":"#2b6d8995-4471-e295-cee7-089af3479bbd","tintindex":0},"north":{"uv":[0.0,0.0,1.5,0.0],"rotation":0,"texture":"#2b6d8995-4471-e295-cee7-089af3479bbd","tintindex":0},"south":{"uv":[0.0,0.0,1.5,0.0],"rotation":0,"texture":"#2b6d8995-4471-e295-cee7-089af3479bbd","tintindex":0},"up":{"uv":[6.5,5.5,5.0,4.0],"rotation":0,"texture":"#2b6d8995-4471-e295-cee7-089af3479bbd","tintindex":0},"west":{"uv":[0.0,0.0,1.5,0.0],"rotation":0,"texture":"#2b6d8995-4471-e295-cee7-089af3479bbd","tintindex":0}}},{"name":"cube","from":[6.7345138,7.4264336,8.191462],"to":[7.9345136,8.026434,8.791462],"rotation":{"angle":-22.5,"axis":"x","origin":[7.2654686,6.5454607,7.697523]},"faces":{"down":{"uv":[8.0,7.0,9.0,7.5],"rotation":0,"texture":"#2b6d8995-4471-e295-cee7-089af3479bbd","tintindex":0},"east":{"uv":[8.0,8.5,8.5,9.0],"rotation":0,"texture":"#2b6d8995-4471-e295-cee7-089af3479bbd","tintindex":0},"north":{"uv":[4.0,8.0,5.0,8.5],"rotation":0,"texture":"#2b6d8995-4471-e295-cee7-089af3479bbd","tintindex":0},"south":{"uv":[5.0,8.0,6.0,8.5],"rotation":0,"texture":"#2b6d8995-4471-e295-cee7-089af3479bbd","tintindex":0},"up":{"uv":[8.0,8.5,7.0,8.0],"rotation":0,"texture":"#2b6d8995-4471-e295-cee7-089af3479bbd","tintindex":0},"west":{"uv":[8.5,8.5,9.0,9.0],"rotation":0,"texture":"#2b6d8995-4471-e295-cee7-089af3479bbd","tintindex":0}}},{"name":"cube","from":[6.7345138,7.104451,7.0107117],"to":[7.3345137,7.704451,8.210712],"rotation":{"angle":-22.5,"axis":"x","origin":[6.7345138,6.336081,6.89779]},"faces":{"down":{"uv":[2.0,8.5,2.5,9.5],"rotation":0,"texture":"#2b6d8995-4471-e295-cee7-089af3479bbd","tintindex":0},"east":{"uv":[8.0,7.5,9.0,8.0],"rotation":0,"texture":"#2b6d8995-4471-e295-cee7-089af3479bbd","tintindex":0},"north":{"uv":[0.0,9.0,0.5,9.5],"rotation":0,"texture":"#2b6d8995-4471-e295-cee7-089af3479bbd","tintindex":0},"south":{"uv":[9.0,0.0,9.5,0.5],"rotation":0,"texture":"#2b6d8995-4471-e295-cee7-089af3479bbd","tintindex":0},"up":{"uv":[5.0,7.0,4.5,6.0],"rotation":0,"texture":"#2b6d8995-4471-e295-cee7-089af3479bbd","tintindex":0},"west":{"uv":[8.0,8.0,9.0,8.5],"rotation":0,"texture":"#2b6d8995-4471-e295-cee7-089af3479bbd","tintindex":0}}}],"display":{"head":{"translation":[0.0,-6.4,0.0],"rotation":[0.0,0.0,0.0],"scale":[3.8095,3.8095,3.8095]},"gui":{"translation":[0.0,0.0,0.0],"rotation":[35.0,225.0,0.0],"scale":[0.625,0.625,0.625]}}}