{"file_name":"head","texture_size":[32,32],"textures":{"2b6d8995-4471-e295-cee7-089af3479bbd":"modelengine:entity/hornytoad"},"elements":[{"name":"cube","from":[7.1972876,8.5713215,8.0877495],"to":[8.8952875,9.771322,8.0877495],"rotation":{"angle":22.5,"axis":"x","origin":[8.046288,8.814312,8.061692]},"faces":{"down":{"uv":[0.0,0.0,1.5,0.0],"rotation":0,"texture":"#2b6d8995-4471-e295-cee7-089af3479bbd","tintindex":0},"east":{"uv":[0.0,0.0,0.0,1.0],"rotation":0,"texture":"#2b6d8995-4471-e295-cee7-089af3479bbd","tintindex":0},"north":{"uv":[0.0,7.0,1.5,8.0],"rotation":0,"texture":"#2b6d8995-4471-e295-cee7-089af3479bbd","tintindex":0},"south":{"uv":[1.5,7.0,3.0,8.0],"rotation":0,"texture":"#2b6d8995-4471-e295-cee7-089af3479bbd","tintindex":0},"up":{"uv":[1.5,0.0,0.0,0.0],"rotation":0,"texture":"#2b6d8995-4471-e295-cee7-089af3479bbd","tintindex":0},"west":{"uv":[0.0,0.0,0.0,1.0],"rotation":0,"texture":"#2b6d8995-4471-e295-cee7-089af3479bbd","tintindex":0}}},{"name":"cube","from":[7.1972876,7.3796167,7.0933323],"to":[8.8952875,8.579617,7.993332],"rotation":{"angle":0.0,"axis":"x","origin":[8.046288,7.5449505,7.8098]},"faces":{"down":{"uv":[6.5,1.0,8.0,2.0],"rotation":0,"texture":"#2b6d8995-4471-e295-cee7-089af3479bbd","tintindex":0},"east":{"uv":[7.5,6.0,8.5,7.0],"rotation":0,"texture":"#2b6d8995-4471-e295-cee7-089af3479bbd","tintindex":0},"north":{"uv":[1.5,6.0,3.0,7.0],"rotation":0,"texture":"#2b6d8995-4471-e295-cee7-089af3479bbd","tintindex":0},"south":{"uv":[3.0,6.0,4.5,7.0],"rotation":0,"texture":"#2b6d8995-4471-e295-cee7-089af3479bbd","tintindex":0},"up":{"uv":[8.0,1.0,6.5,0.0],"rotation":0,"texture":"#2b6d8995-4471-e295-cee7-089af3479bbd","tintindex":0},"west":{"uv":[0.0,8.0,1.0,9.0],"rotation":0,"texture":"#2b6d8995-4471-e295-cee7-089af3479bbd","tintindex":0}}},{"name":"cube","from":[7.0119877,7.3796167,7.375973],"to":[8.211988,8.579617,8.5759735],"rotation":{"angle":-45.0,"axis":"y","origin":[8.894344,7.84495,8.058329]},"faces":{"down":{"uv":[7.5,5.0,8.5,6.0],"rotation":0,"texture":"#2b6d8995-4471-e295-cee7-089af3479bbd","tintindex":0},"east":{"uv":[7.0,7.0,8.0,8.0],"rotation":0,"texture":"#2b6d8995-4471-e295-cee7-089af3479bbd","tintindex":0},"north":{"uv":[1.5,5.0,2.5,6.0],"rotation":0,"texture":"#2b6d8995-4471-e295-cee7-089af3479bbd","tintindex":0},"south":{"uv":[7.5,2.0,8.5,3.0],"rotation":0,"texture":"#2b6d8995-4471-e295-cee7-089af3479bbd","tintindex":0},"up":{"uv":[8.5,5.0,7.5,4.0],"rotation":0,"texture":"#2b6d8995-4471-e295-cee7-089af3479bbd","tintindex":0},"west":{"uv":[7.5,3.0,8.5,4.0],"rotation":0,"texture":"#2b6d8995-4471-e295-cee7-089af3479bbd","tintindex":0}}},{"name":"cube","from":[8.8952875,8.579617,7.0933323],"to":[8.8952875,9.179617,7.993332],"rotation":{"angle":0.0,"axis":"x","origin":[8.046288,8.74495,7.8098]},"faces":{"down":{"uv":[0.0,0.0,0.0,1.0],"rotation":0,"texture":"#2b6d8995-4471-e295-cee7-089af3479bbd","tintindex":0},"east":{"uv":[2.0,8.0,3.0,8.5],"rotation":0,"texture":"#2b6d8995-4471-e295-cee7-089af3479bbd","tintindex":0},"north":{"uv":[0.0,0.0,0.0,0.5],"rotation":0,"texture":"#2b6d8995-4471-e295-cee7-089af3479bbd","tintindex":0},"south":{"uv":[0.0,0.0,0.0,0.5],"rotation":0,"texture":"#2b6d8995-4471-e295-cee7-089af3479bbd","tintindex":0},"up":{"uv":[0.0,1.0,0.0,0.0],"rotation":0,"texture":"#2b6d8995-4471-e295-cee7-089af3479bbd","tintindex":0},"west":{"uv":[3.0,8.0,4.0,8.5],"rotation":0,"texture":"#2b6d8995-4471-e295-cee7-089af3479bbd","tintindex":0}}},{"name":"cube","from":[9.650149,7.3796167,7.8524666],"to":[9.650149,9.179617,8.752466],"rotation":{"angle":45.0,"axis":"y","origin":[8.718794,7.5449505,8.534822]},"faces":{"down":{"uv":[0.0,0.0,0.0,1.0],"rotation":0,"texture":"#2b6d8995-4471-e295-cee7-089af3479bbd","tintindex":0},"east":{"uv":[6.5,4.0,7.5,5.5],"rotation":0,"texture":"#2b6d8995-4471-e295-cee7-089af3479bbd","tintindex":0},"north":{"uv":[0.0,0.0,0.0,1.5],"rotation":0,"texture":"#2b6d8995-4471-e295-cee7-089af3479bbd","tintindex":0},"south":{"uv":[0.0,0.0,0.0,1.5],"rotation":0,"texture":"#2b6d8995-4471-e295-cee7-089af3479bbd","tintindex":0},"up":{"uv":[0.0,1.0,0.0,0.0],"rotation":0,"texture":"#2b6d8995-4471-e295-cee7-089af3479bbd","tintindex":0},"west":{"uv":[6.5,5.5,7.5,7.0],"rotation":0,"texture":"#2b6d8995-4471-e295-cee7-089af3479bbd","tintindex":0}}},{"name":"cube","from":[6.492954,7.3796167,7.8524666],"to":[6.492954,9.179617,8.752466],"rotation":{"angle":-45.0,"axis":"y","origin":[7.4243097,7.5449505,8.534822]},"faces":{"down":{"uv":[0.0,0.0,0.0,1.0],"rotation":0,"texture":"#2b6d8995-4471-e295-cee7-089af3479bbd","tintindex":0},"east":{"uv":[7.5,5.5,6.5,7.0],"rotation":0,"texture":"#2b6d8995-4471-e295-cee7-089af3479bbd","tintindex":0},"north":{"uv":[0.0,0.0,0.0,1.5],"rotation":0,"texture":"#2b6d8995-4471-e295-cee7-089af3479bbd","tintindex":0},"south":{"uv":[0.0,0.0,0.0,1.5],"rotation":0,"texture":"#2b6d8995-4471-e295-cee7-089af3479bbd","tintindex":0},"up":{"uv":[0.0,1.0,0.0,0.0],"rotation":0,"texture":"#2b6d8995-4471-e295-cee7-089af3479bbd","tintindex":0},"west":{"uv":[7.5,4.0,6.5,5.5],"rotation":0,"texture":"#2b6d8995-4471-e295-cee7-089af3479bbd","tintindex":0}}}],"display":{"head":{"translation":[0.0,-6.4,0.0],"rotation":[0.0,0.0,0.0],"scale":[3.8095,3.8095,3.8095]},"gui":{"translation":[0.0,0.0,0.0],"rotation":[35.0,225.0,0.0],"scale":[0.625,0.625,0.625]}}}