{"file_name":"empty","texture_size":[64,64],"textures":{"7d73626d-f6a7-8b61-c996-43abf91e9a39":"modelengine:entity/guard"},"elements":[{"name":"cube","from":[8.0,0.7999997,2.6],"to":[10.4,2.6,8.6],"rotation":{"angle":0.0,"axis":"x","origin":[9.2,1.6999998,5.6]},"faces":{"down":{"uv":[13.75,11.0,14.75,13.5],"rotation":0,"texture":"#7d73626d-f6a7-8b61-c996-43abf91e9a39","tintindex":0},"east":{"uv":[13.5,12.75,16.0,13.25],"rotation":0,"texture":"#7d73626d-f6a7-8b61-c996-43abf91e9a39","tintindex":0},"north":{"uv":[14.5,13.5,15.5,14.0],"rotation":0,"texture":"#7d73626d-f6a7-8b61-c996-43abf91e9a39","tintindex":0},"south":{"uv":[14.25,12.75,15.25,13.25],"rotation":0,"texture":"#7d73626d-f6a7-8b61-c996-43abf91e9a39","tintindex":0},"up":{"uv":[14.0,12.75,15.0,15.25],"rotation":0,"texture":"#7d73626d-f6a7-8b61-c996-43abf91e9a39","tintindex":0},"west":{"uv":[13.25,11.75,15.75,12.25],"rotation":0,"texture":"#7d73626d-f6a7-8b61-c996-43abf91e9a39","tintindex":0}}}],"display":{"head":{"translation":[0.0,-6.4,0.0],"rotation":[0.0,0.0,0.0],"scale":[3.8095,3.8095,3.8095]},"gui":{"translation":[0.0,0.0,0.0],"rotation":[35.0,225.0,0.0],"scale":[0.625,0.625,0.625]}}}