{"file_name":"handsword","texture_size":[64,64],"textures":{"7d73626d-f6a7-8b61-c996-43abf91e9a39":"modelengine:entity/guard"},"elements":[{"name":"cube","from":[7.7,1.9999998,3.7399998],"to":[8.9,5.6,5.0],"rotation":{"angle":0.0,"axis":"x","origin":[8.3,3.7999997,2.3600001]},"faces":{"down":{"uv":[12.25,4.5,12.75,5.025],"rotation":0,"texture":"#7d73626d-f6a7-8b61-c996-43abf91e9a39","tintindex":0},"east":{"uv":[12.75,2.75,13.275,4.25],"rotation":0,"texture":"#7d73626d-f6a7-8b61-c996-43abf91e9a39","tintindex":0},"north":{"uv":[12.25,1.25,12.75,2.75],"rotation":0,"texture":"#7d73626d-f6a7-8b61-c996-43abf91e9a39","tintindex":0},"south":{"uv":[12.75,1.25,13.25,2.75],"rotation":0,"texture":"#7d73626d-f6a7-8b61-c996-43abf91e9a39","tintindex":0},"up":{"uv":[12.75,4.5,13.25,5.025],"rotation":0,"texture":"#7d73626d-f6a7-8b61-c996-43abf91e9a39","tintindex":0},"west":{"uv":[12.25,2.75,12.775,4.25],"rotation":0,"texture":"#7d73626d-f6a7-8b61-c996-43abf91e9a39","tintindex":0}}},{"name":"cube","from":[8.0,2.6,-2.2000003],"to":[8.6,5.0,3.7999997],"rotation":{"angle":0.0,"axis":"x","origin":[8.3,3.7999997,2.3600001]},"faces":{"down":{"uv":[14.5,6.0,14.75,8.5],"rotation":0,"texture":"#7d73626d-f6a7-8b61-c996-43abf91e9a39","tintindex":0},"east":{"uv":[13.5,4.5,16.0,5.5],"rotation":0,"texture":"#7d73626d-f6a7-8b61-c996-43abf91e9a39","tintindex":0},"north":{"uv":[15.5,6.25,15.75,7.25],"rotation":0,"texture":"#7d73626d-f6a7-8b61-c996-43abf91e9a39","tintindex":0},"south":{"uv":[15.75,6.25,16.0,7.25],"rotation":0,"texture":"#7d73626d-f6a7-8b61-c996-43abf91e9a39","tintindex":0},"up":{"uv":[15.0,6.0,15.25,8.5],"rotation":0,"texture":"#7d73626d-f6a7-8b61-c996-43abf91e9a39","tintindex":0},"west":{"uv":[13.5,3.25,16.0,4.25],"rotation":0,"texture":"#7d73626d-f6a7-8b61-c996-43abf91e9a39","tintindex":0}}},{"name":"cube","from":[8.0,3.1999998,-3.4600005],"to":[8.6,4.3999996,-2.2000003],"rotation":{"angle":0.0,"axis":"x","origin":[8.3,3.7999997,2.3600001]},"faces":{"down":{"uv":[14.0,7.5,14.25,8.0],"rotation":0,"texture":"#7d73626d-f6a7-8b61-c996-43abf91e9a39","tintindex":0},"east":{"uv":[13.0,7.5,13.5,8.0],"rotation":0,"texture":"#7d73626d-f6a7-8b61-c996-43abf91e9a39","tintindex":0},"north":{"uv":[12.25,7.0,12.5,7.5],"rotation":0,"texture":"#7d73626d-f6a7-8b61-c996-43abf91e9a39","tintindex":0},"south":{"uv":[12.75,7.0,13.0,7.5],"rotation":0,"texture":"#7d73626d-f6a7-8b61-c996-43abf91e9a39","tintindex":0},"up":{"uv":[13.75,7.5,14.0,8.0],"rotation":0,"texture":"#7d73626d-f6a7-8b61-c996-43abf91e9a39","tintindex":0},"west":{"uv":[13.0,7.0,13.5,7.5],"rotation":0,"texture":"#7d73626d-f6a7-8b61-c996-43abf91e9a39","tintindex":0}}},{"name":"cube","from":[8.0,3.1999998,5.0],"to":[8.6,4.3999996,9.2],"rotation":{"angle":0.0,"axis":"x","origin":[8.3,3.7999997,2.3600001]},"faces":{"down":{"uv":[15.25,0.0,15.5,1.75],"rotation":0,"texture":"#7d73626d-f6a7-8b61-c996-43abf91e9a39","tintindex":0},"east":{"uv":[13.25,0.5,15.0,1.0],"rotation":0,"texture":"#7d73626d-f6a7-8b61-c996-43abf91e9a39","tintindex":0},"north":{"uv":[12.5,0.0,12.75,0.5],"rotation":0,"texture":"#7d73626d-f6a7-8b61-c996-43abf91e9a39","tintindex":0},"south":{"uv":[12.75,0.0,13.0,0.5],"rotation":0,"texture":"#7d73626d-f6a7-8b61-c996-43abf91e9a39","tintindex":0},"up":{"uv":[15.75,0.0,16.0,1.75],"rotation":0,"texture":"#7d73626d-f6a7-8b61-c996-43abf91e9a39","tintindex":0},"west":{"uv":[13.25,0.0,15.0,0.5],"rotation":0,"texture":"#7d73626d-f6a7-8b61-c996-43abf91e9a39","tintindex":0}}}],"display":{"head":{"translation":[0.0,-6.4,0.0],"rotation":[0.0,0.0,0.0],"scale":[3.8095,3.8095,3.8095]},"gui":{"translation":[0.0,0.0,0.0],"rotation":[35.0,225.0,0.0],"scale":[0.625,0.625,0.625]}}}