{"file_name":"lefthand","texture_size":[64,64],"textures":{"7d73626d-f6a7-8b61-c996-43abf91e9a39":"modelengine:entity/guard"},"elements":[{"name":"cube","from":[7.1,6.8,5.6],"to":[8.9,8.0,8.0],"rotation":{"angle":0.0,"axis":"x","origin":[8.0,4.7749996,6.6499996]},"faces":{"down":{"uv":[11.25,5.0,10.5,6.0],"rotation":0,"texture":"#7d73626d-f6a7-8b61-c996-43abf91e9a39","tintindex":0},"east":{"uv":[8.5,1.5,9.5,2.0],"rotation":0,"texture":"#7d73626d-f6a7-8b61-c996-43abf91e9a39","tintindex":0},"north":{"uv":[2.75,11.0,3.5,11.5],"rotation":0,"texture":"#7d73626d-f6a7-8b61-c996-43abf91e9a39","tintindex":0},"south":{"uv":[6.5,11.0,7.25,11.5],"rotation":0,"texture":"#7d73626d-f6a7-8b61-c996-43abf91e9a39","tintindex":0},"up":{"uv":[5.5,11.5,4.75,10.5],"rotation":0,"texture":"#7d73626d-f6a7-8b61-c996-43abf91e9a39","tintindex":0},"west":{"uv":[5.5,10.75,6.5,11.25],"rotation":0,"texture":"#7d73626d-f6a7-8b61-c996-43abf91e9a39","tintindex":0}}},{"name":"cube","from":[6.8,3.7999997,5.3],"to":[9.2,6.8,8.3],"rotation":{"angle":0.0,"axis":"x","origin":[8.0,4.7749996,6.6499996]},"faces":{"down":{"uv":[10.5,8.25,9.5,9.5],"rotation":0,"texture":"#7d73626d-f6a7-8b61-c996-43abf91e9a39","tintindex":0},"east":{"uv":[7.75,7.25,9.0,8.5],"rotation":0,"texture":"#7d73626d-f6a7-8b61-c996-43abf91e9a39","tintindex":0},"north":{"uv":[9.5,0.0,10.5,1.25],"rotation":0,"texture":"#7d73626d-f6a7-8b61-c996-43abf91e9a39","tintindex":0},"south":{"uv":[9.5,1.25,10.5,2.5],"rotation":0,"texture":"#7d73626d-f6a7-8b61-c996-43abf91e9a39","tintindex":0},"up":{"uv":[6.75,10.75,5.75,9.5],"rotation":0,"texture":"#7d73626d-f6a7-8b61-c996-43abf91e9a39","tintindex":0},"west":{"uv":[5.25,8.0,6.5,9.25],"rotation":0,"texture":"#7d73626d-f6a7-8b61-c996-43abf91e9a39","tintindex":0}}},{"name":"cube","from":[6.8,2.6,5.3],"to":[8.0,3.7999997,8.3],"rotation":{"angle":0.0,"axis":"x","origin":[8.0,4.7749996,6.6499996]},"faces":{"down":{"uv":[11.0,10.5,10.5,11.75],"rotation":0,"texture":"#7d73626d-f6a7-8b61-c996-43abf91e9a39","tintindex":0},"east":{"uv":[10.5,6.0,11.75,6.5],"rotation":0,"texture":"#7d73626d-f6a7-8b61-c996-43abf91e9a39","tintindex":0},"north":{"uv":[1.5,7.25,2.0,7.75],"rotation":0,"texture":"#7d73626d-f6a7-8b61-c996-43abf91e9a39","tintindex":0},"south":{"uv":[1.0,8.5,1.5,9.0],"rotation":0,"texture":"#7d73626d-f6a7-8b61-c996-43abf91e9a39","tintindex":0},"up":{"uv":[8.75,6.0,8.25,4.75],"rotation":0,"texture":"#7d73626d-f6a7-8b61-c996-43abf91e9a39","tintindex":0},"west":{"uv":[10.5,10.0,11.75,10.5],"rotation":0,"texture":"#7d73626d-f6a7-8b61-c996-43abf91e9a39","tintindex":0}}},{"name":"cube","from":[8.0,2.6,5.3],"to":[9.2,3.7999997,7.1],"rotation":{"angle":0.0,"axis":"x","origin":[8.0,4.7749996,6.6499996]},"faces":{"down":{"uv":[7.75,6.0,7.25,6.75],"rotation":0,"texture":"#7d73626d-f6a7-8b61-c996-43abf91e9a39","tintindex":0},"east":{"uv":[8.5,11.0,9.25,11.5],"rotation":0,"texture":"#7d73626d-f6a7-8b61-c996-43abf91e9a39","tintindex":0},"north":{"uv":[7.5,11.25,8.0,11.75],"rotation":0,"texture":"#7d73626d-f6a7-8b61-c996-43abf91e9a39","tintindex":0},"south":{"uv":[11.25,7.75,11.75,8.25],"rotation":0,"texture":"#7d73626d-f6a7-8b61-c996-43abf91e9a39","tintindex":0},"up":{"uv":[6.75,3.5,6.25,2.75],"rotation":0,"texture":"#7d73626d-f6a7-8b61-c996-43abf91e9a39","tintindex":0},"west":{"uv":[11.0,10.5,11.75,11.0],"rotation":0,"texture":"#7d73626d-f6a7-8b61-c996-43abf91e9a39","tintindex":0}}}],"display":{"head":{"translation":[0.0,-6.4,0.0],"rotation":[0.0,0.0,0.0],"scale":[3.8095,3.8095,3.8095]},"gui":{"translation":[0.0,0.0,0.0],"rotation":[35.0,225.0,0.0],"scale":[0.625,0.625,0.625]}}}