{"file_name":"rightfoot","texture_size":[64,64],"textures":{"7d73626d-f6a7-8b61-c996-43abf91e9a39":"modelengine:entity/guard"},"elements":[{"name":"cube","from":[7.1,6.8,8.0],"to":[8.9,8.0,9.8],"rotation":{"angle":0.0,"axis":"x","origin":[8.0,5.4,8.4]},"faces":{"down":{"uv":[11.5,4.25,10.75,5.0],"rotation":0,"texture":"#7d73626d-f6a7-8b61-c996-43abf91e9a39","tintindex":0},"east":{"uv":[11.25,2.5,12.0,3.0],"rotation":0,"texture":"#7d73626d-f6a7-8b61-c996-43abf91e9a39","tintindex":0},"north":{"uv":[11.0,11.0,11.75,11.5],"rotation":0,"texture":"#7d73626d-f6a7-8b61-c996-43abf91e9a39","tintindex":0},"south":{"uv":[11.25,3.0,12.0,3.5],"rotation":0,"texture":"#7d73626d-f6a7-8b61-c996-43abf91e9a39","tintindex":0},"up":{"uv":[4.75,11.5,4.0,10.75],"rotation":0,"texture":"#7d73626d-f6a7-8b61-c996-43abf91e9a39","tintindex":0},"west":{"uv":[11.25,5.0,12.0,5.5],"rotation":0,"texture":"#7d73626d-f6a7-8b61-c996-43abf91e9a39","tintindex":0}}},{"name":"cube","from":[6.8,3.1999998,7.7],"to":[9.2,6.8,10.1],"rotation":{"angle":0.0,"axis":"x","origin":[8.0,5.4,8.4]},"faces":{"down":{"uv":[2.0,10.0,1.0,11.0],"rotation":0,"texture":"#7d73626d-f6a7-8b61-c996-43abf91e9a39","tintindex":0},"east":{"uv":[7.5,8.5,8.5,10.0],"rotation":0,"texture":"#7d73626d-f6a7-8b61-c996-43abf91e9a39","tintindex":0},"north":{"uv":[8.5,0.0,9.5,1.5],"rotation":0,"texture":"#7d73626d-f6a7-8b61-c996-43abf91e9a39","tintindex":0},"south":{"uv":[8.5,8.5,9.5,10.0],"rotation":0,"texture":"#7d73626d-f6a7-8b61-c996-43abf91e9a39","tintindex":0},"up":{"uv":[1.0,11.0,0.0,10.0],"rotation":0,"texture":"#7d73626d-f6a7-8b61-c996-43abf91e9a39","tintindex":0},"west":{"uv":[8.75,3.75,9.75,5.25],"rotation":0,"texture":"#7d73626d-f6a7-8b61-c996-43abf91e9a39","tintindex":0}}},{"name":"cube","from":[6.8,3.1999998,7.1],"to":[9.2,4.3999996,7.7],"rotation":{"angle":0.0,"axis":"x","origin":[8.0,5.4,8.4]},"faces":{"down":{"uv":[10.5,2.5,9.5,2.75],"rotation":0,"texture":"#7d73626d-f6a7-8b61-c996-43abf91e9a39","tintindex":0},"east":{"uv":[4.0,3.5,4.25,4.0],"rotation":0,"texture":"#7d73626d-f6a7-8b61-c996-43abf91e9a39","tintindex":0},"north":{"uv":[7.5,10.75,8.5,11.25],"rotation":0,"texture":"#7d73626d-f6a7-8b61-c996-43abf91e9a39","tintindex":0},"south":{"uv":[9.5,10.75,10.5,11.25],"rotation":0,"texture":"#7d73626d-f6a7-8b61-c996-43abf91e9a39","tintindex":0},"up":{"uv":[6.25,8.0,5.25,7.75],"rotation":0,"texture":"#7d73626d-f6a7-8b61-c996-43abf91e9a39","tintindex":0},"west":{"uv":[4.0,5.5,4.25,6.0],"rotation":0,"texture":"#7d73626d-f6a7-8b61-c996-43abf91e9a39","tintindex":0}}}],"display":{"head":{"translation":[0.0,-6.4,0.0],"rotation":[0.0,0.0,0.0],"scale":[3.8095,3.8095,3.8095]},"gui":{"translation":[0.0,0.0,0.0],"rotation":[35.0,225.0,0.0],"scale":[0.625,0.625,0.625]}}}