{"file_name":"righthand","texture_size":[64,64],"textures":{"7d73626d-f6a7-8b61-c996-43abf91e9a39":"modelengine:entity/guard"},"elements":[{"name":"cube","from":[7.1,6.8,5.6],"to":[8.9,8.0,8.0],"rotation":{"angle":0.0,"axis":"x","origin":[8.0,4.7749996,6.6499996]},"faces":{"down":{"uv":[10.5,5.0,11.25,6.0],"rotation":0,"texture":"#7d73626d-f6a7-8b61-c996-43abf91e9a39","tintindex":0},"east":{"uv":[6.5,10.75,5.5,11.25],"rotation":0,"texture":"#7d73626d-f6a7-8b61-c996-43abf91e9a39","tintindex":0},"north":{"uv":[3.5,11.0,2.75,11.5],"rotation":0,"texture":"#7d73626d-f6a7-8b61-c996-43abf91e9a39","tintindex":0},"south":{"uv":[7.25,11.0,6.5,11.5],"rotation":0,"texture":"#7d73626d-f6a7-8b61-c996-43abf91e9a39","tintindex":0},"up":{"uv":[4.75,11.5,5.5,10.5],"rotation":0,"texture":"#7d73626d-f6a7-8b61-c996-43abf91e9a39","tintindex":0},"west":{"uv":[9.5,1.5,8.5,2.0],"rotation":0,"texture":"#7d73626d-f6a7-8b61-c996-43abf91e9a39","tintindex":0}}},{"name":"cube","from":[6.8,3.7999997,5.3],"to":[9.2,6.8,8.3],"rotation":{"angle":0.0,"axis":"x","origin":[8.0,4.7749996,6.6499996]},"faces":{"down":{"uv":[9.5,8.25,10.5,9.5],"rotation":0,"texture":"#7d73626d-f6a7-8b61-c996-43abf91e9a39","tintindex":0},"east":{"uv":[6.5,8.0,5.25,9.25],"rotation":0,"texture":"#7d73626d-f6a7-8b61-c996-43abf91e9a39","tintindex":0},"north":{"uv":[10.5,0.0,9.5,1.25],"rotation":0,"texture":"#7d73626d-f6a7-8b61-c996-43abf91e9a39","tintindex":0},"south":{"uv":[10.5,1.25,9.5,2.5],"rotation":0,"texture":"#7d73626d-f6a7-8b61-c996-43abf91e9a39","tintindex":0},"up":{"uv":[5.75,10.75,6.75,9.5],"rotation":0,"texture":"#7d73626d-f6a7-8b61-c996-43abf91e9a39","tintindex":0},"west":{"uv":[9.0,7.25,7.75,8.5],"rotation":0,"texture":"#7d73626d-f6a7-8b61-c996-43abf91e9a39","tintindex":0}}},{"name":"cube","from":[8.0,2.6,5.3],"to":[9.2,3.7999997,8.3],"rotation":{"angle":0.0,"axis":"x","origin":[8.0,4.7749996,6.6499996]},"faces":{"down":{"uv":[10.5,10.5,11.0,11.75],"rotation":0,"texture":"#7d73626d-f6a7-8b61-c996-43abf91e9a39","tintindex":0},"east":{"uv":[11.75,10.0,10.5,10.5],"rotation":0,"texture":"#7d73626d-f6a7-8b61-c996-43abf91e9a39","tintindex":0},"north":{"uv":[2.0,7.25,1.5,7.75],"rotation":0,"texture":"#7d73626d-f6a7-8b61-c996-43abf91e9a39","tintindex":0},"south":{"uv":[1.5,8.5,1.0,9.0],"rotation":0,"texture":"#7d73626d-f6a7-8b61-c996-43abf91e9a39","tintindex":0},"up":{"uv":[8.25,6.0,8.75,4.75],"rotation":0,"texture":"#7d73626d-f6a7-8b61-c996-43abf91e9a39","tintindex":0},"west":{"uv":[11.75,6.0,10.5,6.5],"rotation":0,"texture":"#7d73626d-f6a7-8b61-c996-43abf91e9a39","tintindex":0}}},{"name":"cube","from":[6.8,2.6,5.3],"to":[8.0,3.7999997,7.1],"rotation":{"angle":0.0,"axis":"x","origin":[8.0,4.7749996,6.6499996]},"faces":{"down":{"uv":[7.25,6.0,7.75,6.75],"rotation":0,"texture":"#7d73626d-f6a7-8b61-c996-43abf91e9a39","tintindex":0},"east":{"uv":[11.75,10.5,11.0,11.0],"rotation":0,"texture":"#7d73626d-f6a7-8b61-c996-43abf91e9a39","tintindex":0},"north":{"uv":[8.0,11.25,7.5,11.75],"rotation":0,"texture":"#7d73626d-f6a7-8b61-c996-43abf91e9a39","tintindex":0},"south":{"uv":[11.75,7.75,11.25,8.25],"rotation":0,"texture":"#7d73626d-f6a7-8b61-c996-43abf91e9a39","tintindex":0},"up":{"uv":[6.25,3.5,6.75,2.75],"rotation":0,"texture":"#7d73626d-f6a7-8b61-c996-43abf91e9a39","tintindex":0},"west":{"uv":[9.25,11.0,8.5,11.5],"rotation":0,"texture":"#7d73626d-f6a7-8b61-c996-43abf91e9a39","tintindex":0}}}],"display":{"head":{"translation":[0.0,-6.4,0.0],"rotation":[0.0,0.0,0.0],"scale":[3.8095,3.8095,3.8095]},"gui":{"translation":[0.0,0.0,0.0],"rotation":[35.0,225.0,0.0],"scale":[0.625,0.625,0.625]}}}