{"file_name":"leftleg2","texture_size":[32,32],"textures":{"526639ef-6a26-8bb4-0c93-a28c282a74d6":"modelengine:entity/scarab"},"elements":[{"name":"cube","from":[4.9569693,8.577423,7.2977223],"to":[6.7569695,8.577423,9.097723],"rotation":{"angle":22.5,"axis":"z","origin":[7.852586,7.7083383,7.7477226]},"faces":{"down":{"uv":[6.5,1.5,8.0,3.0],"rotation":0,"texture":"#526639ef-6a26-8bb4-0c93-a28c282a74d6","tintindex":0},"east":{"uv":[0.0,0.0,1.5,0.0],"rotation":0,"texture":"#526639ef-6a26-8bb4-0c93-a28c282a74d6","tintindex":0},"north":{"uv":[0.0,0.0,1.5,0.0],"rotation":0,"texture":"#526639ef-6a26-8bb4-0c93-a28c282a74d6","tintindex":0},"south":{"uv":[0.0,0.0,1.5,0.0],"rotation":0,"texture":"#526639ef-6a26-8bb4-0c93-a28c282a74d6","tintindex":0},"up":{"uv":[8.0,8.0,6.5,6.5],"rotation":0,"texture":"#526639ef-6a26-8bb4-0c93-a28c282a74d6","tintindex":0},"west":{"uv":[0.0,0.0,1.5,0.0],"rotation":0,"texture":"#526639ef-6a26-8bb4-0c93-a28c282a74d6","tintindex":0}}},{"name":"cube","from":[6.507555,8.092548,7.2977223],"to":[8.307554,8.092548,9.097723],"rotation":{"angle":0.0,"axis":"x","origin":[9.403171,7.223463,7.7477226]},"faces":{"down":{"uv":[7.5,3.0,9.0,4.5],"rotation":0,"texture":"#526639ef-6a26-8bb4-0c93-a28c282a74d6","tintindex":0},"east":{"uv":[0.0,0.0,1.5,0.0],"rotation":0,"texture":"#526639ef-6a26-8bb4-0c93-a28c282a74d6","tintindex":0},"north":{"uv":[0.0,0.0,1.5,0.0],"rotation":0,"texture":"#526639ef-6a26-8bb4-0c93-a28c282a74d6","tintindex":0},"south":{"uv":[0.0,0.0,1.5,0.0],"rotation":0,"texture":"#526639ef-6a26-8bb4-0c93-a28c282a74d6","tintindex":0},"up":{"uv":[9.0,1.5,7.5,0.0],"rotation":0,"texture":"#526639ef-6a26-8bb4-0c93-a28c282a74d6","tintindex":0},"west":{"uv":[0.0,0.0,1.5,0.0],"rotation":0,"texture":"#526639ef-6a26-8bb4-0c93-a28c282a74d6","tintindex":0}}}],"display":{"head":{"translation":[0.0,-6.4,0.0],"rotation":[0.0,0.0,0.0],"scale":[3.8095,3.8095,3.8095]},"gui":{"translation":[0.0,0.0,0.0],"rotation":[35.0,225.0,0.0],"scale":[0.625,0.625,0.625]}}}