{"file_name":"scarab","texture_size":[32,32],"textures":{"526639ef-6a26-8bb4-0c93-a28c282a74d6":"modelengine:entity/scarab"},"elements":[{"name":"cube","from":[6.9757357,6.375736,7.4],"to":[9.975737,8.775736,10.4],"rotation":{"angle":0.0,"axis":"x","origin":[8.175735,6.375736,7.4]},"faces":{"down":{"uv":[0.0,2.5,2.5,5.0],"rotation":0,"texture":"#526639ef-6a26-8bb4-0c93-a28c282a74d6","tintindex":0},"east":{"uv":[2.5,0.0,5.0,2.0],"rotation":0,"texture":"#526639ef-6a26-8bb4-0c93-a28c282a74d6","tintindex":0},"north":{"uv":[2.5,2.5,5.0,4.5],"rotation":0,"texture":"#526639ef-6a26-8bb4-0c93-a28c282a74d6","tintindex":0},"south":{"uv":[2.5,4.5,5.0,6.5],"rotation":0,"texture":"#526639ef-6a26-8bb4-0c93-a28c282a74d6","tintindex":0},"up":{"uv":[2.5,2.5,0.0,0.0],"rotation":0,"texture":"#526639ef-6a26-8bb4-0c93-a28c282a74d6","tintindex":0},"west":{"uv":[0.0,5.0,2.5,7.0],"rotation":0,"texture":"#526639ef-6a26-8bb4-0c93-a28c282a74d6","tintindex":0}}},{"name":"cube","from":[7.575736,6.375736,10.4],"to":[9.375736,8.175735,11.0],"rotation":{"angle":0.0,"axis":"x","origin":[8.175735,6.375736,7.4]},"faces":{"down":{"uv":[5.0,4.5,6.5,5.0],"rotation":0,"texture":"#526639ef-6a26-8bb4-0c93-a28c282a74d6","tintindex":0},"east":{"uv":[3.0,8.5,3.5,10.0],"rotation":0,"texture":"#526639ef-6a26-8bb4-0c93-a28c282a74d6","tintindex":0},"north":{"uv":[0.0,7.0,1.5,8.5],"rotation":0,"texture":"#526639ef-6a26-8bb4-0c93-a28c282a74d6","tintindex":0},"south":{"uv":[4.0,7.5,5.5,9.0],"rotation":0,"texture":"#526639ef-6a26-8bb4-0c93-a28c282a74d6","tintindex":0},"up":{"uv":[4.0,2.5,2.5,2.0],"rotation":0,"texture":"#526639ef-6a26-8bb4-0c93-a28c282a74d6","tintindex":0},"west":{"uv":[3.5,8.5,4.0,10.0],"rotation":0,"texture":"#526639ef-6a26-8bb4-0c93-a28c282a74d6","tintindex":0}}},{"name":"cube","from":[6.9757357,6.375736,6.2],"to":[9.975737,8.175735,7.4],"rotation":{"angle":0.0,"axis":"x","origin":[8.175735,6.375736,7.4]},"faces":{"down":{"uv":[4.0,6.5,6.5,7.5],"rotation":0,"texture":"#526639ef-6a26-8bb4-0c93-a28c282a74d6","tintindex":0},"east":{"uv":[1.5,7.0,2.5,8.5],"rotation":0,"texture":"#526639ef-6a26-8bb4-0c93-a28c282a74d6","tintindex":0},"north":{"uv":[5.0,5.0,7.5,6.5],"rotation":0,"texture":"#526639ef-6a26-8bb4-0c93-a28c282a74d6","tintindex":0},"south":{"uv":[5.0,0.0,7.5,1.5],"rotation":0,"texture":"#526639ef-6a26-8bb4-0c93-a28c282a74d6","tintindex":0},"up":{"uv":[7.5,4.5,5.0,3.5],"rotation":0,"texture":"#526639ef-6a26-8bb4-0c93-a28c282a74d6","tintindex":0},"west":{"uv":[0.0,8.5,1.0,10.0],"rotation":0,"texture":"#526639ef-6a26-8bb4-0c93-a28c282a74d6","tintindex":0}}},{"name":"cube","from":[7.575736,6.375736,5.0],"to":[9.375736,7.575736,6.2],"rotation":{"angle":0.0,"axis":"x","origin":[8.175735,6.375736,7.4]},"faces":{"down":{"uv":[7.0,8.0,8.5,9.0],"rotation":0,"texture":"#526639ef-6a26-8bb4-0c93-a28c282a74d6","tintindex":0},"east":{"uv":[1.0,8.5,2.0,9.5],"rotation":0,"texture":"#526639ef-6a26-8bb4-0c93-a28c282a74d6","tintindex":0},"north":{"uv":[7.5,4.5,9.0,5.5],"rotation":0,"texture":"#526639ef-6a26-8bb4-0c93-a28c282a74d6","tintindex":0},"south":{"uv":[7.5,5.5,9.0,6.5],"rotation":0,"texture":"#526639ef-6a26-8bb4-0c93-a28c282a74d6","tintindex":0},"up":{"uv":[7.0,9.0,5.5,8.0],"rotation":0,"texture":"#526639ef-6a26-8bb4-0c93-a28c282a74d6","tintindex":0},"west":{"uv":[2.0,8.5,3.0,9.5],"rotation":0,"texture":"#526639ef-6a26-8bb4-0c93-a28c282a74d6","tintindex":0}}},{"name":"cube","from":[7.4,8.0,3.7999997],"to":[7.4,10.4,5.6],"rotation":{"angle":45.0,"axis":"z","origin":[8.0,8.0,7.4]},"faces":{"down":{"uv":[0.0,0.0,0.0,1.5],"rotation":0,"texture":"#526639ef-6a26-8bb4-0c93-a28c282a74d6","tintindex":0},"east":{"uv":[5.0,1.5,6.5,3.5],"rotation":0,"texture":"#526639ef-6a26-8bb4-0c93-a28c282a74d6","tintindex":0},"north":{"uv":[0.0,0.0,0.0,2.0],"rotation":0,"texture":"#526639ef-6a26-8bb4-0c93-a28c282a74d6","tintindex":0},"south":{"uv":[0.0,0.0,0.0,2.0],"rotation":0,"texture":"#526639ef-6a26-8bb4-0c93-a28c282a74d6","tintindex":0},"up":{"uv":[0.0,1.5,0.0,0.0],"rotation":0,"texture":"#526639ef-6a26-8bb4-0c93-a28c282a74d6","tintindex":0},"west":{"uv":[2.5,6.5,4.0,8.5],"rotation":0,"texture":"#526639ef-6a26-8bb4-0c93-a28c282a74d6","tintindex":0}}},{"name":"cube","from":[9.551472,8.0,3.7999997],"to":[9.551472,10.4,5.6],"rotation":{"angle":-45.0,"axis":"z","origin":[8.951472,8.0,7.4]},"faces":{"down":{"uv":[0.0,0.0,0.0,1.5],"rotation":0,"texture":"#526639ef-6a26-8bb4-0c93-a28c282a74d6","tintindex":0},"east":{"uv":[4.0,6.5,2.5,8.5],"rotation":0,"texture":"#526639ef-6a26-8bb4-0c93-a28c282a74d6","tintindex":0},"north":{"uv":[0.0,0.0,0.0,2.0],"rotation":0,"texture":"#526639ef-6a26-8bb4-0c93-a28c282a74d6","tintindex":0},"south":{"uv":[0.0,0.0,0.0,2.0],"rotation":0,"texture":"#526639ef-6a26-8bb4-0c93-a28c282a74d6","tintindex":0},"up":{"uv":[0.0,1.5,0.0,0.0],"rotation":0,"texture":"#526639ef-6a26-8bb4-0c93-a28c282a74d6","tintindex":0},"west":{"uv":[6.5,1.5,5.0,3.5],"rotation":0,"texture":"#526639ef-6a26-8bb4-0c93-a28c282a74d6","tintindex":0}}}],"display":{"head":{"translation":[0.0,-6.4,0.0],"rotation":[0.0,0.0,0.0],"scale":[3.8095,3.8095,3.8095]},"gui":{"translation":[0.0,0.0,0.0],"rotation":[35.0,225.0,0.0],"scale":[0.625,0.625,0.625]}}}