{"textures":{"0":"modelengine:entity/goblinshaman"},"elements":[{"name":"cube","from":[6.6523075,9.779196,6.392395],"to":[9.532309,14.0991955,8.312395],"rotation":{"angle":-45.0,"axis":"x","origin":[8.092308,12.659196,6.392395]},"faces":{"down":{"uv":[7.5,0.5,6.875,0.875],"rotation":0,"texture":"#0","tintindex":0},"east":{"uv":[3.5,6.75,3.875,7.625],"rotation":0,"texture":"#0","tintindex":0},"north":{"uv":[3.75,5.25,4.375,6.125],"rotation":0,"texture":"#0","tintindex":0},"south":{"uv":[4.375,5.25,5.0,6.125],"rotation":0,"texture":"#0","tintindex":0},"up":{"uv":[7.375,6.5,6.75,6.125],"rotation":0,"texture":"#0","tintindex":0},"west":{"uv":[3.875,6.75,4.25,7.625],"rotation":0,"texture":"#0","tintindex":0}}},{"name":"cube","from":[5.6923075,8.703562,7.4274826],"to":[10.492308,12.063562,9.827482],"rotation":{"angle":0.0,"axis":"x","origin":[8.092308,10.623562,7.9074826]},"faces":{"down":{"uv":[6.625,2.75,5.625,3.25],"rotation":0,"texture":"#0","tintindex":0},"east":{"uv":[2.5,6.375,3.0,7.125],"rotation":0,"texture":"#0","tintindex":0},"north":{"uv":[4.875,0.75,5.875,1.5],"rotation":0,"texture":"#0","tintindex":0},"south":{"uv":[4.875,1.5,5.875,2.25],"rotation":0,"texture":"#0","tintindex":0},"up":{"uv":[6.625,2.75,5.625,2.25],"rotation":0,"texture":"#0","tintindex":0},"west":{"uv":[3.0,6.375,3.5,7.125],"rotation":0,"texture":"#0","tintindex":0}}},{"name":"cube","from":[4.7323074,5.3435616,5.5074825],"to":[11.452308,9.663561,9.827482],"rotation":{"angle":22.5,"axis":"x","origin":[8.092308,7.2635617,7.9074826]},"faces":{"down":{"uv":[4.875,1.75,3.5,2.625],"rotation":0,"texture":"#0","tintindex":0},"east":{"uv":[1.0,0.0,1.875,0.875],"rotation":0,"texture":"#0","tintindex":0},"north":{"uv":[3.5,3.5,4.875,4.375],"rotation":0,"texture":"#0","tintindex":0},"south":{"uv":[3.5,0.0,4.875,0.875],"rotation":0,"texture":"#0","tintindex":0},"up":{"uv":[4.875,1.75,3.5,0.875],"rotation":0,"texture":"#0","tintindex":0},"west":{"uv":[4.75,2.625,5.625,3.5],"rotation":0,"texture":"#0","tintindex":0}}},{"name":"cube","from":[4.4923077,2.9091957,4.772395],"to":[11.692308,7.1091957,10.172396],"rotation":{"angle":0.0,"axis":"x","origin":[8.092308,5.3091955,4.472395]},"faces":{"down":{"uv":[7.625,4.875,9.125,6.0],"rotation":0,"texture":"#0","tintindex":0},"east":{"uv":[7.625,2.75,8.75,3.625],"rotation":0,"texture":"#0","tintindex":0},"north":{"uv":[7.5,0.0,9.0,0.875],"rotation":0,"texture":"#0","tintindex":0},"south":{"uv":[7.5,0.875,9.0,1.75],"rotation":0,"texture":"#0","tintindex":0},"up":{"uv":[7.625,3.625,9.125,4.75],"rotation":0,"texture":"#0","tintindex":0},"west":{"uv":[7.625,1.875,8.75,2.75],"rotation":0,"texture":"#0","tintindex":0}}},{"name":"cube","from":[7.127507,12.889596,3.829195],"to":[9.057108,15.462398,4.472395],"rotation":{"angle":0.0,"axis":"x","origin":[8.092308,6.457596,4.472395]},"faces":{"down":{"uv":[7.625,5.0,7.25,5.125],"rotation":0,"texture":"#0","tintindex":0},"east":{"uv":[6.0,5.5,6.125,6.0],"rotation":0,"texture":"#0","tintindex":0},"north":{"uv":[6.875,0.875,7.25,1.375],"rotation":0,"texture":"#0","tintindex":0},"south":{"uv":[6.875,4.625,7.25,5.125],"rotation":0,"texture":"#0","tintindex":0},"up":{"uv":[6.5,4.0,6.125,3.875],"rotation":0,"texture":"#0","tintindex":0},"west":{"uv":[4.875,6.125,5.0,6.625],"rotation":0,"texture":"#0","tintindex":0}}}],"display":{"head":{"translation":[0.0,-6.4,0.0],"rotation":[0.0,0.0,0.0],"scale":[3.8095,3.8095,3.8095]}}}