{"file_name":"head","texture_size":[128,128],"textures":{"6790707d-91c6-4788-e290-0af9790f967e":"modelengine:entity/goblinwitchdoctor"},"elements":[{"name":"cube","from":[5.12,8.456044,5.6432],"to":[10.88,10.856045,9.9632],"rotation":{"angle":0.0,"axis":"x","origin":[8.0,8.456044,5.6432]},"faces":{"down":{"uv":[1.5,4.0,2.75,4.875],"rotation":0,"texture":"#6790707d-91c6-4788-e290-0af9790f967e","tintindex":0},"east":{"uv":[2.75,5.875,3.625,6.375],"rotation":0,"texture":"#6790707d-91c6-4788-e290-0af9790f967e","tintindex":0},"north":{"uv":[4.875,3.5,6.125,4.0],"rotation":0,"texture":"#6790707d-91c6-4788-e290-0af9790f967e","tintindex":0},"south":{"uv":[5.0,5.0,6.25,5.5],"rotation":0,"texture":"#6790707d-91c6-4788-e290-0af9790f967e","tintindex":0},"up":{"uv":[4.75,3.5,3.5,2.625],"rotation":0,"texture":"#6790707d-91c6-4788-e290-0af9790f967e","tintindex":0},"west":{"uv":[5.875,0.0,6.75,0.5],"rotation":0,"texture":"#6790707d-91c6-4788-e290-0af9790f967e","tintindex":0}}},{"name":"cube","from":[5.6,6.056044,5.6432],"to":[10.4,8.456044,8.5232],"rotation":{"angle":0.0,"axis":"x","origin":[8.0,6.056044,5.6432]},"faces":{"down":{"uv":[2.75,5.25,3.75,5.875],"rotation":0,"texture":"#6790707d-91c6-4788-e290-0af9790f967e","tintindex":0},"east":{"uv":[6.25,1.125,6.875,1.625],"rotation":0,"texture":"#6790707d-91c6-4788-e290-0af9790f967e","tintindex":0},"north":{"uv":[5.0,5.5,6.0,6.0],"rotation":0,"texture":"#6790707d-91c6-4788-e290-0af9790f967e","tintindex":0},"south":{"uv":[1.75,5.625,2.75,6.125],"rotation":0,"texture":"#6790707d-91c6-4788-e290-0af9790f967e","tintindex":0},"up":{"uv":[6.0,4.625,5.0,4.0],"rotation":0,"texture":"#6790707d-91c6-4788-e290-0af9790f967e","tintindex":0},"west":{"uv":[6.625,2.75,7.25,3.25],"rotation":0,"texture":"#6790707d-91c6-4788-e290-0af9790f967e","tintindex":0}}},{"name":"cube","from":[0.9199996,7.0160446,8.0432005],"to":[5.72,10.856045,8.5232],"rotation":{"angle":0.0,"axis":"x","origin":[5.72,10.376045,8.0432005]},"faces":{"down":{"uv":[7.875,5.125,6.875,5.25],"rotation":0,"texture":"#6790707d-91c6-4788-e290-0af9790f967e","tintindex":0},"east":{"uv":[3.5,7.125,3.375,7.875],"rotation":0,"texture":"#6790707d-91c6-4788-e290-0af9790f967e","tintindex":0},"north":{"uv":[2.75,4.875,1.75,5.625],"rotation":0,"texture":"#6790707d-91c6-4788-e290-0af9790f967e","tintindex":0},"south":{"uv":[5.875,0.0,4.875,0.75],"rotation":0,"texture":"#6790707d-91c6-4788-e290-0af9790f967e","tintindex":0},"up":{"uv":[1.0,1.0,2.0,0.875],"rotation":0,"texture":"#6790707d-91c6-4788-e290-0af9790f967e","tintindex":0},"west":{"uv":[2.0,0.0,1.875,0.75],"rotation":0,"texture":"#6790707d-91c6-4788-e290-0af9790f967e","tintindex":0}}},{"name":"cube","from":[3.7999997,10.316044,7.4432],"to":[7.4,18.266045,8.0432005],"rotation":{"angle":45.0,"axis":"z","origin":[5.6,10.466044,7.4432]},"faces":{"down":{"uv":[10.25,2.375,11.0,2.5],"rotation":0,"texture":"#6790707d-91c6-4788-e290-0af9790f967e","tintindex":0},"east":{"uv":[0.125,8.75,0.0,10.40625],"rotation":0,"texture":"#6790707d-91c6-4788-e290-0af9790f967e","tintindex":0},"north":{"uv":[0.75,2.5,0.0,4.09375],"rotation":0,"texture":"#6790707d-91c6-4788-e290-0af9790f967e","tintindex":0},"south":{"uv":[0.75,2.5,0.0,4.09375],"rotation":0,"texture":"#6790707d-91c6-4788-e290-0af9790f967e","tintindex":0},"up":{"uv":[11.25,0.875,10.5,1.0],"rotation":0,"texture":"#6790707d-91c6-4788-e290-0af9790f967e","tintindex":0},"west":{"uv":[0.125,8.25,0.0,9.90625],"rotation":0,"texture":"#6790707d-91c6-4788-e290-0af9790f967e","tintindex":0}}},{"name":"cube","from":[6.2,10.316044,5.6432],"to":[9.8,18.266045,6.2432003],"rotation":{"angle":0.0,"axis":"x","origin":[8.0,10.466044,5.6432]},"faces":{"down":{"uv":[10.0,2.0,10.75,2.125],"rotation":0,"texture":"#6790707d-91c6-4788-e290-0af9790f967e","tintindex":0},"east":{"uv":[1.25,5.125,1.375,6.75],"rotation":0,"texture":"#6790707d-91c6-4788-e290-0af9790f967e","tintindex":0},"north":{"uv":[0.0,2.5,0.75,4.125],"rotation":0,"texture":"#6790707d-91c6-4788-e290-0af9790f967e","tintindex":0},"south":{"uv":[0.0,2.5,0.75,4.125],"rotation":0,"texture":"#6790707d-91c6-4788-e290-0af9790f967e","tintindex":0},"up":{"uv":[11.125,0.75,10.375,0.625],"rotation":0,"texture":"#6790707d-91c6-4788-e290-0af9790f967e","tintindex":0},"west":{"uv":[1.375,5.125,1.5,6.75],"rotation":0,"texture":"#6790707d-91c6-4788-e290-0af9790f967e","tintindex":0}}},{"name":"cube","from":[8.6,10.316044,7.4432],"to":[12.2,18.266045,8.0432005],"rotation":{"angle":-45.0,"axis":"z","origin":[10.4,10.466044,7.4432]},"faces":{"down":{"uv":[3.0,0.25,2.25,0.375],"rotation":0,"texture":"#6790707d-91c6-4788-e290-0af9790f967e","tintindex":0},"east":{"uv":[9.25,1.875,9.375,3.53125],"rotation":0,"texture":"#6790707d-91c6-4788-e290-0af9790f967e","tintindex":0},"north":{"uv":[0.0,2.5,0.75,4.09375],"rotation":0,"texture":"#6790707d-91c6-4788-e290-0af9790f967e","tintindex":0},"south":{"uv":[0.0,2.5,0.75,4.09375],"rotation":0,"texture":"#6790707d-91c6-4788-e290-0af9790f967e","tintindex":0},"up":{"uv":[2.25,0.375,3.0,0.5],"rotation":0,"texture":"#6790707d-91c6-4788-e290-0af9790f967e","tintindex":0},"west":{"uv":[9.375,1.625,9.5,3.28125],"rotation":0,"texture":"#6790707d-91c6-4788-e290-0af9790f967e","tintindex":0}}},{"name":"cube","from":[10.280001,7.0160446,8.0432005],"to":[15.08,10.856045,8.5232],"rotation":{"angle":0.0,"axis":"x","origin":[10.280001,10.376045,8.0432005]},"faces":{"down":{"uv":[6.875,5.125,7.875,5.25],"rotation":0,"texture":"#6790707d-91c6-4788-e290-0af9790f967e","tintindex":0},"east":{"uv":[1.875,0.0,2.0,0.75],"rotation":0,"texture":"#6790707d-91c6-4788-e290-0af9790f967e","tintindex":0},"north":{"uv":[1.75,4.875,2.75,5.625],"rotation":0,"texture":"#6790707d-91c6-4788-e290-0af9790f967e","tintindex":0},"south":{"uv":[4.875,0.0,5.875,0.75],"rotation":0,"texture":"#6790707d-91c6-4788-e290-0af9790f967e","tintindex":0},"up":{"uv":[2.0,1.0,1.0,0.875],"rotation":0,"texture":"#6790707d-91c6-4788-e290-0af9790f967e","tintindex":0},"west":{"uv":[3.375,7.125,3.5,7.875],"rotation":0,"texture":"#6790707d-91c6-4788-e290-0af9790f967e","tintindex":0}}},{"name":"cube","from":[9.440001,7.9760447,3.2431998],"to":[12.32,10.856045,4.2032],"rotation":{"angle":-22.5,"axis":"y","origin":[8.0,15.656045,4.2032]},"faces":{"down":{"uv":[6.75,6.5,7.375,6.75],"rotation":0,"texture":"#6790707d-91c6-4788-e290-0af9790f967e","tintindex":0},"east":{"uv":[5.375,7.125,5.625,7.75],"rotation":0,"texture":"#6790707d-91c6-4788-e290-0af9790f967e","tintindex":0},"north":{"uv":[6.0,4.0,6.625,4.625],"rotation":0,"texture":"#6790707d-91c6-4788-e290-0af9790f967e","tintindex":0},"south":{"uv":[3.625,6.125,4.25,6.75],"rotation":0,"texture":"#6790707d-91c6-4788-e290-0af9790f967e","tintindex":0},"up":{"uv":[6.5,2.25,5.875,2.0],"rotation":0,"texture":"#6790707d-91c6-4788-e290-0af9790f967e","tintindex":0},"west":{"uv":[5.625,7.125,5.875,7.75],"rotation":0,"texture":"#6790707d-91c6-4788-e290-0af9790f967e","tintindex":0}}},{"name":"cube","from":[8.0,1.2560445,4.2032],"to":[12.8,13.256045,5.1632],"rotation":{"angle":-22.5,"axis":"y","origin":[8.0,3.176044,4.2032]},"faces":{"down":{"uv":[6.125,6.75,7.125,7.0],"rotation":0,"texture":"#6790707d-91c6-4788-e290-0af9790f967e","tintindex":0},"east":{"uv":[0.75,5.125,1.0,7.625],"rotation":0,"texture":"#6790707d-91c6-4788-e290-0af9790f967e","tintindex":0},"north":{"uv":[0.0,0.0,1.0,2.5],"rotation":0,"texture":"#6790707d-91c6-4788-e290-0af9790f967e","tintindex":0},"south":{"uv":[1.0,1.0,2.0,3.5],"rotation":0,"texture":"#6790707d-91c6-4788-e290-0af9790f967e","tintindex":0},"up":{"uv":[7.25,5.5,6.25,5.25],"rotation":0,"texture":"#6790707d-91c6-4788-e290-0af9790f967e","tintindex":0},"west":{"uv":[1.0,5.125,1.25,7.625],"rotation":0,"texture":"#6790707d-91c6-4788-e290-0af9790f967e","tintindex":0}}},{"name":"cube","from":[3.1999998,1.2560445,4.2032],"to":[8.0,13.256045,5.1632],"rotation":{"angle":22.5,"axis":"y","origin":[8.0,3.176044,4.2032]},"faces":{"down":{"uv":[7.125,6.75,6.125,7.0],"rotation":0,"texture":"#6790707d-91c6-4788-e290-0af9790f967e","tintindex":0},