{"file_name":"leftarm","texture_size":[128,128],"textures":{"6790707d-91c6-4788-e290-0af9790f967e":"modelengine:entity/goblinwitchdoctor"},"elements":[{"name":"cube","from":[6.1542797,4.2960553,6.0687056],"to":[8.07428,9.576056,7.988705],"rotation":{"angle":22.5,"axis":"x","origin":[8.07428,5.7360554,6.0687056]},"faces":{"down":{"uv":[7.5,5.5,7.125,5.875],"rotation":0,"texture":"#6790707d-91c6-4788-e290-0af9790f967e","tintindex":0},"east":{"uv":[6.125,6.0,5.75,7.125],"rotation":0,"texture":"#6790707d-91c6-4788-e290-0af9790f967e","tintindex":0},"north":{"uv":[6.25,0.5,5.875,1.625],"rotation":0,"texture":"#6790707d-91c6-4788-e290-0af9790f967e","tintindex":0},"south":{"uv":[5.75,6.0,5.375,7.125],"rotation":0,"texture":"#6790707d-91c6-4788-e290-0af9790f967e","tintindex":0},"up":{"uv":[7.125,4.375,7.5,4.0],"rotation":0,"texture":"#6790707d-91c6-4788-e290-0af9790f967e","tintindex":0},"west":{"uv":[5.375,6.0,5.0,7.125],"rotation":0,"texture":"#6790707d-91c6-4788-e290-0af9790f967e","tintindex":0}}},{"name":"cube","from":[6.1542797,3.6709168,2.0114896],"to":[8.07428,5.590917,7.29149],"rotation":{"angle":0.0,"axis":"x","origin":[8.07428,3.1909165,5.37149]},"faces":{"down":{"uv":[2.5,6.125,2.125,7.25],"rotation":0,"texture":"#6790707d-91c6-4788-e290-0af9790f967e","tintindex":0},"east":{"uv":[7.0,1.625,5.875,2.0],"rotation":0,"texture":"#6790707d-91c6-4788-e290-0af9790f967e","tintindex":0},"north":{"uv":[2.125,7.25,1.75,7.625],"rotation":0,"texture":"#6790707d-91c6-4788-e290-0af9790f967e","tintindex":0},"south":{"uv":[2.5,7.25,2.125,7.625],"rotation":0,"texture":"#6790707d-91c6-4788-e290-0af9790f967e","tintindex":0},"up":{"uv":[1.75,7.25,2.125,6.125],"rotation":0,"texture":"#6790707d-91c6-4788-e290-0af9790f967e","tintindex":0},"west":{"uv":[6.125,4.625,5.0,5.0],"rotation":0,"texture":"#6790707d-91c6-4788-e290-0af9790f967e","tintindex":0}}},{"name":"cube","from":[6.742881,3.6709168,0.9723935],"to":[9.142881,6.070917,2.8923929],"rotation":{"angle":-22.5,"axis":"y","origin":[8.662881,3.1909165,0.9723935]},"faces":{"down":{"uv":[7.5,1.375,7.0,1.75],"rotation":0,"texture":"#6790707d-91c6-4788-e290-0af9790f967e","tintindex":0},"east":{"uv":[6.875,7.0,6.5,7.5],"rotation":0,"texture":"#6790707d-91c6-4788-e290-0af9790f967e","tintindex":0},"north":{"uv":[2.0,3.5,1.5,4.0],"rotation":0,"texture":"#6790707d-91c6-4788-e290-0af9790f967e","tintindex":0},"south":{"uv":[7.25,0.0,6.75,0.5],"rotation":0,"texture":"#6790707d-91c6-4788-e290-0af9790f967e","tintindex":0},"up":{"uv":[6.875,7.375,7.375,7.0],"rotation":0,"texture":"#6790707d-91c6-4788-e290-0af9790f967e","tintindex":0},"west":{"uv":[6.5,7.0,6.125,7.5],"rotation":0,"texture":"#6790707d-91c6-4788-e290-0af9790f967e","tintindex":0}}}],"display":{"head":{"translation":[0.0,-6.4,0.0],"rotation":[0.0,0.0,0.0],"scale":[3.8095,3.8095,3.8095]},"gui":{"translation":[0.0,0.0,0.0],"rotation":[35.0,225.0,0.0],"scale":[0.625,0.625,0.625]}}}