{"textures":{"0":"modelengine:entity/ghoul1"},"elements":[{"name":"cube","from":[7.0901003,4.9491315,6.9468307],"to":[8.980101,8.351131,9.130831],"rotation":{"angle":0.0,"axis":"x","origin":[8.8121,21.371132,7.4088306]},"faces":{"down":{"uv":[9.8125,0.0,9.25,0.625],"rotation":0,"texture":"#0","tintindex":0},"east":{"uv":[0.0,7.5,0.625,8.5],"rotation":0,"texture":"#0","tintindex":0},"north":{"uv":[8.0,5.375,8.5625,6.375],"rotation":0,"texture":"#0","tintindex":0},"south":{"uv":[5.75,8.0,6.3125,9.0],"rotation":0,"texture":"#0","tintindex":0},"up":{"uv":[0.5625,9.875,0.0,9.25],"rotation":0,"texture":"#0","tintindex":0},"west":{"uv":[5.125,7.5,5.75,8.5],"rotation":0,"texture":"#0","tintindex":0}}},{"name":"cube","from":[6.8801003,6.4191318,6.7368307],"to":[9.1901,6.8811316,9.34083],"rotation":{"angle":0.0,"axis":"x","origin":[8.8121,21.371132,7.4088306]},"faces":{"down":{"uv":[5.4375,8.5,4.75,9.25],"rotation":0,"texture":"#0","tintindex":0},"east":{"uv":[10.125,1.25,10.875,1.375],"rotation":0,"texture":"#0","tintindex":0},"north":{"uv":[10.5,1.125,11.1875,1.25],"rotation":0,"texture":"#0","tintindex":0},"south":{"uv":[4.0,10.5,4.6875,10.625],"rotation":0,"texture":"#0","tintindex":0},"up":{"uv":[2.9375,9.25,2.25,8.5],"rotation":0,"texture":"#0","tintindex":0},"west":{"uv":[10.375,6.875,11.125,7.0],"rotation":0,"texture":"#0","tintindex":0}}},{"name":"cube","from":[6.8801003,4.109132,6.1068306],"to":[9.1901,4.991132,9.34083],"rotation":{"angle":0.0,"axis":"x","origin":[8.8121,21.371132,7.4088306]},"faces":{"down":{"uv":[7.9375,4.625,7.25,5.5625],"rotation":0,"texture":"#0","tintindex":0},"east":{"uv":[9.625,8.75,10.5625,9.0],"rotation":0,"texture":"#0","tintindex":0},"north":{"uv":[10.0,7.125,10.6875,7.375],"rotation":0,"texture":"#0","tintindex":0},"south":{"uv":[10.0,9.0,10.6875,9.25],"rotation":0,"texture":"#0","tintindex":0},"up":{"uv":[5.0625,8.0625,4.375,7.125],"rotation":0,"texture":"#0","tintindex":0},"west":{"uv":[9.75,1.375,10.6875,1.625],"rotation":0,"texture":"#0","tintindex":0}}},{"name":"cube","from":[9.1901,3.8991313,6.1068306],"to":[10.0301,4.7811317,6.9468307],"rotation":{"angle":45.0,"axis":"y","origin":[8.8121,21.371132,7.4088306]},"faces":{"down":{"uv":[7.0,10.5,6.75,10.75],"rotation":0,"texture":"#0","tintindex":0},"east":{"uv":[8.75,6.875,9.0,7.125],"rotation":0,"texture":"#0","tintindex":0},"north":{"uv":[8.75,5.125,9.0,5.375],"rotation":0,"texture":"#0","tintindex":0},"south":{"uv":[9.0,6.875,9.25,7.125],"rotation":0,"texture":"#0","tintindex":0},"up":{"uv":[5.5,10.75,5.25,10.5],"rotation":0,"texture":"#0","tintindex":0},"west":{"uv":[10.5,5.0,10.75,5.25],"rotation":0,"texture":"#0","tintindex":0}}},{"name":"cube","from":[8.1401,3.8991313,5.0568304],"to":[8.980101,4.7811317,5.8968306],"rotation":{"angle":45.0,"axis":"y","origin":[8.8121,21.371132,7.4088306]},"faces":{"down":{"uv":[1.625,10.625,1.375,10.875],"rotation":0,"texture":"#0","tintindex":0},"east":{"uv":[0.375,10.625,0.625,10.875],"rotation":0,"texture":"#0","tintindex":0},"north":{"uv":[10.5,7.875,10.75,8.125],"rotation":0,"texture":"#0","tintindex":0},"south":{"uv":[0.625,10.625,0.875,10.875],"rotation":0,"texture":"#0","tintindex":0},"up":{"uv":[1.375,10.875,1.125,10.625],"rotation":0,"texture":"#0","tintindex":0},"west":{"uv":[0.875,10.625,1.125,10.875],"rotation":0,"texture":"#0","tintindex":0}}},{"name":"cube","from":[8.560101,3.89986,5.6868305],"to":[9.400101,4.78186,6.5268307],"rotation":{"angle":45.0,"axis":"y","origin":[8.8121,21.371132,7.4088306]},"faces":{"down":{"uv":[4.25,10.625,4.0,10.875],"rotation":0,"texture":"#0","tintindex":0},"east":{"uv":[1.875,10.625,2.125,10.875],"rotation":0,"texture":"#0","tintindex":0},"north":{"uv":[1.625,10.625,1.875,10.875],"rotation":0,"texture":"#0","tintindex":0},"south":{"uv":[2.125,10.625,2.375,10.875],"rotation":0,"texture":"#0","tintindex":0},"up":{"uv":[3.625,10.875,3.375,10.625],"rotation":0,"texture":"#0","tintindex":0},"west":{"uv":[2.375,10.625,2.625,10.875],"rotation":0,"texture":"#0","tintindex":0}}}],"display":{"head":{"translation":[0.0,-6.4,0.0],"rotation":[0.0,0.0,0.0],"scale":[3.8095,3.8095,3.8095]}}}