{"textures":{"0":"modelengine:entity/ghoul1"},"elements":[{"name":"cube","from":[7.2279997,9.122841,5.4340925],"to":[8.488,10.886841,6.5680923],"rotation":{"angle":0.0,"axis":"x","origin":[7.48,10.382841,7.1980925]},"faces":{"down":{"uv":[2.25,10.25,1.875,10.5625],"rotation":0,"texture":"#0","tintindex":0},"east":{"uv":[6.75,10.0,7.0625,10.5],"rotation":0,"texture":"#0","tintindex":0},"north":{"uv":[8.0,7.125,8.375,7.625],"rotation":0,"texture":"#0","tintindex":0},"south":{"uv":[10.0,6.0,10.375,6.5],"rotation":0,"texture":"#0","tintindex":0},"up":{"uv":[10.5,8.1875,10.125,7.875],"rotation":0,"texture":"#0","tintindex":0},"west":{"uv":[10.125,0.75,10.4375,1.25],"rotation":0,"texture":"#0","tintindex":0}}},{"name":"cube","from":[6.2200003,10.634841,5.9380927],"to":[9.496,12.146841,10.348093],"rotation":{"angle":0.0,"axis":"x","origin":[7.48,10.382841,7.1980925]},"faces":{"down":{"uv":[2.0,1.375,1.0,2.6875],"rotation":0,"texture":"#0","tintindex":0},"east":{"uv":[0.625,8.0,1.9375,8.4375],"rotation":0,"texture":"#0","tintindex":0},"north":{"uv":[8.625,5.375,9.625,5.8125],"rotation":0,"texture":"#0","tintindex":0},"south":{"uv":[8.625,5.875,9.625,6.3125],"rotation":0,"texture":"#0","tintindex":0},"up":{"uv":[1.0,2.6875,0.0,1.375],"rotation":0,"texture":"#0","tintindex":0},"west":{"uv":[2.0,8.0,3.3125,8.4375],"rotation":0,"texture":"#0","tintindex":0}}},{"name":"cube","from":[6.2200003,9.122841,5.9380927],"to":[9.496,10.634841,8.584093],"rotation":{"angle":0.0,"axis":"x","origin":[7.48,10.382841,7.1980925]},"faces":{"down":{"uv":[6.375,0.0,5.375,0.8125],"rotation":0,"texture":"#0","tintindex":0},"east":{"uv":[8.75,6.375,9.5625,6.8125],"rotation":0,"texture":"#0","tintindex":0},"north":{"uv":[8.75,0.625,9.75,1.0625],"rotation":0,"texture":"#0","tintindex":0},"south":{"uv":[8.75,1.125,9.75,1.5625],"rotation":0,"texture":"#0","tintindex":0},"up":{"uv":[6.125,5.3125,5.125,4.5],"rotation":0,"texture":"#0","tintindex":0},"west":{"uv":[8.75,8.5,9.5625,8.9375],"rotation":0,"texture":"#0","tintindex":0}}},{"name":"cube","from":[7.2279997,7.1908407,6.9460926],"to":[8.488,9.122841,8.080092],"rotation":{"angle":0.0,"axis":"x","origin":[7.48,10.382841,7.1980925]},"faces":{"down":{"uv":[10.625,5.375,10.25,5.6875],"rotation":0,"texture":"#0","tintindex":0},"east":{"uv":[6.375,10.0,6.6875,10.5625],"rotation":0,"texture":"#0","tintindex":0},"north":{"uv":[9.875,9.625,10.25,10.1875],"rotation":0,"texture":"#0","tintindex":0},"south":{"uv":[3.375,10.0,3.75,10.5625],"rotation":0,"texture":"#0","tintindex":0},"up":{"uv":[2.625,10.5625,2.25,10.25],"rotation":0,"texture":"#0","tintindex":0},"west":{"uv":[10.0,6.5,10.3125,7.0625],"rotation":0,"texture":"#0","tintindex":0}}}],"display":{"head":{"translation":[0.0,-6.4,0.0],"rotation":[0.0,0.0,0.0],"scale":[3.8095,3.8095,3.8095]}}}