{"file_name":"shoulder_left","texture_size":[128,128],"textures":{"8a9809cf-24b4-763d-6715-ca3b2f6b9044":"modelengine:entity/ghoul1"},"elements":[{"name":"cube","from":[6.5359135,6.4519987,6.8256416],"to":[9.443102,8.971999,9.2616415],"rotation":{"angle":-22.5,"axis":"z","origin":[9.265914,9.98,6.405641]},"faces":{"down":{"uv":[7.875,3.875,7.0,4.625],"rotation":0,"texture":"#8a9809cf-24b4-763d-6715-ca3b2f6b9044","tintindex":0},"east":{"uv":[3.375,8.0,4.125,8.75],"rotation":0,"texture":"#8a9809cf-24b4-763d-6715-ca3b2f6b9044","tintindex":0},"north":{"uv":[0.0,6.75,0.875,7.5],"rotation":0,"texture":"#8a9809cf-24b4-763d-6715-ca3b2f6b9044","tintindex":0},"south":{"uv":[7.0,1.75,7.875,2.5],"rotation":0,"texture":"#8a9809cf-24b4-763d-6715-ca3b2f6b9044","tintindex":0},"up":{"uv":[7.875,3.25,7.0,2.5],"rotation":0,"texture":"#8a9809cf-24b4-763d-6715-ca3b2f6b9044","tintindex":0},"west":{"uv":[8.0,4.625,8.75,5.375],"rotation":0,"texture":"#8a9809cf-24b4-763d-6715-ca3b2f6b9044","tintindex":0}}}],"display":{"head":{"translation":[0.0,-6.4,0.0],"rotation":[0.0,0.0,0.0],"scale":[3.8095,3.8095,3.8095]},"gui":{"translation":[0.0,0.0,0.0],"rotation":[35.0,225.0,0.0],"scale":[0.625,0.625,0.625]}}}