{"file_name":"bone12","texture_size":[272,272],"textures":{"f1036722-2437-0a31-0cb8-400f0d27aa72":"modelengine:entity/shadow"},"elements":[{"name":"cube","from":[7.479682,5.266519,6.731695],"to":[8.447362,7.193242,9.1336155],"rotation":{"angle":0.0,"axis":"x","origin":[-1.5231981,19.112122,8.101135]},"faces":{"down":{"uv":[12.823529,0.5882353,12.911765,0.8235294],"rotation":0,"texture":"#f1036722-2437-0a31-0cb8-400f0d27aa72","tintindex":0},"east":{"uv":[3.7058823,9.470589,3.9411764,9.6470585],"rotation":0,"texture":"#f1036722-2437-0a31-0cb8-400f0d27aa72","tintindex":0},"north":{"uv":[5.5882354,12.941176,5.6764708,13.117647],"rotation":0,"texture":"#f1036722-2437-0a31-0cb8-400f0d27aa72","tintindex":0},"south":{"uv":[6.117647,12.941176,6.2058825,13.117647],"rotation":0,"texture":"#f1036722-2437-0a31-0cb8-400f0d27aa72","tintindex":0},"up":{"uv":[12.911765,0.5882353,12.823529,0.3529412],"rotation":0,"texture":"#f1036722-2437-0a31-0cb8-400f0d27aa72","tintindex":0},"west":{"uv":[10.823529,0.88235295,11.058824,1.0588236],"rotation":0,"texture":"#f1036722-2437-0a31-0cb8-400f0d27aa72","tintindex":0}}},{"name":"cube","from":[7.047681,5.158519,6.8396955],"to":[8.879362,8.381239,9.025616],"rotation":{"angle":0.0,"axis":"x","origin":[-1.5231981,19.112122,8.101135]},"faces":{"down":{"uv":[12.6470585,5.2352943,12.823529,5.4411764],"rotation":0,"texture":"#f1036722-2437-0a31-0cb8-400f0d27aa72","tintindex":0},"east":{"uv":[4.7058825,12.117647,4.9117646,12.441176],"rotation":0,"texture":"#f1036722-2437-0a31-0cb8-400f0d27aa72","tintindex":0},"north":{"uv":[9.176471,12.294118,9.3529415,12.617647],"rotation":0,"texture":"#f1036722-2437-0a31-0cb8-400f0d27aa72","tintindex":0},"south":{"uv":[9.3529415,12.294118,9.529412,12.617647],"rotation":0,"texture":"#f1036722-2437-0a31-0cb8-400f0d27aa72","tintindex":0},"up":{"uv":[12.823529,4.852941,12.6470585,4.647059],"rotation":0,"texture":"#f1036722-2437-0a31-0cb8-400f0d27aa72","tintindex":0},"west":{"uv":[12.117647,9.058824,12.323529,9.382353],"rotation":0,"texture":"#f1036722-2437-0a31-0cb8-400f0d27aa72","tintindex":0}}},{"name":"cube","from":[6.939682,5.266519,7.2716956],"to":[8.987362,7.690039,8.593616],"rotation":{"angle":0.0,"axis":"x","origin":[-1.5231981,19.112122,8.101135]},"faces":{"down":{"uv":[12.764706,11.705882,12.970589,11.823529],"rotation":0,"texture":"#f1036722-2437-0a31-0cb8-400f0d27aa72","tintindex":0},"east":{"uv":[5.352941,12.705882,5.470588,12.941176],"rotation":0,"texture":"#f1036722-2437-0a31-0cb8-400f0d27aa72","tintindex":0},"north":{"uv":[12.411765,7.4117646,12.617647,7.647059],"rotation":0,"texture":"#f1036722-2437-0a31-0cb8-400f0d27aa72","tintindex":0},"south":{"uv":[7.529412,12.411765,7.7352943,12.6470585],"rotation":0,"texture":"#f1036722-2437-0a31-0cb8-400f0d27aa72","tintindex":0},"up":{"uv":[12.970589,10.764706,12.764706,10.6470585],"rotation":0,"texture":"#f1036722-2437-0a31-0cb8-400f0d27aa72","tintindex":0},"west":{"uv":[5.470588,12.705882,5.5882354,12.941176],"rotation":0,"texture":"#f1036722-2437-0a31-0cb8-400f0d27aa72","tintindex":0}}},{"name":"cube","from":[7.047681,1.7629995,6.2996955],"to":[8.879362,4.7265205,9.565617],"rotation":{"angle":0.0,"axis":"x","origin":[-1.5231981,19.129402,8.101135]},"faces":{"down":{"uv":[8.882353,12.294118,9.058824,12.617647],"rotation":0,"texture":"#f1036722-2437-0a31-0cb8-400f0d27aa72","tintindex":0},"east":{"uv":[11.588235,10.058824,11.911765,10.3529415],"rotation":0,"texture":"#f1036722-2437-0a31-0cb8-400f0d27aa72","tintindex":0},"north":{"uv":[10.294118,7.4117646,10.470589,7.7058825],"rotation":0,"texture":"#f1036722-2437-0a31-0cb8-400f0d27aa72","tintindex":0},"south":{"uv":[12.294118,9.705882,12.470589,10.0],"rotation":0,"texture":"#f1036722-2437-0a31-0cb8-400f0d27aa72","tintindex":0},"up":{"uv":[8.294118,12.617647,8.117647,12.294118],"rotation":0,"texture":"#f1036722-2437-0a31-0cb8-400f0d27aa72","tintindex":0},"west":{"uv":[11.176471,11.588235,11.5,11.882353],"rotation":0,"texture":"#f1036722-2437-0a31-0cb8-400f0d27aa72","tintindex":0}}},{"name":"cube","from":[6.6156816,1.7629995,6.4076953],"to":[9.311361,5.158519,9.457616],"rotation":{"angle":0.0,"axis":"x","origin":[-1.5231981,19.129402,8.101135]},"faces":{"down":{"uv":[11.941176,7.529412,12.205882,7.8235292],"rotation":0,"texture":"#f1036722-2437-0a31-0cb8-400f0d27aa72","tintindex":0},"east":{"uv":[11.529412,11.588235,11.823529,11.911765],"rotation":0,"texture":"#f1036722-2437-0a31-0cb8-400f0d27aa72","tintindex":0},"north":{"uv":[11.823529,5.5882354,12.088235,5.9117646],"rotation":0,"texture":"#f1036722-2437-0a31-0cb8-400f0d27aa72","tintindex":0},"south":{"uv":[11.823529,11.470589,12.088235,11.794118],"rotation":0,"texture":"#f1036722-2437-0a31-0cb8-400f0d27aa72","tintindex":0},"up":{"uv":[7.617647,12.235294,7.352941,11.941176],"rotation":0,"texture":"#f1036722-2437-0a31-0cb8-400f0d27aa72","tintindex":0},"west":{"uv":[11.6470585,0.5882353,11.941176,0.9117647],"rotation":0,"texture":"#f1036722-2437-0a31-0cb8-400f0d27aa72","tintindex":0}}},{"name":"cube","from":[6.507681,1.7629995,6.8396955],"to":[9.419361,4.7265205,9.025616],"rotation":{"angle":0.0,"axis":"x","origin":[-1.5231981,19.129402,8.101135]},"faces":{"down":{"uv":[12.235294,10.823529,12.529412,11.029412],"rotation":0,"texture":"#f1036722-2437-0a31-0cb8-400f0d27aa72","tintindex":0},"east":{"uv":[12.235294,9.411765,12.441176,9.705882],"rotation":0,"texture":"#f1036722-2437-0a31-0cb8-400f0d27aa72","tintindex":0},"north":{"uv":[0.7058824,11.823529,1.0,12.117647],"rotation":0,"texture":"#f1036722-2437-0a31-0cb8-400f0d27aa72","tintindex":0},"south":{"uv":[11.823529,0.9411765,12.117647,1.2352941],"rotation":0,"texture":"#f1036722-2437-0a31-0cb8-400f0d27aa72","tintindex":0},"up":{"uv":[12.529412,8.970589,12.235294,8.764706],"rotation":0,"texture":"#f1036722-2437-0a31-0cb8-400f0d27aa72","tintindex":0},"west":{"uv":[12.235294,10.0,12.441176,10.294118],"rotation":0,"texture":"#f1036722-2437-0a31-0cb8-400f0d27aa72","tintindex":0}}}],"display":{"head":{"translation":[0.0,-6.4,0.0],"rotation":[0.0,0.0,0.0],"scale":[3.8095,3.8095,3.8095]},"gui":{"translation":[0.0,0.0,0.0],"rotation":[35.0,225.0,0.0],"scale":[0.625,0.625,0.625]}}}