{"textures":{"0":"modelengine:entity/shadow"},"elements":[{"name":"cube","from":[7.512802,5.266519,6.731695],"to":[8.480482,7.193242,9.1336155],"rotation":{"angle":0.0,"axis":"x","origin":[17.483364,19.112122,8.101135]},"faces":{"down":{"uv":[12.911765,12.588235,12.823529,12.823529],"rotation":0,"texture":"#0","tintindex":0},"east":{"uv":[12.588235,2.6470587,12.823529,2.8235295],"rotation":0,"texture":"#0","tintindex":0},"north":{"uv":[7.8235292,12.941176,7.9117646,13.117647],"rotation":0,"texture":"#0","tintindex":0},"south":{"uv":[12.941176,8.0,13.029412,8.176471],"rotation":0,"texture":"#0","tintindex":0},"up":{"uv":[12.911765,12.588235,12.823529,12.3529415],"rotation":0,"texture":"#0","tintindex":0},"west":{"uv":[12.588235,3.235294,12.823529,3.4117646],"rotation":0,"texture":"#0","tintindex":0}}},{"name":"cube","from":[7.080802,5.158519,6.8396955],"to":[8.912482,8.381239,9.025616],"rotation":{"angle":0.0,"axis":"x","origin":[17.483364,19.112122,8.101135]},"faces":{"down":{"uv":[12.823529,6.0588236,12.6470585,6.264706],"rotation":0,"texture":"#0","tintindex":0},"east":{"uv":[11.176471,12.117647,11.382353,12.441176],"rotation":0,"texture":"#0","tintindex":0},"north":{"uv":[9.882353,12.294118,10.058824,12.617647],"rotation":0,"texture":"#0","tintindex":0},"south":{"uv":[10.588235,12.294118,10.764706,12.617647],"rotation":0,"texture":"#0","tintindex":0},"up":{"uv":[5.882353,12.8529415,5.7058825,12.6470585],"rotation":0,"texture":"#0","tintindex":0},"west":{"uv":[12.117647,11.470589,12.323529,11.794118],"rotation":0,"texture":"#0","tintindex":0}}},{"name":"cube","from":[6.9728017,5.266519,7.2716956],"to":[9.020482,7.690039,8.593616],"rotation":{"angle":0.0,"axis":"x","origin":[17.483364,19.112122,8.101135]},"faces":{"down":{"uv":[12.970589,11.941176,12.764706,12.058824],"rotation":0,"texture":"#0","tintindex":0},"east":{"uv":[5.5882354,12.705882,5.7058825,12.941176],"rotation":0,"texture":"#0","tintindex":0},"north":{"uv":[7.764706,12.411765,7.970588,12.6470585],"rotation":0,"texture":"#0","tintindex":0},"south":{"uv":[12.411765,8.3529415,12.617647,8.588235],"rotation":0,"texture":"#0","tintindex":0},"up":{"uv":[12.970589,11.941176,12.764706,11.823529],"rotation":0,"texture":"#0","tintindex":0},"west":{"uv":[10.411765,12.705882,10.529412,12.941176],"rotation":0,"texture":"#0","tintindex":0}}},{"name":"cube","from":[7.080802,1.7629995,6.2996955],"to":[8.912482,4.7265205,9.565617],"rotation":{"angle":0.0,"axis":"x","origin":[17.483364,19.129402,8.101135]},"faces":{"down":{"uv":[12.529412,0.0,12.3529415,0.32352942],"rotation":0,"texture":"#0","tintindex":0},"east":{"uv":[1.5294118,11.6470585,1.8529412,11.941176],"rotation":0,"texture":"#0","tintindex":0},"north":{"uv":[12.294118,10.294118,12.470589,10.588235],"rotation":0,"texture":"#0","tintindex":0},"south":{"uv":[5.7058825,12.3529415,5.882353,12.6470585],"rotation":0,"texture":"#0","tintindex":0},"up":{"uv":[11.705882,12.617647,11.529412,12.294118],"rotation":0,"texture":"#0","tintindex":0},"west":{"uv":[1.882353,11.6470585,2.2058823,11.941176],"rotation":0,"texture":"#0","tintindex":0}}},{"name":"cube","from":[6.648802,1.7629995,6.4076953],"to":[9.344482,5.158519,9.457616],"rotation":{"angle":0.0,"axis":"x","origin":[17.483364,19.129402,8.101135]},"faces":{"down":{"uv":[12.205882,10.0,11.941176,10.294118],"rotation":0,"texture":"#0","tintindex":0},"east":{"uv":[11.6470585,6.117647,11.941176,6.4411764],"rotation":0,"texture":"#0","tintindex":0},"north":{"uv":[11.823529,11.823529,12.088235,12.1470585],"rotation":0,"texture":"#0","tintindex":0},"south":{"uv":[2.235294,11.882353,2.5,12.205882],"rotation":0,"texture":"#0","tintindex":0},"up":{"uv":[12.205882,9.0,11.941176,8.705882],"rotation":0,"texture":"#0","tintindex":0},"west":{"uv":[6.7058825,11.6470585,7.0,11.970589],"rotation":0,"texture":"#0","tintindex":0}}},{"name":"cube","from":[6.540802,1.7629995,6.8396955],"to":[9.452482,4.7265205,9.025616],"rotation":{"angle":0.0,"axis":"x","origin":[17.483364,19.129402,8.101135]},"faces":{"down":{"uv":[12.588235,2.6470587,12.294118,2.8529413],"rotation":0,"texture":"#0","tintindex":0},"east":{"uv":[0.23529412,12.294118,0.44117647,12.588235],"rotation":0,"texture":"#0","tintindex":0},"north":{"uv":[11.823529,4.2352943,12.117647,4.529412],"rotation":0,"texture":"#0","tintindex":0},"south":{"uv":[4.352941,11.823529,4.647059,12.117647],"rotation":0,"texture":"#0","tintindex":0},"up":{"uv":[2.764706,12.5,2.4705882,12.294118],"rotation":0,"texture":"#0","tintindex":0},"west":{"uv":[0.9411765,12.294118,1.1470588,12.588235],"rotation":0,"texture":"#0","tintindex":0}}}],"display":{"head":{"translation":[0.0,-6.4,0.0],"rotation":[0.0,0.0,0.0],"scale":[3.8095,3.8095,3.8095]}}}