{"textures":{"0":"modelengine:entity/shadow"},"elements":[{"name":"cube","from":[6.098564,29.215794,5.729166],"to":[7.9993644,29.993393,6.074766],"rotation":{"angle":22.5,"axis":"z","origin":[5.7529645,21.785393,7.6299663]},"faces":{"down":{"uv":[11.941176,10.0,11.764706,10.029412],"rotation":0,"texture":"#0","tintindex":0},"east":{"uv":[10.941176,13.117647,10.970589,13.205882],"rotation":0,"texture":"#0","tintindex":0},"north":{"uv":[12.941176,6.1764708,13.117647,6.264706],"rotation":0,"texture":"#0","tintindex":0},"south":{"uv":[12.941176,6.2941175,13.117647,6.382353],"rotation":0,"texture":"#0","tintindex":0},"up":{"uv":[11.941176,0.5588235,11.764706,0.5294118],"rotation":0,"texture":"#0","tintindex":0},"west":{"uv":[11.0,13.117647,11.029412,13.205882],"rotation":0,"texture":"#0","tintindex":0}}},{"name":"cube","from":[6.029444,28.846436,5.4460135],"to":[7.5500846,29.468513,5.722493],"rotation":{"angle":22.5,"axis":"z","origin":[5.7529645,22.902111,6.966654]},"faces":{"down":{"uv":[12.735294,9.235294,12.588235,9.264706],"rotation":0,"texture":"#0","tintindex":0},"east":{"uv":[13.058824,3.2941177,13.088235,3.3529413],"rotation":0,"texture":"#0","tintindex":0},"north":{"uv":[3.9411764,8.882353,4.0882354,8.941176],"rotation":0,"texture":"#0","tintindex":0},"south":{"uv":[2.0,9.529412,2.1470587,9.588235],"rotation":0,"texture":"#0","tintindex":0},"up":{"uv":[12.735294,3.4411764,12.588235,3.4117646],"rotation":0,"texture":"#0","tintindex":0},"west":{"uv":[13.058824,7.2352943,13.088235,7.2941175],"rotation":0,"texture":"#0","tintindex":0}}},{"name":"cube","from":[6.165868,25.334503,5.729166],"to":[6.5114675,26.025703,6.074766],"rotation":{"angle":-22.5,"axis":"z","origin":[2.9690678,26.198505,7.6299663]},"faces":{"down":{"uv":[13.205882,2.4117646,13.176471,2.4411764],"rotation":0,"texture":"#0","tintindex":0},"east":{"uv":[12.588235,3.0588236,12.617647,3.1176472],"rotation":0,"texture":"#0","tintindex":0},"north":{"uv":[2.0,12.411765,2.0294118,12.470589],"rotation":0,"texture":"#0","tintindex":0},"south":{"uv":[12.588235,6.0588236,12.617647,6.117647],"rotation":0,"texture":"#0","tintindex":0},"up":{"uv":[13.205882,2.382353,13.176471,2.3529413],"rotation":0,"texture":"#0","tintindex":0},"west":{"uv":[12.588235,7.352941,12.617647,7.4117646],"rotation":0,"texture":"#0","tintindex":0}}},{"name":"cube","from":[6.083287,25.741402,5.4460135],"to":[6.359767,26.294361,5.722493],"rotation":{"angle":-22.5,"axis":"z","origin":[3.525847,26.432602,6.966654]},"faces":{"down":{"uv":[13.205882,2.7058823,13.176471,2.735294],"rotation":0,"texture":"#0","tintindex":0},"east":{"uv":[7.4117646,12.882353,7.4411764,12.941176],"rotation":0,"texture":"#0","tintindex":0},"north":{"uv":[12.882353,7.2941175,12.911765,7.352941],"rotation":0,"texture":"#0","tintindex":0},"south":{"uv":[10.0,12.882353,10.029412,12.941176],"rotation":0,"texture":"#0","tintindex":0},"up":{"uv":[13.205882,2.6764705,13.176471,2.6470587],"rotation":0,"texture":"#0","tintindex":0},"west":{"uv":[10.764706,12.882353,10.794118,12.941176],"rotation":0,"texture":"#0","tintindex":0}}},{"name":"cube","from":[6.165868,26.025703,5.729166],"to":[6.7706676,27.062504,6.074766],"rotation":{"angle":-22.5,"axis":"z","origin":[2.9690678,26.198505,7.6299663]},"faces":{"down":{"uv":[12.823529,4.4117646,12.764706,4.4411764],"rotation":0,"texture":"#0","tintindex":0},"east":{"uv":[13.117647,11.705882,13.1470585,11.794118],"rotation":0,"texture":"#0","tintindex":0},"north":{"uv":[13.117647,3.0,13.176471,3.0882354],"rotation":0,"texture":"#0","tintindex":0},"south":{"uv":[13.117647,3.2941177,13.176471,3.382353],"rotation":0,"texture":"#0","tintindex":0},"up":{"uv":[12.823529,3.4411764,12.764706,3.4117646],"rotation":0,"texture":"#0","tintindex":0},"west":{"uv":[11.764706,13.117647,11.794118,13.205882],"rotation":0,"texture":"#0","tintindex":0}}},{"name":"cube","from":[6.083287,26.294361,5.4460135],"to":[6.567127,27.123802,5.722493],"rotation":{"angle":-22.5,"axis":"z","origin":[3.525847,26.432602,6.966654]},"faces":{"down":{"uv":[13.176471,10.6470585,13.117647,10.676471],"rotation":0,"texture":"#0","tintindex":0},"east":{"uv":[13.117647,11.941176,13.1470585,12.029412],"rotation":0,"texture":"#0","tintindex":0},"north":{"uv":[6.1764708,13.117647,6.2352943,13.205882],"rotation":0,"texture":"#0","tintindex":0},"south":{"uv":[13.117647,6.1764708,13.176471,6.264706],"rotation":0,"texture":"#0","tintindex":0},"up":{"uv":[13.176471,10.264706,13.117647,10.235294],"rotation":0,"texture":"#0","tintindex":0},"west":{"uv":[12.0,13.117647,12.029412,13.205882],"rotation":0,"texture":"#0","tintindex":0}}},{"name":"cube","from":[6.211981,28.438747,5.729166],"to":[6.989581,30.944347,6.074766],"rotation":{"angle":-45.0,"axis":"z","origin":[3.0151806,27.056347,7.6299663]},"faces":{"down":{"uv":[12.911765,5.470588,12.823529,5.5],"rotation":0,"texture":"#0","tintindex":0},"east":{"uv":[13.117647,2.6470587,13.1470585,2.882353],"rotation":0,"texture":"#0","tintindex":0},"north":{"uv":[12.823529,3.235294,12.911765,3.4705882],"rotation":0,"texture":"#0","tintindex":0},"south":{"uv":[12.823529,3.5882354,12.911765,3.8235295],"rotation":0,"texture":"#0","tintindex":0},"up":{"uv":[12.8529415,9.382353,12.764706,9.3529415],"rotation":0,"texture":"#0","tintindex":0},"west":{"uv":[3.4117646,13.117647,3.4411764,13.3529415],"rotation":0,"texture":"#0","tintindex":0}}},{"name":"cube","from":[6.1201773,28.224796,5.4460135],"to":[6.7422576,30.229275,5.722493],"rotation":{"angle":-45.0,"axis":"z","origin":[3.5627375,27.118877,6.966654]},"faces":{"down":{"uv":[13.176471,8.823529,13.117647,8.8529415],"rotation":0,"texture":"#0","tintindex":0},"east":{"uv":[5.352941,13.117647,5.382353,13.323529],"rotation":0,"texture":"#0","tintindex":0},"north":{"uv":[6.1764708,11.117647,6.2352943,11.323529],"rotation":0,"texture":"#0","tintindex":0},"south":{"uv":[9.882353,11.294118,9.941176,11.5],"rotation":0,"texture":"#0","tintindex":0},"up":{"uv":[13.176471,7.382353,13.117647,7.352941],"rotation":0,"texture":"#0","tintindex":0},"west":{"uv":[5.4117646,13.117647,5.4411764,13.323529],"rotation":0,"texture":"#0","tintindex":0}}},{"name":"cube","from":[7.7971373,26.99525,5.729166],"to":[8.574738,29.500854,6.074766],"rotation":{"angle":0.0,"axis":"x","origin":[4.600337,22.588852,7.6299663]},"faces":{"down":{"uv":[12.970589,9.176471,12.882353,9.205882],"rotation":0,"texture":"#0","tintindex":0},"east":{"uv":[3.4705882,13.117647,3.5,13.3529415],"rotation":0,"texture":"#0","tintindex":0},"north":{"uv":[3.882353,12.823529,3.9705882,13.058824],"rotation":0,"texture":"#0","tintindex":0},"south":{"uv":[4.0,12.823529,4.0882354,13.058824],"rotation":0,"texture":"#0","tintindex":0},"up":{"uv":[12.911765,11.382353,12.823529,11.3529415],"rotation":0,"texture":"#0","tintindex":0},"west":{"uv":[3.5294118,13.117647,3.5588236,13.3529415],"rotation":0,"texture":"#0","tintindex":0}}},{"name":"cube","from":[7.388303,27.07,5.4460135],"to":[8.010383,29.074482,5.722493],"rotation":{"angle":0.0,"axis":"x","origin":[4.8308625,23.54488,6.966654]},"faces":{"down":{"uv":[13.176471,6.7058825,13.117647,6.7352943],"rotation":0,"texture":"#0","tintindex":0},"east":{"uv":[4.5882354,13.117647,4.617647,13.323529],"rotation":0,"texture":"#0","tintindex":0},"north":{"uv":[3.4705882,10.882353,3.5294118,11.088235],"rotation":0,"texture":"#0","tintindex":0},"south":{"uv":[5.8235292,10.882353,5.882353,11.088235],"rotation":0,"texture":"#0","tintindex":0},"up":{"uv":[13.176471,5.147059,13.117647,5.117647],"rotation":0,"texture":"#0","tintindex":0},"west":{"uv":[4.647059,13.117647,4.6764708,13.323529],"rotation":0,"texture":"#0","tintindex":0}}},{"name":"cube","from":[3.5065641,29.215794,5.729166],"to":[5.4073644,29.993393,6.074766],"rotation":{"angle":-22.5,"axis":"z","origin":[5.7529645,21.785393,7.6299663]},"faces":{"down":{"uv":[12.470589,2.3529413,12.294118,2.382353],"rotation":0,"texture":"#0","tintindex":0},"east":{"uv":[13.117647,11.470589,13.1470585,11.558824],"rotation":0,"texture":"#0","tintindex":0},