{"file_name":"bone","texture_size":[272,272],"textures":{"f1036722-2437-0a31-0cb8-400f0d27aa72":"modelengine:entity/shadow"},"elements":[{"name":"cube","from":[13.696881,8.360599,6.6210537],"to":[15.468082,10.520603,10.422653],"rotation":{"angle":45.0,"axis":"z","origin":[11.580082,1.2326001,6.966654]},"faces":{"down":{"uv":[1.3529412,12.117647,1.5294118,12.5],"rotation":0,"texture":"#f1036722-2437-0a31-0cb8-400f0d27aa72","tintindex":0},"east":{"uv":[11.941176,0.0,12.323529,0.20588236],"rotation":0,"texture":"#f1036722-2437-0a31-0cb8-400f0d27aa72","tintindex":0},"north":{"uv":[11.6470585,0.9411765,11.823529,1.1470588],"rotation":0,"texture":"#f1036722-2437-0a31-0cb8-400f0d27aa72","tintindex":0},"south":{"uv":[12.588235,10.294118,12.764706,10.5],"rotation":0,"texture":"#f1036722-2437-0a31-0cb8-400f0d27aa72","tintindex":0},"up":{"uv":[8.882353,12.441176,8.705882,12.058824],"rotation":0,"texture":"#f1036722-2437-0a31-0cb8-400f0d27aa72","tintindex":0},"west":{"uv":[11.941176,0.23529412,12.323529,0.44117647],"rotation":0,"texture":"#f1036722-2437-0a31-0cb8-400f0d27aa72","tintindex":0}}},{"name":"cube","from":[13.092082,10.520603,6.6210537],"to":[15.468082,13.587802,10.422653],"rotation":{"angle":45.0,"axis":"z","origin":[11.580082,1.2326001,6.966654]},"faces":{"down":{"uv":[11.6470585,9.058824,11.882353,9.441176],"rotation":0,"texture":"#f1036722-2437-0a31-0cb8-400f0d27aa72","tintindex":0},"east":{"uv":[11.3529415,5.0588236,11.735294,5.352941],"rotation":0,"texture":"#f1036722-2437-0a31-0cb8-400f0d27aa72","tintindex":0},"north":{"uv":[12.058824,10.294118,12.294118,10.588235],"rotation":0,"texture":"#f1036722-2437-0a31-0cb8-400f0d27aa72","tintindex":0},"south":{"uv":[0.0,12.117647,0.23529412,12.411765],"rotation":0,"texture":"#f1036722-2437-0a31-0cb8-400f0d27aa72","tintindex":0},"up":{"uv":[6.1764708,8.382353,5.9411764,8.0],"rotation":0,"texture":"#f1036722-2437-0a31-0cb8-400f0d27aa72","tintindex":0},"west":{"uv":[11.411765,1.1764706,11.794118,1.4705882],"rotation":0,"texture":"#f1036722-2437-0a31-0cb8-400f0d27aa72","tintindex":0}}},{"name":"cube","from":[11.968883,7.539801,6.405054],"to":[13.696881,9.743,10.638655],"rotation":{"angle":45.0,"axis":"z","origin":[11.580082,1.2326001,6.966654]},"faces":{"down":{"uv":[6.647059,12.0,6.8235292,12.411765],"rotation":0,"texture":"#f1036722-2437-0a31-0cb8-400f0d27aa72","tintindex":0},"east":{"uv":[11.823529,1.2352941,12.235294,1.4411765],"rotation":0,"texture":"#f1036722-2437-0a31-0cb8-400f0d27aa72","tintindex":0},"north":{"uv":[12.588235,11.470589,12.764706,11.676471],"rotation":0,"texture":"#f1036722-2437-0a31-0cb8-400f0d27aa72","tintindex":0},"south":{"uv":[12.6470585,0.5882353,12.823529,0.7941176],"rotation":0,"texture":"#f1036722-2437-0a31-0cb8-400f0d27aa72","tintindex":0},"up":{"uv":[6.2941175,12.411765,6.117647,12.0],"rotation":0,"texture":"#f1036722-2437-0a31-0cb8-400f0d27aa72","tintindex":0},"west":{"uv":[11.882353,2.1764705,12.294118,2.382353],"rotation":0,"texture":"#f1036722-2437-0a31-0cb8-400f0d27aa72","tintindex":0}}},{"name":"cube","from":[5.8847847,7.486426,6.513054],"to":[7.094385,9.344027,10.530654],"rotation":{"angle":0.0,"axis":"x","origin":[-3.0144157,4.5056286,-20.249348]},"faces":{"down":{"uv":[12.470589,10.117647,12.588235,10.5],"rotation":0,"texture":"#f1036722-2437-0a31-0cb8-400f0d27aa72","tintindex":0},"east":{"uv":[10.823529,4.647059,11.205882,4.8235292],"rotation":0,"texture":"#f1036722-2437-0a31-0cb8-400f0d27aa72","tintindex":0},"north":{"uv":[4.2941175,9.6470585,4.4117646,9.823529],"rotation":0,"texture":"#f1036722-2437-0a31-0cb8-400f0d27aa72","tintindex":0},"south":{"uv":[7.647059,11.235294,7.764706,11.411765],"rotation":0,"texture":"#f1036722-2437-0a31-0cb8-400f0d27aa72","tintindex":0},"up":{"uv":[12.588235,10.088235,12.470589,9.705882],"rotation":0,"texture":"#f1036722-2437-0a31-0cb8-400f0d27aa72","tintindex":0},"west":{"uv":[12.058824,10.588235,12.441176,10.764706],"rotation":0,"texture":"#f1036722-2437-0a31-0cb8-400f0d27aa72","tintindex":0}}},{"name":"cube","from":[8.966489,11.337459,7.053054],"to":[11.342488,14.231857,9.990654],"rotation":{"angle":22.5,"axis":"z","origin":[7.1088886,-1.1473408,6.966654]},"faces":{"down":{"uv":[12.058824,9.705882,12.294118,10.0],"rotation":0,"texture":"#f1036722-2437-0a31-0cb8-400f0d27aa72","tintindex":0},"east":{"uv":[11.6470585,11.176471,11.941176,11.470589],"rotation":0,"texture":"#f1036722-2437-0a31-0cb8-400f0d27aa72","tintindex":0},"north":{"uv":[7.0,9.588235,7.2352943,9.882353],"rotation":0,"texture":"#f1036722-2437-0a31-0cb8-400f0d27aa72","tintindex":0},"south":{"uv":[12.0,4.647059,12.235294,4.9411764],"rotation":0,"texture":"#f1036722-2437-0a31-0cb8-400f0d27aa72","tintindex":0},"up":{"uv":[12.235294,8.705882,12.0,8.411765],"rotation":0,"texture":"#f1036722-2437-0a31-0cb8-400f0d27aa72","tintindex":0},"west":{"uv":[11.705882,1.7058823,12.0,2.0],"rotation":0,"texture":"#f1036722-2437-0a31-0cb8-400f0d27aa72","tintindex":0}}},{"name":"cube","from":[9.355289,14.231857,7.4850535],"to":[10.651289,16.651062,9.558654],"rotation":{"angle":22.5,"axis":"z","origin":[7.1088886,-1.1473408,6.966654]},"faces":{"down":{"uv":[8.411765,12.764706,8.529412,12.970589],"rotation":0,"texture":"#f1036722-2437-0a31-0cb8-400f0d27aa72","tintindex":0},"east":{"uv":[12.3529415,5.8235292,12.558824,6.0588236],"rotation":0,"texture":"#f1036722-2437-0a31-0cb8-400f0d27aa72","tintindex":0},"north":{"uv":[9.705882,5.117647,9.823529,5.352941],"rotation":0,"texture":"#f1036722-2437-0a31-0cb8-400f0d27aa72","tintindex":0},"south":{"uv":[2.4705882,11.294118,2.5882354,11.529412],"rotation":0,"texture":"#f1036722-2437-0a31-0cb8-400f0d27aa72","tintindex":0},"up":{"uv":[3.0588236,12.970589,2.9411764,12.764706],"rotation":0,"texture":"#f1036722-2437-0a31-0cb8-400f0d27aa72","tintindex":0},"west":{"uv":[5.882353,12.3529415,6.0882354,12.588235],"rotation":0,"texture":"#f1036722-2437-0a31-0cb8-400f0d27aa72","tintindex":0}}},{"name":"cube","from":[9.571289,16.651062,8.003454],"to":[10.305689,17.817461,8.867454],"rotation":{"angle":22.5,"axis":"z","origin":[7.1088886,-1.1473408,6.966654]},"faces":{"down":{"uv":[13.117647,1.4705882,13.176471,1.5588236],"rotation":0,"texture":"#f1036722-2437-0a31-0cb8-400f0d27aa72","tintindex":0},"east":{"uv":[13.058824,0.3529412,13.1470585,0.47058824],"rotation":0,"texture":"#f1036722-2437-0a31-0cb8-400f0d27aa72","tintindex":0},"north":{"uv":[9.6470585,4.8235292,9.705882,4.9411764],"rotation":0,"texture":"#f1036722-2437-0a31-0cb8-400f0d27aa72","tintindex":0},"south":{"uv":[11.0,9.058824,11.058824,9.176471],"rotation":0,"texture":"#f1036722-2437-0a31-0cb8-400f0d27aa72","tintindex":0},"up":{"uv":[9.176471,12.970589,9.117647,12.882353],"rotation":0,"texture":"#f1036722-2437-0a31-0cb8-400f0d27aa72","tintindex":0},"west":{"uv":[0.5294118,13.058824,0.61764705,13.176471],"rotation":0,"texture":"#f1036722-2437-0a31-0cb8-400f0d27aa72","tintindex":0}}}],"display":{"head":{"translation":[0.0,-6.4,0.0],"rotation":[0.0,0.0,0.0],"scale":[3.8095,3.8095,3.8095]},"gui":{"translation":[0.0,0.0,0.0],"rotation":[35.0,225.0,0.0],"scale":[0.625,0.625,0.625]}}}