{"textures":{"0":"modelengine:entity/shadow"},"elements":[{"name":"cube","from":[8.599437,8.791102,6.278432],"to":[9.117836,9.827906,11.7648325],"rotation":{"angle":-22.5,"axis":"z","origin":[3.8042364,10.087105,9.129632]},"faces":{"down":{"uv":[0.88235295,12.6470585,0.8235294,13.176471],"rotation":0,"texture":"#0","tintindex":0},"east":{"uv":[12.470589,2.4705882,13.0,2.5588236],"rotation":0,"texture":"#0","tintindex":0},"north":{"uv":[13.117647,5.8235292,13.176471,5.9117646],"rotation":0,"texture":"#0","tintindex":0},"south":{"uv":[13.117647,5.9411764,13.176471,6.029412],"rotation":0,"texture":"#0","tintindex":0},"up":{"uv":[9.235294,10.941176,9.176471,10.411765],"rotation":0,"texture":"#0","tintindex":0},"west":{"uv":[12.470589,3.4705882,13.0,3.5588236],"rotation":0,"texture":"#0","tintindex":0}}},{"name":"cube","from":[6.4535265,9.827906,6.289232],"to":[7.360727,11.383102,11.7648325],"rotation":{"angle":22.5,"axis":"z","origin":[12.155927,10.087105,9.129632]},"faces":{"down":{"uv":[5.2058825,12.470589,5.117647,13.0],"rotation":0,"texture":"#0","tintindex":0},"east":{"uv":[11.823529,5.9411764,12.3529415,6.0882354],"rotation":0,"texture":"#0","tintindex":0},"north":{"uv":[13.0,0.1764706,13.088235,0.32352942],"rotation":0,"texture":"#0","tintindex":0},"south":{"uv":[0.23529412,13.0,0.32352942,13.1470585],"rotation":0,"texture":"#0","tintindex":0},"up":{"uv":[9.1470585,12.882353,9.058824,12.3529415],"rotation":0,"texture":"#0","tintindex":0},"west":{"uv":[11.941176,2.4117646,12.470589,2.5588236],"rotation":0,"texture":"#0","tintindex":0}}},{"name":"cube","from":[8.599437,9.827906,6.289232],"to":[9.506637,11.383102,11.7648325],"rotation":{"angle":-22.5,"axis":"z","origin":[3.8042364,10.087105,9.129632]},"faces":{"down":{"uv":[7.264706,12.470589,7.1764708,13.0],"rotation":0,"texture":"#0","tintindex":0},"east":{"uv":[11.941176,3.4705882,12.470589,3.6176472],"rotation":0,"texture":"#0","tintindex":0},"north":{"uv":[13.0,1.4117647,13.088235,1.5588236],"rotation":0,"texture":"#0","tintindex":0},"south":{"uv":[13.0,2.1764705,13.088235,2.3235295],"rotation":0,"texture":"#0","tintindex":0},"up":{"uv":[5.3235292,13.0,5.2352943,12.470589],"rotation":0,"texture":"#0","tintindex":0},"west":{"uv":[11.941176,5.0588236,12.470589,5.2058825],"rotation":0,"texture":"#0","tintindex":0}}},{"name":"cube","from":[6.125157,13.447471,6.278432],"to":[7.291557,17.205872,11.7648325],"rotation":{"angle":45.0,"axis":"z","origin":[12.086758,11.37387,9.129632]},"faces":{"down":{"uv":[12.0,12.176471,11.882353,12.705882],"rotation":0,"texture":"#0","tintindex":0},"east":{"uv":[10.294118,4.4117646,10.823529,4.7941175],"rotation":0,"texture":"#0","tintindex":0},"north":{"uv":[11.176471,12.470589,11.294118,12.8529415],"rotation":0,"texture":"#0","tintindex":0},"south":{"uv":[11.294118,12.470589,11.411765,12.8529415],"rotation":0,"texture":"#0","tintindex":0},"up":{"uv":[11.882353,12.705882,11.764706,12.176471],"rotation":0,"texture":"#0","tintindex":0},"west":{"uv":[1.3529412,10.3529415,1.882353,10.735294],"rotation":0,"texture":"#0","tintindex":0}}},{"name":"cube","from":[8.668607,13.447471,6.278432],"to":[9.835007,17.205872,11.7648325],"rotation":{"angle":-45.0,"axis":"z","origin":[3.8734062,11.37387,9.129632]},"faces":{"down":{"uv":[3.0588236,12.235294,2.9411764,12.764706],"rotation":0,"texture":"#0","tintindex":0},"east":{"uv":[0.0,10.411765,0.5294118,10.794118],"rotation":0,"texture":"#0","tintindex":0},"north":{"uv":[2.5882354,12.529412,2.7058823,12.911765],"rotation":0,"texture":"#0","tintindex":0},"south":{"uv":[4.352941,12.529412,4.470588,12.911765],"rotation":0,"texture":"#0","tintindex":0},"up":{"uv":[2.4705882,12.764706,2.3529413,12.235294],"rotation":0,"texture":"#0","tintindex":0},"west":{"uv":[5.352941,10.470589,5.882353,10.8529415],"rotation":0,"texture":"#0","tintindex":0}}},{"name":"cube","from":[6.842327,8.791102,6.278432],"to":[7.360727,9.827906,11.7648325],"rotation":{"angle":22.5,"axis":"z","origin":[12.155927,10.087105,9.129632]},"faces":{"down":{"uv":[2.235294,9.058824,2.1764705,9.588235],"rotation":0,"texture":"#0","tintindex":0},"east":{"uv":[12.411765,12.058824,12.941176,12.1470585],"rotation":0,"texture":"#0","tintindex":0},"north":{"uv":[13.117647,5.0,13.176471,5.0882354],"rotation":0,"texture":"#0","tintindex":0},"south":{"uv":[13.117647,5.4117646,13.176471,5.5],"rotation":0,"texture":"#0","tintindex":0},"up":{"uv":[7.0588236,7.7058825,7.0,7.1764708],"rotation":0,"texture":"#0","tintindex":0},"west":{"uv":[12.470589,2.3529413,13.0,2.4411764],"rotation":0,"texture":"#0","tintindex":0}}},{"name":"cube","from":[3.7474222,11.282229,6.278432],"to":[4.913822,15.083829,11.7648325],"rotation":{"angle":0.0,"axis":"x","origin":[9.7090225,4.672628,9.129632]},"faces":{"down":{"uv":[1.882353,12.235294,1.7647059,12.764706],"rotation":0,"texture":"#0","tintindex":0},"east":{"uv":[10.3529415,2.5294118,10.882353,2.9117646],"rotation":0,"texture":"#0","tintindex":0},"north":{"uv":[12.529412,0.0,12.6470585,0.38235295],"rotation":0,"texture":"#0","tintindex":0},"south":{"uv":[12.529412,0.4117647,12.6470585,0.7941176],"rotation":0,"texture":"#0","tintindex":0},"up":{"uv":[12.117647,12.705882,12.0,12.176471],"rotation":0,"texture":"#0","tintindex":0},"west":{"uv":[4.2941175,10.3529415,4.8235292,10.735294],"rotation":0,"texture":"#0","tintindex":0}}},{"name":"cube","from":[8.498482,14.613042,5.857232],"to":[11.349683,15.822641,11.7648325],"rotation":{"angle":22.5,"axis":"z","origin":[7.980082,3.4674413,9.129632]},"faces":{"down":{"uv":[11.117647,7.2941175,10.823529,7.882353],"rotation":0,"texture":"#0","tintindex":0},"east":{"uv":[12.0,3.235294,12.588235,3.3529413],"rotation":0,"texture":"#0","tintindex":0},"north":{"uv":[12.529412,4.470588,12.823529,4.5882354],"rotation":0,"texture":"#0","tintindex":0},"south":{"uv":[12.6470585,4.117647,12.941176,4.2352943],"rotation":0,"texture":"#0","tintindex":0},"up":{"uv":[6.529412,11.411765,6.2352943,10.823529],"rotation":0,"texture":"#0","tintindex":0},"west":{"uv":[12.0,3.3529413,12.588235,3.4705882],"rotation":0,"texture":"#0","tintindex":0}}},{"name":"cube","from":[6.381588,14.965337,5.5872316],"to":[9.5729885,16.131737,11.7648325],"rotation":{"angle":0.0,"axis":"x","origin":[2.6231878,3.8197362,9.129632]},"faces":{"down":{"uv":[10.794118,7.4117646,10.470589,8.029412],"rotation":0,"texture":"#0","tintindex":0},"east":{"uv":[12.0,1.4705882,12.617647,1.5882353],"rotation":0,"texture":"#0","tintindex":0},"north":{"uv":[11.470589,5.7058825,11.794118,5.8235292],"rotation":0,"texture":"#0","tintindex":0},"south":{"uv":[12.529412,1.0,12.8529415,1.117647],"rotation":0,"texture":"#0","tintindex":0},"up":{"uv":[6.2058825,11.088235,5.882353,10.470589],"rotation":0,"texture":"#0","tintindex":0},"west":{"uv":[12.0,3.1176472,12.617647,3.235294],"rotation":0,"texture":"#0","tintindex":0}}},{"name":"cube","from":[2.9579875,15.408136,8.654432],"to":[12.942588,17.730137,9.907232],"rotation":{"angle":0.0,"axis":"x","origin":[2.6231878,3.646935,9.129632]},"faces":{"down":{"uv":[12.264706,4.9411764,11.294118,5.0588236],"rotation":0,"texture":"#0","tintindex":0},"east":{"uv":[9.411765,12.6470585,9.529412,12.882353],"rotation":0,"texture":"#0","tintindex":0},"north":{"uv":[9.235294,10.058824,10.205882,10.294118],"rotation":0,"texture":"#0","tintindex":0},"south":{"uv":[10.117647,8.470589,11.088235,8.705882],"rotation":0,"texture":"#0","tintindex":0},"up":{"uv":[12.029412,4.2352943,11.058824,4.117647],"rotation":0,"texture":"#0","tintindex":0},"west":{"uv":[11.058824,12.6470585,11.176471,12.882353],"rotation":0,"texture":"#0","tintindex":0}}},{"name":"cube","from":[4.6104817,14.613042,5.857232],"to":[7.461682,15.779442,11.7648325],"rotation":{"angle":-22.5,"axis":"z","origin":[7.980082,3.4674413,9.129632]},"faces":{"down":{"uv":[8.3529415,10.823529,8.058824,11.411765],"rotation":0,"texture":"#0","tintindex":0},"east":{"uv":[12.058824,4.117647,12.6470585,4.2352943],"rotation":0,"texture":"#0","tintindex":0},"north":{"uv":[12.6470585,4.882353,12.941176,5.0],