{"file_name":"bone14","texture_size":[272,272],"textures":{"f1036722-2437-0a31-0cb8-400f0d27aa72":"modelengine:entity/shadow"},"elements":[{"name":"cube","from":[4.2884016,4.2547994,5.734],"to":[7.0532017,7.9440794,10.08856],"rotation":{"angle":-22.5,"axis":"z","origin":[6.686002,2.051599,7.85944]},"faces":{"down":{"uv":[9.588235,11.294118,9.8529415,11.735294],"rotation":0,"texture":"#f1036722-2437-0a31-0cb8-400f0d27aa72","tintindex":0},"east":{"uv":[10.882353,2.4705882,11.323529,2.8235295],"rotation":0,"texture":"#f1036722-2437-0a31-0cb8-400f0d27aa72","tintindex":0},"north":{"uv":[11.6470585,6.7058825,11.911765,7.0588236],"rotation":0,"texture":"#f1036722-2437-0a31-0cb8-400f0d27aa72","tintindex":0},"south":{"uv":[11.6470585,7.0588236,11.911765,7.4117646],"rotation":0,"texture":"#f1036722-2437-0a31-0cb8-400f0d27aa72","tintindex":0},"up":{"uv":[9.1470585,11.735294,8.882353,11.294118],"rotation":0,"texture":"#f1036722-2437-0a31-0cb8-400f0d27aa72","tintindex":0},"west":{"uv":[10.882353,5.117647,11.323529,5.470588],"rotation":0,"texture":"#f1036722-2437-0a31-0cb8-400f0d27aa72","tintindex":0}}},{"name":"cube","from":[3.6404016,4.2547994,6.382],"to":[7.7012014,7.9440794,9.440559],"rotation":{"angle":-22.5,"axis":"z","origin":[6.686002,2.051599,7.85944]},"faces":{"down":{"uv":[4.352941,11.294118,4.764706,11.588235],"rotation":0,"texture":"#f1036722-2437-0a31-0cb8-400f0d27aa72","tintindex":0},"east":{"uv":[11.470589,0.23529412,11.764706,0.5882353],"rotation":0,"texture":"#f1036722-2437-0a31-0cb8-400f0d27aa72","tintindex":0},"north":{"uv":[11.0,10.3529415,11.411765,10.705882],"rotation":0,"texture":"#f1036722-2437-0a31-0cb8-400f0d27aa72","tintindex":0},"south":{"uv":[11.0,10.705882,11.411765,11.058824],"rotation":0,"texture":"#f1036722-2437-0a31-0cb8-400f0d27aa72","tintindex":0},"up":{"uv":[7.647059,9.411765,7.2352943,9.117647],"rotation":0,"texture":"#f1036722-2437-0a31-0cb8-400f0d27aa72","tintindex":0},"west":{"uv":[11.470589,3.7058823,11.764706,4.0588236],"rotation":0,"texture":"#f1036722-2437-0a31-0cb8-400f0d27aa72","tintindex":0}}},{"name":"cube","from":[3.856402,3.3908002,5.95],"to":[7.4852023,8.3760805,9.8725605],"rotation":{"angle":-22.5,"axis":"z","origin":[6.686002,2.051599,7.85944]},"faces":{"down":{"uv":[5.8235292,11.117647,6.1764708,11.5],"rotation":0,"texture":"#f1036722-2437-0a31-0cb8-400f0d27aa72","tintindex":0},"east":{"uv":[2.5882354,10.6470585,2.9705882,11.1470585],"rotation":0,"texture":"#f1036722-2437-0a31-0cb8-400f0d27aa72","tintindex":0},"north":{"uv":[10.764706,2.9411764,11.117647,3.4411764],"rotation":0,"texture":"#f1036722-2437-0a31-0cb8-400f0d27aa72","tintindex":0},"south":{"uv":[3.9411764,10.764706,4.2941175,11.264706],"rotation":0,"texture":"#f1036722-2437-0a31-0cb8-400f0d27aa72","tintindex":0},"up":{"uv":[11.470589,3.2058823,11.117647,2.8235295],"rotation":0,"texture":"#f1036722-2437-0a31-0cb8-400f0d27aa72","tintindex":0},"west":{"uv":[3.5294118,10.6470585,3.9117646,11.1470585],"rotation":0,"texture":"#f1036722-2437-0a31-0cb8-400f0d27aa72","tintindex":0}}}],"display":{"head":{"translation":[0.0,-6.4,0.0],"rotation":[0.0,0.0,0.0],"scale":[3.8095,3.8095,3.8095]},"gui":{"translation":[0.0,0.0,0.0],"rotation":[35.0,225.0,0.0],"scale":[0.625,0.625,0.625]}}}