{"file_name":"bone13","texture_size":[272,272],"textures":{"f1036722-2437-0a31-0cb8-400f0d27aa72":"modelengine:entity/shadow"},"elements":[{"name":"cube","from":[5.800641,2.6371999,5.3547997],"to":[10.362561,8.598801,10.22776],"rotation":{"angle":0.0,"axis":"x","origin":[-0.28839993,25.057999,7.73944]},"faces":{"down":{"uv":[9.588235,10.294118,10.029412,10.764706],"rotation":0,"texture":"#f1036722-2437-0a31-0cb8-400f0d27aa72","tintindex":0},"east":{"uv":[3.235294,9.470589,3.7058823,10.058824],"rotation":0,"texture":"#f1036722-2437-0a31-0cb8-400f0d27aa72","tintindex":0},"north":{"uv":[5.470588,9.588235,5.9117646,10.176471],"rotation":0,"texture":"#f1036722-2437-0a31-0cb8-400f0d27aa72","tintindex":0},"south":{"uv":[5.9411764,9.588235,6.382353,10.176471],"rotation":0,"texture":"#f1036722-2437-0a31-0cb8-400f0d27aa72","tintindex":0},"up":{"uv":[10.735294,2.1764705,10.294118,1.7058823],"rotation":0,"texture":"#f1036722-2437-0a31-0cb8-400f0d27aa72","tintindex":0},"west":{"uv":[9.235294,9.470589,9.705882,10.058824],"rotation":0,"texture":"#f1036722-2437-0a31-0cb8-400f0d27aa72","tintindex":0}}},{"name":"cube","from":[5.6105614,3.0691984,5.7867994],"to":[10.578562,8.1668,9.79576],"rotation":{"angle":0.0,"axis":"x","origin":[-0.28839993,25.057999,7.73944]},"faces":{"down":{"uv":[10.588235,8.058824,11.088235,8.441176],"rotation":0,"texture":"#f1036722-2437-0a31-0cb8-400f0d27aa72","tintindex":0},"east":{"uv":[10.588235,10.0,10.970589,10.5],"rotation":0,"texture":"#f1036722-2437-0a31-0cb8-400f0d27aa72","tintindex":0},"north":{"uv":[9.764706,4.2941175,10.264706,4.7941175],"rotation":0,"texture":"#f1036722-2437-0a31-0cb8-400f0d27aa72","tintindex":0},"south":{"uv":[0.9411765,9.823529,1.4411765,10.323529],"rotation":0,"texture":"#f1036722-2437-0a31-0cb8-400f0d27aa72","tintindex":0},"up":{"uv":[10.970589,9.088235,10.470589,8.705882],"rotation":0,"texture":"#f1036722-2437-0a31-0cb8-400f0d27aa72","tintindex":0},"west":{"uv":[10.588235,10.529412,10.970589,11.029412],"rotation":0,"texture":"#f1036722-2437-0a31-0cb8-400f0d27aa72","tintindex":0}}},{"name":"cube","from":[6.232642,3.0691984,5.1387997],"to":[9.930561,8.1668,10.33576],"rotation":{"angle":0.0,"axis":"x","origin":[-0.28839993,25.057999,7.73944]},"faces":{"down":{"uv":[2.235294,10.764706,2.5882354,11.264706],"rotation":0,"texture":"#f1036722-2437-0a31-0cb8-400f0d27aa72","tintindex":0},"east":{"uv":[9.764706,1.7058823,10.264706,2.2058823],"rotation":0,"texture":"#f1036722-2437-0a31-0cb8-400f0d27aa72","tintindex":0},"north":{"uv":[4.4117646,8.941176,4.764706,9.441176],"rotation":0,"texture":"#f1036722-2437-0a31-0cb8-400f0d27aa72","tintindex":0},"south":{"uv":[7.4117646,10.705882,7.764706,11.205882],"rotation":0,"texture":"#f1036722-2437-0a31-0cb8-400f0d27aa72","tintindex":0},"up":{"uv":[2.235294,11.264706,1.882353,10.764706],"rotation":0,"texture":"#f1036722-2437-0a31-0cb8-400f0d27aa72","tintindex":0},"west":{"uv":[9.764706,3.764706,10.264706,4.264706],"rotation":0,"texture":"#f1036722-2437-0a31-0cb8-400f0d27aa72","tintindex":0}}},{"name":"cube","from":[-10.09696,7.129999,6.6507998],"to":[-8.58064,10.4996,8.93176],"rotation":{"angle":45.0,"axis":"z","origin":[-0.28839993,25.6628,7.73944]},"faces":{"down":{"uv":[12.6470585,6.764706,12.794118,7.0],"rotation":0,"texture":"#f1036722-2437-0a31-0cb8-400f0d27aa72","tintindex":0},"east":{"uv":[11.941176,11.058824,12.176471,11.382353],"rotation":0,"texture":"#f1036722-2437-0a31-0cb8-400f0d27aa72","tintindex":0},"north":{"uv":[1.1764706,12.470589,1.3235294,12.794118],"rotation":0,"texture":"#f1036722-2437-0a31-0cb8-400f0d27aa72","tintindex":0},"south":{"uv":[2.0,12.470589,2.1470587,12.794118],"rotation":0,"texture":"#f1036722-2437-0a31-0cb8-400f0d27aa72","tintindex":0},"up":{"uv":[6.6764708,12.882353,6.529412,12.6470585],"rotation":0,"texture":"#f1036722-2437-0a31-0cb8-400f0d27aa72","tintindex":0},"west":{"uv":[11.529412,11.941176,11.764706,12.264706],"rotation":0,"texture":"#f1036722-2437-0a31-0cb8-400f0d27aa72","tintindex":0}}},{"name":"cube","from":[-2.766334,10.567986,7.0828],"to":[-1.768414,12.576785,8.49976],"rotation":{"angle":22.5,"axis":"z","origin":[6.7722273,25.471985,7.73944]},"faces":{"down":{"uv":[5.2352943,13.0,5.3235292,13.1470585],"rotation":0,"texture":"#f1036722-2437-0a31-0cb8-400f0d27aa72","tintindex":0},"east":{"uv":[8.882353,12.6470585,9.029412,12.8529415],"rotation":0,"texture":"#f1036722-2437-0a31-0cb8-400f0d27aa72","tintindex":0},"north":{"uv":[12.882353,9.3529415,12.970589,9.558824],"rotation":0,"texture":"#f1036722-2437-0a31-0cb8-400f0d27aa72","tintindex":0},"south":{"uv":[9.411765,12.882353,9.5,13.088235],"rotation":0,"texture":"#f1036722-2437-0a31-0cb8-400f0d27aa72","tintindex":0},"up":{"uv":[5.2058825,13.1470585,5.117647,13.0],"rotation":0,"texture":"#f1036722-2437-0a31-0cb8-400f0d27aa72","tintindex":0},"west":{"uv":[9.882353,12.6470585,10.029412,12.8529415],"rotation":0,"texture":"#f1036722-2437-0a31-0cb8-400f0d27aa72","tintindex":0}}},{"name":"cube","from":[-0.9799299,7.338069,6.2631035],"to":[-0.18159437,8.729108,6.964671],"rotation":{"angle":22.5,"axis":"z","origin":[6.538597,19.261269,6.7884154]},"faces":{"down":{"uv":[12.117647,9.411765,12.205882,9.470589],"rotation":0,"texture":"#f1036722-2437-0a31-0cb8-400f0d27aa72","tintindex":0},"east":{"uv":[5.117647,12.294118,5.1764708,12.441176],"rotation":0,"texture":"#f1036722-2437-0a31-0cb8-400f0d27aa72","tintindex":0},"north":{"uv":[5.7058825,13.0,5.7941175,13.1470585],"rotation":0,"texture":"#f1036722-2437-0a31-0cb8-400f0d27aa72","tintindex":0},"south":{"uv":[13.0,6.5882354,13.088235,6.7352943],"rotation":0,"texture":"#f1036722-2437-0a31-0cb8-400f0d27aa72","tintindex":0},"up":{"uv":[12.029412,10.3529415,11.941176,10.294118],"rotation":0,"texture":"#f1036722-2437-0a31-0cb8-400f0d27aa72","tintindex":0},"west":{"uv":[8.294118,12.294118,8.3529415,12.441176],"rotation":0,"texture":"#f1036722-2437-0a31-0cb8-400f0d27aa72","tintindex":0}}},{"name":"cube","from":[-0.9799299,7.338069,8.595903],"to":[-0.18159437,8.729108,9.297472],"rotation":{"angle":22.5,"axis":"z","origin":[6.538597,19.261269,9.121216]},"faces":{"down":{"uv":[12.3529415,6.0588236,12.441176,6.117647],"rotation":0,"texture":"#f1036722-2437-0a31-0cb8-400f0d27aa72","tintindex":0},"east":{"uv":[0.88235295,12.411765,0.9411765,12.558824],"rotation":0,"texture":"#f1036722-2437-0a31-0cb8-400f0d27aa72","tintindex":0},"north":{"uv":[7.1764708,13.0,7.264706,13.1470585],"rotation":0,"texture":"#f1036722-2437-0a31-0cb8-400f0d27aa72","tintindex":0},"south":{"uv":[13.0,8.176471,13.088235,8.323529],"rotation":0,"texture":"#f1036722-2437-0a31-0cb8-400f0d27aa72","tintindex":0},"up":{"uv":[12.382353,6.7058825,12.294118,6.647059],"rotation":0,"texture":"#f1036722-2437-0a31-0cb8-400f0d27aa72","tintindex":0},"west":{"uv":[4.882353,12.470589,4.9411764,12.617647],"rotation":0,"texture":"#f1036722-2437-0a31-0cb8-400f0d27aa72","tintindex":0}}},{"name":"cube","from":[-6.956751,4.5876784,5.9175034],"to":[-5.6400146,7.1753592,7.3102713],"rotation":{"angle":45.0,"axis":"z","origin":[0.89009666,19.413918,6.7884154]},"faces":{"down":{"uv":[12.941176,1.2352941,13.058824,1.382353],"rotation":0,"texture":"#f1036722-2437-0a31-0cb8-400f0d27aa72","tintindex":0},"east":{"uv":[12.588235,9.705882,12.735294,9.970589],"rotation":0,"texture":"#f1036722-2437-0a31-0cb8-400f0d27aa72","tintindex":0},"north":{"uv":[6.7058825,12.6470585,6.8235292,12.911765],"rotation":0,"texture":"#f1036722-2437-0a31-0cb8-400f0d27aa72","tintindex":0},"south":{"uv":[12.6470585,7.352941,12.764706,7.617647],"rotation":0,"texture":"#f1036722-2437-0a31-0cb8-400f0d27aa72","tintindex":0},"up":{"uv":[13.058824,1.2058823,12.941176,1.0588236],"rotation":0,"texture":"#f1036722-2437-0a31-0cb8-400f0d27aa72","tintindex":0},"west":{"uv":[12.588235,10.0,12.735294,10.264706],"rotation":0,"texture":"#f1036722-2437-0a31-0cb8-400f0d27aa72","tintindex":0}}},{"name":"cube","from":[-6.956751,4.5876784,8.250303],"to":[-5.6400146,7.1753592,9.643072],"rotation":{"angle":45.0,"axis":"z","origin":[0.89009666,19.413918,9.121216]},