{"textures":{"0":"modelengine:entity/shadow"},"elements":[{"name":"cube","from":[5.597602,2.6371999,5.3548155],"to":[10.159522,8.598801,10.227776],"rotation":{"angle":0.0,"axis":"x","origin":[16.248562,25.057999,7.7394557]},"faces":{"down":{"uv":[1.3235294,10.3529415,0.88235295,10.823529],"rotation":0,"texture":"#0","tintindex":0},"east":{"uv":[0.0,9.529412,0.47058824,10.117647],"rotation":0,"texture":"#0","tintindex":0},"north":{"uv":[9.705882,6.2352943,10.1470585,6.8235292],"rotation":0,"texture":"#0","tintindex":0},"south":{"uv":[9.705882,9.470589,10.1470585,10.058824],"rotation":0,"texture":"#0","tintindex":0},"up":{"uv":[10.794118,1.0588236,10.3529415,0.5882353],"rotation":0,"texture":"#0","tintindex":0},"west":{"uv":[0.47058824,9.529412,0.9411765,10.117647],"rotation":0,"texture":"#0","tintindex":0}}},{"name":"cube","from":[5.3816023,3.0691984,5.7868156],"to":[10.349603,8.1668,9.795775],"rotation":{"angle":0.0,"axis":"x","origin":[16.248562,25.057999,7.7394557]},"faces":{"down":{"uv":[11.264706,1.7058823,10.764706,2.0882354],"rotation":0,"texture":"#0","tintindex":0},"east":{"uv":[10.058824,10.6470585,10.441176,11.1470585],"rotation":0,"texture":"#0","tintindex":0},"north":{"uv":[1.4705882,9.823529,1.9705882,10.323529],"rotation":0,"texture":"#0","tintindex":0},"south":{"uv":[4.2941175,9.823529,4.7941175,10.323529],"rotation":0,"texture":"#0","tintindex":0},"up":{"uv":[1.8529412,11.1470585,1.3529412,10.764706],"rotation":0,"texture":"#0","tintindex":0},"west":{"uv":[7.0,10.705882,7.382353,11.205882],"rotation":0,"texture":"#0","tintindex":0}}},{"name":"cube","from":[6.029602,3.0691984,5.1388154],"to":[9.727522,8.1668,10.335775],"rotation":{"angle":0.0,"axis":"x","origin":[16.248562,25.057999,7.7394557]},"faces":{"down":{"uv":[1.117647,10.823529,0.7647059,11.323529],"rotation":0,"texture":"#0","tintindex":0},"east":{"uv":[4.8235292,9.823529,5.3235292,10.323529],"rotation":0,"texture":"#0","tintindex":0},"north":{"uv":[5.0,10.764706,5.352941,11.264706],"rotation":0,"texture":"#0","tintindex":0},"south":{"uv":[9.588235,10.764706,9.941176,11.264706],"rotation":0,"texture":"#0","tintindex":0},"up":{"uv":[0.3529412,11.323529,0.0,10.823529],"rotation":0,"texture":"#0","tintindex":0},"west":{"uv":[9.823529,5.117647,10.323529,5.617647],"rotation":0,"texture":"#0","tintindex":0}}},{"name":"cube","from":[24.540802,7.129999,6.650815],"to":[26.057121,10.4996,8.931776],"rotation":{"angle":-45.0,"axis":"z","origin":[16.248562,25.6628,7.7394557]},"faces":{"down":{"uv":[7.4411764,12.6470585,7.2941175,12.882353],"rotation":0,"texture":"#0","tintindex":0},"east":{"uv":[0.47058824,12.0,0.7058824,12.323529],"rotation":0,"texture":"#0","tintindex":0},"north":{"uv":[2.764706,12.470589,2.9117646,12.794118],"rotation":0,"texture":"#0","tintindex":0},"south":{"uv":[4.7058825,12.470589,4.852941,12.794118],"rotation":0,"texture":"#0","tintindex":0},"up":{"uv":[7.147059,12.882353,7.0,12.6470585],"rotation":0,"texture":"#0","tintindex":0},"west":{"uv":[12.0,1.7058823,12.235294,2.0294118],"rotation":0,"texture":"#0","tintindex":0}}},{"name":"cube","from":[17.728577,10.567986,7.082815],"to":[18.726498,12.576785,8.499775],"rotation":{"angle":-22.5,"axis":"z","origin":[9.187937,25.471985,7.7394557]},"faces":{"down":{"uv":[13.088235,8.3529415,13.0,8.5],"rotation":0,"texture":"#0","tintindex":0},"east":{"uv":[10.588235,12.6470585,10.735294,12.8529415],"rotation":0,"texture":"#0","tintindex":0},"north":{"uv":[12.882353,9.588235,12.970589,9.794118],"rotation":0,"texture":"#0","tintindex":0},"south":{"uv":[12.882353,9.823529,12.970589,10.029412],"rotation":0,"texture":"#0","tintindex":0},"up":{"uv":[8.441176,13.1470585,8.3529415,13.0],"rotation":0,"texture":"#0","tintindex":0},"west":{"uv":[11.529412,12.6470585,11.676471,12.8529415],"rotation":0,"texture":"#0","tintindex":0}}},{"name":"cube","from":[16.141758,7.338069,6.263119],"to":[16.940094,8.729108,6.9646873],"rotation":{"angle":-22.5,"axis":"z","origin":[9.421566,19.261269,6.788431]},"faces":{"down":{"uv":[12.5,6.647059,12.411765,6.7058825],"rotation":0,"texture":"#0","tintindex":0},"east":{"uv":[1.5294118,13.117647,1.5882353,13.264706],"rotation":0,"texture":"#0","tintindex":0},"north":{"uv":[8.470589,13.0,8.558824,13.1470585],"rotation":0,"texture":"#0","tintindex":0},"south":{"uv":[13.0,8.529412,13.088235,8.676471],"rotation":0,"texture":"#0","tintindex":0},"up":{"uv":[12.5,1.4705882,12.411765,1.4117647],"rotation":0,"texture":"#0","tintindex":0},"west":{"uv":[1.5882353,13.117647,1.6470588,13.264706],"rotation":0,"texture":"#0","tintindex":0}}},{"name":"cube","from":[16.141758,7.338069,8.595919],"to":[16.940094,8.729108,9.297487],"rotation":{"angle":-22.5,"axis":"z","origin":[9.421566,19.261269,9.121231]},"faces":{"down":{"uv":[12.558824,3.0588236,12.470589,3.1176472],"rotation":0,"texture":"#0","tintindex":0},"east":{"uv":[1.6470588,13.117647,1.7058823,13.264706],"rotation":0,"texture":"#0","tintindex":0},"north":{"uv":[8.588235,13.0,8.676471,13.1470585],"rotation":0,"texture":"#0","tintindex":0},"south":{"uv":[13.0,8.705882,13.088235,8.8529415],"rotation":0,"texture":"#0","tintindex":0},"up":{"uv":[12.5,12.235294,12.411765,12.176471],"rotation":0,"texture":"#0","tintindex":0},"west":{"uv":[1.7058823,13.117647,1.7647059,13.264706],"rotation":0,"texture":"#0","tintindex":0}}},{"name":"cube","from":[21.600182,4.5876784,5.917519],"to":[22.916916,7.1753592,7.310287],"rotation":{"angle":-45.0,"axis":"z","origin":[15.070066,19.413918,6.788431]},"faces":{"down":{"uv":[13.058824,1.7058823,12.941176,1.8529412],"rotation":0,"texture":"#0","tintindex":0},"east":{"uv":[0.0,12.6470585,0.14705883,12.911765],"rotation":0,"texture":"#0","tintindex":0},"north":{"uv":[7.7058825,12.6470585,7.8235292,12.911765],"rotation":0,"texture":"#0","tintindex":0},"south":{"uv":[7.8235292,12.6470585,7.9411764,12.911765],"rotation":0,"texture":"#0","tintindex":0},"up":{"uv":[1.8235294,13.088235,1.7058823,12.941176],"rotation":0,"texture":"#0","tintindex":0},"west":{"uv":[12.6470585,0.0,12.794118,0.2647059],"rotation":0,"texture":"#0","tintindex":0}}},{"name":"cube","from":[21.600182,4.5876784,8.250319],"to":[22.916916,7.1753592,9.643087],"rotation":{"angle":-45.0,"axis":"z","origin":[15.070066,19.413918,9.121231]},"faces":{"down":{"uv":[13.058824,1.882353,12.941176,2.0294118],"rotation":0,"texture":"#0","tintindex":0},"east":{"uv":[12.6470585,0.29411766,12.794118,0.5588235],"rotation":0,"texture":"#0","tintindex":0},"north":{"uv":[12.6470585,8.0,12.764706,8.264706],"rotation":0,"texture":"#0","tintindex":0},"south":{"uv":[8.117647,12.6470585,8.235294,12.911765],"rotation":0,"texture":"#0","tintindex":0},"up":{"uv":[1.9411765,13.088235,1.8235294,12.941176],"rotation":0,"texture":"#0","tintindex":0},"west":{"uv":[0.64705884,12.6470585,0.7941176,12.911765],"rotation":0,"texture":"#0","tintindex":0}}}],"display":{"head":{"translation":[0.0,-6.4,0.0],"rotation":[0.0,0.0,0.0],"scale":[3.8095,3.8095,3.8095]}}}