{"file_name":"bone10","texture_size":[272,272],"textures":{"f1036722-2437-0a31-0cb8-400f0d27aa72":"modelengine:entity/shadow"},"elements":[{"name":"cube","from":[0.49208164,8.360599,6.6210537],"to":[2.2632813,10.520603,10.422653],"rotation":{"angle":-45.0,"axis":"z","origin":[4.3800817,1.2326001,6.966654]},"faces":{"down":{"uv":[4.529412,12.117647,4.7058825,12.5],"rotation":0,"texture":"#f1036722-2437-0a31-0cb8-400f0d27aa72","tintindex":0},"east":{"uv":[11.941176,0.47058824,12.323529,0.6764706],"rotation":0,"texture":"#f1036722-2437-0a31-0cb8-400f0d27aa72","tintindex":0},"north":{"uv":[3.1764705,12.6470585,3.3529413,12.8529415],"rotation":0,"texture":"#f1036722-2437-0a31-0cb8-400f0d27aa72","tintindex":0},"south":{"uv":[3.3529413,12.6470585,3.5294118,12.8529415],"rotation":0,"texture":"#f1036722-2437-0a31-0cb8-400f0d27aa72","tintindex":0},"up":{"uv":[4.529412,12.5,4.352941,12.117647],"rotation":0,"texture":"#f1036722-2437-0a31-0cb8-400f0d27aa72","tintindex":0},"west":{"uv":[11.941176,0.7058824,12.323529,0.9117647],"rotation":0,"texture":"#f1036722-2437-0a31-0cb8-400f0d27aa72","tintindex":0}}},{"name":"cube","from":[0.49208164,10.520603,6.6210537],"to":[2.8680816,13.587802,10.422653],"rotation":{"angle":-45.0,"axis":"z","origin":[4.3800817,1.2326001,6.966654]},"faces":{"down":{"uv":[11.6470585,10.764706,11.882353,11.1470585],"rotation":0,"texture":"#f1036722-2437-0a31-0cb8-400f0d27aa72","tintindex":0},"east":{"uv":[11.411765,4.2352943,11.794118,4.529412],"rotation":0,"texture":"#f1036722-2437-0a31-0cb8-400f0d27aa72","tintindex":0},"north":{"uv":[0.7058824,12.117647,0.9411765,12.411765],"rotation":0,"texture":"#f1036722-2437-0a31-0cb8-400f0d27aa72","tintindex":0},"south":{"uv":[12.117647,0.9411765,12.3529415,1.2352941],"rotation":0,"texture":"#f1036722-2437-0a31-0cb8-400f0d27aa72","tintindex":0},"up":{"uv":[11.882353,10.735294,11.6470585,10.3529415],"rotation":0,"texture":"#f1036722-2437-0a31-0cb8-400f0d27aa72","tintindex":0},"west":{"uv":[11.411765,5.8235292,11.794118,6.117647],"rotation":0,"texture":"#f1036722-2437-0a31-0cb8-400f0d27aa72","tintindex":0}}},{"name":"cube","from":[2.2632813,7.539801,6.405054],"to":[3.9912815,9.743,10.638655],"rotation":{"angle":-45.0,"axis":"z","origin":[4.3800817,1.2326001,6.966654]},"faces":{"down":{"uv":[7.647059,12.0,7.8235292,12.411765],"rotation":0,"texture":"#f1036722-2437-0a31-0cb8-400f0d27aa72","tintindex":0},"east":{"uv":[11.882353,2.6470587,12.294118,2.8529413],"rotation":0,"texture":"#f1036722-2437-0a31-0cb8-400f0d27aa72","tintindex":0},"north":{"uv":[3.5294118,12.6470585,3.7058823,12.8529415],"rotation":0,"texture":"#f1036722-2437-0a31-0cb8-400f0d27aa72","tintindex":0},"south":{"uv":[3.7058823,12.6470585,3.882353,12.8529415],"rotation":0,"texture":"#f1036722-2437-0a31-0cb8-400f0d27aa72","tintindex":0},"up":{"uv":[7.0,12.411765,6.8235292,12.0],"rotation":0,"texture":"#f1036722-2437-0a31-0cb8-400f0d27aa72","tintindex":0},"west":{"uv":[11.882353,2.882353,12.294118,3.0882354],"rotation":0,"texture":"#f1036722-2437-0a31-0cb8-400f0d27aa72","tintindex":0}}},{"name":"cube","from":[8.865779,7.486426,6.513054],"to":[10.075378,9.344027,10.530654],"rotation":{"angle":0.0,"axis":"x","origin":[18.974579,4.5056286,-20.249348]},"faces":{"down":{"uv":[4.5882354,12.529412,4.7058825,12.911765],"rotation":0,"texture":"#f1036722-2437-0a31-0cb8-400f0d27aa72","tintindex":0},"east":{"uv":[12.117647,4.2352943,12.5,4.4117646],"rotation":0,"texture":"#f1036722-2437-0a31-0cb8-400f0d27aa72","tintindex":0},"north":{"uv":[1.0,11.3529415,1.117647,11.529412],"rotation":0,"texture":"#f1036722-2437-0a31-0cb8-400f0d27aa72","tintindex":0},"south":{"uv":[11.3529415,2.6470587,11.470589,2.8235295],"rotation":0,"texture":"#f1036722-2437-0a31-0cb8-400f0d27aa72","tintindex":0},"up":{"uv":[4.5882354,12.911765,4.470588,12.529412],"rotation":0,"texture":"#f1036722-2437-0a31-0cb8-400f0d27aa72","tintindex":0},"west":{"uv":[12.117647,4.4117646,12.5,4.5882354],"rotation":0,"texture":"#f1036722-2437-0a31-0cb8-400f0d27aa72","tintindex":0}}},{"name":"cube","from":[4.6176744,11.337459,7.053054],"to":[6.9936743,14.231857,9.990654],"rotation":{"angle":-22.5,"axis":"z","origin":[8.8512745,-1.1473408,6.966654]},"faces":{"down":{"uv":[4.117647,12.117647,4.352941,12.411765],"rotation":0,"texture":"#f1036722-2437-0a31-0cb8-400f0d27aa72","tintindex":0},"east":{"uv":[11.705882,3.1764705,12.0,3.4705882],"rotation":0,"texture":"#f1036722-2437-0a31-0cb8-400f0d27aa72","tintindex":0},"north":{"uv":[3.4117646,12.117647,3.6470587,12.411765],"rotation":0,"texture":"#f1036722-2437-0a31-0cb8-400f0d27aa72","tintindex":0},"south":{"uv":[3.6470587,12.117647,3.882353,12.411765],"rotation":0,"texture":"#f1036722-2437-0a31-0cb8-400f0d27aa72","tintindex":0},"up":{"uv":[4.117647,12.411765,3.882353,12.117647],"rotation":0,"texture":"#f1036722-2437-0a31-0cb8-400f0d27aa72","tintindex":0},"west":{"uv":[11.705882,4.647059,12.0,4.9411764],"rotation":0,"texture":"#f1036722-2437-0a31-0cb8-400f0d27aa72","tintindex":0}}},{"name":"cube","from":[5.308875,14.231857,7.4850535],"to":[6.6048746,16.651062,9.558654],"rotation":{"angle":-22.5,"axis":"z","origin":[8.8512745,-1.1473408,6.966654]},"faces":{"down":{"uv":[8.529412,12.764706,8.6470585,12.970589],"rotation":0,"texture":"#f1036722-2437-0a31-0cb8-400f0d27aa72","tintindex":0},"east":{"uv":[12.3529415,9.058824,12.558824,9.294118],"rotation":0,"texture":"#f1036722-2437-0a31-0cb8-400f0d27aa72","tintindex":0},"north":{"uv":[7.1764708,11.705882,7.2941175,11.941176],"rotation":0,"texture":"#f1036722-2437-0a31-0cb8-400f0d27aa72","tintindex":0},"south":{"uv":[4.2352943,11.882353,4.352941,12.117647],"rotation":0,"texture":"#f1036722-2437-0a31-0cb8-400f0d27aa72","tintindex":0},"up":{"uv":[12.882353,8.676471,12.764706,8.470589],"rotation":0,"texture":"#f1036722-2437-0a31-0cb8-400f0d27aa72","tintindex":0},"west":{"uv":[10.176471,12.3529415,10.382353,12.588235],"rotation":0,"texture":"#f1036722-2437-0a31-0cb8-400f0d27aa72","tintindex":0}}},{"name":"cube","from":[5.6544747,16.651062,8.003454],"to":[6.388875,17.817461,8.867454],"rotation":{"angle":-22.5,"axis":"z","origin":[8.8512745,-1.1473408,6.966654]},"faces":{"down":{"uv":[6.4117646,13.117647,6.470588,13.205882],"rotation":0,"texture":"#f1036722-2437-0a31-0cb8-400f0d27aa72","tintindex":0},"east":{"uv":[13.058824,1.117647,13.1470585,1.2352941],"rotation":0,"texture":"#f1036722-2437-0a31-0cb8-400f0d27aa72","tintindex":0},"north":{"uv":[11.058824,7.1764708,11.117647,7.2941175],"rotation":0,"texture":"#f1036722-2437-0a31-0cb8-400f0d27aa72","tintindex":0},"south":{"uv":[1.8235294,11.176471,1.882353,11.294118],"rotation":0,"texture":"#f1036722-2437-0a31-0cb8-400f0d27aa72","tintindex":0},"up":{"uv":[13.176471,6.382353,13.117647,6.2941175],"rotation":0,"texture":"#f1036722-2437-0a31-0cb8-400f0d27aa72","tintindex":0},"west":{"uv":[1.1764706,13.058824,1.2647059,13.176471],"rotation":0,"texture":"#f1036722-2437-0a31-0cb8-400f0d27aa72","tintindex":0}}}],"display":{"head":{"translation":[0.0,-6.4,0.0],"rotation":[0.0,0.0,0.0],"scale":[3.8095,3.8095,3.8095]},"gui":{"translation":[0.0,0.0,0.0],"rotation":[35.0,225.0,0.0],"scale":[0.625,0.625,0.625]}}}