{"textures":{"0":"modelengine:entity/shadow"},"elements":[{"name":"cube","from":[8.906961,4.2547994,5.7340155],"to":[11.6717615,7.9440794,10.088575],"rotation":{"angle":22.5,"axis":"z","origin":[9.274161,2.051599,7.8594556]},"faces":{"down":{"uv":[0.97058827,11.3529415,0.7058824,11.794118],"rotation":0,"texture":"#0","tintindex":0},"east":{"uv":[11.0,8.705882,11.441176,9.058824],"rotation":0,"texture":"#0","tintindex":0},"north":{"uv":[11.6470585,7.4117646,11.911765,7.764706],"rotation":0,"texture":"#0","tintindex":0},"south":{"uv":[11.6470585,8.705882,11.911765,9.058824],"rotation":0,"texture":"#0","tintindex":0},"up":{"uv":[0.2647059,11.794118,0.0,11.3529415],"rotation":0,"texture":"#0","tintindex":0},"west":{"uv":[11.0,9.705882,11.441176,10.058824],"rotation":0,"texture":"#0","tintindex":0}}},{"name":"cube","from":[8.258962,4.2547994,6.382015],"to":[12.319761,7.9440794,9.440576],"rotation":{"angle":22.5,"axis":"z","origin":[9.274161,2.051599,7.8594556]},"faces":{"down":{"uv":[5.1764708,11.294118,4.764706,11.588235],"rotation":0,"texture":"#0","tintindex":0},"east":{"uv":[2.4705882,11.529412,2.764706,11.882353],"rotation":0,"texture":"#0","tintindex":0},"north":{"uv":[11.058824,3.764706,11.470589,4.117647],"rotation":0,"texture":"#0","tintindex":0},"south":{"uv":[11.058824,5.470588,11.470589,5.8235292],"rotation":0,"texture":"#0","tintindex":0},"up":{"uv":[11.705882,4.9411764,11.294118,4.647059],"rotation":0,"texture":"#0","tintindex":0},"west":{"uv":[3.4705882,11.529412,3.764706,11.882353],"rotation":0,"texture":"#0","tintindex":0}}},{"name":"cube","from":[8.474962,3.3908002,5.9500155],"to":[12.103763,8.3760805,9.872576],"rotation":{"angle":22.5,"axis":"z","origin":[9.274161,2.051599,7.8594556]},"faces":{"down":{"uv":[11.470589,7.5882354,11.117647,7.970588],"rotation":0,"texture":"#0","tintindex":0},"east":{"uv":[10.6470585,3.764706,11.029412,4.264706],"rotation":0,"texture":"#0","tintindex":0},"north":{"uv":[4.2941175,10.764706,4.647059,11.264706],"rotation":0,"texture":"#0","tintindex":0},"south":{"uv":[4.647059,10.764706,5.0,11.264706],"rotation":0,"texture":"#0","tintindex":0},"up":{"uv":[11.470589,7.5588236,11.117647,7.1764708],"rotation":0,"texture":"#0","tintindex":0},"west":{"uv":[10.6470585,6.764706,11.029412,7.264706],"rotation":0,"texture":"#0","tintindex":0}}}],"display":{"head":{"translation":[0.0,-6.4,0.0],"rotation":[0.0,0.0,0.0],"scale":[3.8095,3.8095,3.8095]}}}