{"textures":{"0":"modelengine:entity/shadow"},"elements":[{"name":"cube","from":[-7.7859297,-0.7742424,-2.7970243],"to":[23.757477,-0.6970997,19.990974],"rotation":{"angle":0.0,"axis":"x","origin":[2.319321,18.460247,25.068287]},"faces":{"down":{"uv":[3.235294,16.0,0.0,13.941176],"rotation":0,"texture":"#0","tintindex":0},"east":{"uv":[3.235294,16.0,0.0,13.941176],"rotation":0,"texture":"#0","tintindex":0},"north":{"uv":[3.235294,16.0,0.0,13.941176],"rotation":0,"texture":"#0","tintindex":0},"south":{"uv":[3.235294,16.0,0.0,13.941176],"rotation":0,"texture":"#0","tintindex":0},"up":{"uv":[3.235294,16.0,0.0,13.941176],"rotation":0,"texture":"#0","tintindex":0},"west":{"uv":[3.235294,16.0,0.0,13.941176],"rotation":0,"texture":"#0","tintindex":0}}},{"name":"cube","from":[5.791212,14.39232,6.4475813],"to":[10.180332,20.255177,10.740042],"rotation":{"angle":0.0,"axis":"x","origin":[2.319321,25.23367,8.732322]},"faces":{"down":{"uv":[6.0588236,3.5294118,5.470588,4.117647],"rotation":0,"texture":"#0","tintindex":0},"east":{"uv":[5.352941,8.0,5.9411764,8.794118],"rotation":0,"texture":"#0","tintindex":0},"north":{"uv":[4.764706,8.0,5.352941,8.794118],"rotation":0,"texture":"#0","tintindex":0},"south":{"uv":[8.176471,8.176471,8.764706,8.970589],"rotation":0,"texture":"#0","tintindex":0},"up":{"uv":[3.3529413,9.470589,2.764706,8.882353],"rotation":0,"texture":"#0","tintindex":0},"west":{"uv":[7.117647,8.294118,7.7058825,9.088235],"rotation":0,"texture":"#0","tintindex":0}}},{"name":"cube","from":[6.25407,14.7008915,6.293296],"to":[9.717475,19.946606,10.894327],"rotation":{"angle":0.0,"axis":"x","origin":[2.319321,25.23367,8.732322]},"faces":{"down":{"uv":[3.235294,9.470589,2.764706,10.088235],"rotation":0,"texture":"#0","tintindex":0},"east":{"uv":[8.764706,0.0,9.382353,0.7058824],"rotation":0,"texture":"#0","tintindex":0},"north":{"uv":[7.7058825,8.294118,8.176471,9.0],"rotation":0,"texture":"#0","tintindex":0},"south":{"uv":[8.764706,8.882353,9.235294,9.588235],"rotation":0,"texture":"#0","tintindex":0},"up":{"uv":[8.3529415,10.029412,7.882353,9.411765],"rotation":0,"texture":"#0","tintindex":0},"west":{"uv":[8.764706,0.7058824,9.382353,1.4117647],"rotation":0,"texture":"#0","tintindex":0}}},{"name":"cube","from":[5.6369267,14.7008915,6.9104385],"to":[10.334618,19.946606,10.2771845],"rotation":{"angle":0.0,"axis":"x","origin":[2.319321,25.23367,8.732322]},"faces":{"down":{"uv":[7.2352943,9.117647,6.5882354,9.588235],"rotation":0,"texture":"#0","tintindex":0},"east":{"uv":[8.941176,3.2941177,9.411765,4.0],"rotation":0,"texture":"#0","tintindex":0},"north":{"uv":[5.9411764,8.411765,6.5882354,9.117647],"rotation":0,"texture":"#0","tintindex":0},"south":{"uv":[8.411765,6.9411764,9.058824,7.647059],"rotation":0,"texture":"#0","tintindex":0},"up":{"uv":[2.1764705,9.529412,1.5294118,9.058824],"rotation":0,"texture":"#0","tintindex":0},"west":{"uv":[3.9411764,8.941176,4.4117646,9.6470585],"rotation":0,"texture":"#0","tintindex":0}}},{"name":"cube","from":[-0.38021612,5.1351776,4.596153],"to":[16.35176,6.678035,12.59147],"rotation":{"angle":0.0,"axis":"x","origin":[2.319321,25.23367,8.732322]},"faces":{"down":{"uv":[16.058825,2.882353,13.764706,3.9705882],"rotation":0,"texture":"#0","tintindex":0},"east":{"uv":[10.176471,6.529412,11.264706,6.7352943],"rotation":0,"texture":"#0","tintindex":0},"north":{"uv":[8.176471,7.7058825,10.470589,7.9117646],"rotation":0,"texture":"#0","tintindex":0},"south":{"uv":[8.176471,7.9411764,10.470589,8.1470585],"rotation":0,"texture":"#0","tintindex":0},"up":{"uv":[6.647059,1.0882353,4.352941,0.0],"rotation":0,"texture":"#0","tintindex":0},"west":{"uv":[10.176471,9.470589,11.264706,9.676471],"rotation":0,"texture":"#0","tintindex":0}}},{"name":"cube","from":[10.537284,-3.7110634,4.596153],"to":[10.6681185,1.8432236,12.59147],"rotation":{"angle":22.5,"axis":"z","origin":[1.3568213,18.547428,8.732322]},"faces":{"down":{"uv":[2.2058823,12.470589,2.1764705,13.558824],"rotation":0,"texture":"#0","tintindex":0},"east":{"uv":[0.0,7.1764708,1.0882353,7.9411764],"rotation":0,"texture":"#0","tintindex":0},"north":{"uv":[12.764706,12.176471,12.794118,12.941176],"rotation":0,"texture":"#0","tintindex":0},"south":{"uv":[12.235294,12.764706,12.264706,13.529412],"rotation":0,"texture":"#0","tintindex":0},"up":{"uv":[9.735294,13.5,9.705882,12.411765],"rotation":0,"texture":"#0","tintindex":0},"west":{"uv":[14.941176,5.529412,16.029411,6.2941175],"rotation":0,"texture":"#0","tintindex":0}}},{"name":"cube","from":[7.5164747,-13.738829,4.596153],"to":[7.6473093,-10.653116,12.59147],"rotation":{"angle":45.0,"axis":"z","origin":[-1.6639881,8.519663,8.732322]},"faces":{"down":{"uv":[0.20588236,12.6470585,0.1764706,13.735294],"rotation":0,"texture":"#0","tintindex":0},"east":{"uv":[1.117647,8.6470585,2.2058823,9.058824],"rotation":0,"texture":"#0","tintindex":0},"north":{"uv":[8.705882,13.0,8.735294,13.411765],"rotation":0,"texture":"#0","tintindex":0},"south":{"uv":[10.705882,13.0,10.735294,13.411765],"rotation":0,"texture":"#0","tintindex":0},"up":{"uv":[10.382353,13.676471,10.3529415,12.588235],"rotation":0,"texture":"#0","tintindex":0},"west":{"uv":[14.941176,6.647059,16.029411,7.0588236],"rotation":0,"texture":"#0","tintindex":0}}},{"name":"cube","from":[11.886699,-16.0,4.596153],"to":[12.017533,-12.914282,12.59147],"rotation":{"angle":-45.0,"axis":"z","origin":[22.146236,11.689353,8.732322]},"faces":{"down":{"uv":[1.5,12.529412,1.4705882,13.617647],"rotation":0,"texture":"#0","tintindex":0},"east":{"uv":[14.941176,5.647059,16.029411,6.0588236],"rotation":0,"texture":"#0","tintindex":0},"north":{"uv":[6.2352943,12.941176,6.264706,13.3529415],"rotation":0,"texture":"#0","tintindex":0},"south":{"uv":[10.117647,12.941176,10.1470585,13.3529415],"rotation":0,"texture":"#0","tintindex":0},"up":{"uv":[8.8529415,13.558824,8.823529,12.470589],"rotation":0,"texture":"#0","tintindex":0},"west":{"uv":[0.0,8.6470585,1.0882353,9.058824],"rotation":0,"texture":"#0","tintindex":0}}},{"name":"cube","from":[5.3252006,-3.6015968,4.596153],"to":[5.4560347,1.9526882,12.59147],"rotation":{"angle":-22.5,"axis":"z","origin":[14.350452,18.656895,8.732322]},"faces":{"down":{"uv":[1.1470588,12.588235,1.117647,13.676471],"rotation":0,"texture":"#0","tintindex":0},"east":{"uv":[14.941176,6.882353,16.029411,7.647059],"rotation":0,"texture":"#0","tintindex":0},"north":{"uv":[12.294118,12.764706,12.323529,13.529412],"rotation":0,"texture":"#0","tintindex":0},"south":{"uv":[12.3529415,12.764706,12.382353,13.529412],"rotation":0,"texture":"#0","tintindex":0},"up":{"uv":[2.735294,13.617647,2.7058823,12.529412],"rotation":0,"texture":"#0","tintindex":0},"west":{"uv":[3.3529413,7.1764708,4.4411764,7.9411764],"rotation":0,"texture":"#0","tintindex":0}}},{"name":"cube","from":[-0.38021612,-2.4971523,11.503316],"to":[16.35176,3.0571327,11.630062],"rotation":{"angle":22.5,"axis":"x","origin":[2.319321,22.229912,17.151485]},"faces":{"down":{"uv":[14.235294,5.529412,11.941176,5.5588236],"rotation":0,"texture":"#0","tintindex":0},"east":{"uv":[1.9411765,12.764706,1.9705882,13.529412],"rotation":0,"texture":"#0","tintindex":0},"north":{"uv":[4.352941,2.235294,6.647059,3.0],"rotation":0,"texture":"#0","tintindex":0},"south":{"uv":[13.411765,7.2941175,15.705882,8.058824],"rotation":0,"texture":"#0","tintindex":0},"up":{"uv":[14.235294,2.6176472,11.941176,2.5882354],"rotation":0,"texture":"#0","tintindex":0},"west":{"uv":[2.4117646,12.764706,2.4411764,13.529412],"rotation":0,"texture":"#0","tintindex":0}}},{"name":"cube","from":[-0.38021612,-13.769581,20.701105],"to":[16.35176,-10.683868,20.827852],"rotation":{"angle":45.0,"axis":"x","origin":[2.319321,17.43748,26.349274]},"faces":{"down":{"uv":[14.294118,1.5882353,12.0,1.617647],"rotation":0,"texture":"#0","tintindex":0},"east":{"uv":[12.529412,12.941176,12.558824,13.3529415],"rotation":0,"texture":"#0","tintindex":0},"north":{"uv":[6.647059,3.2941177,8.941176,3.7058823],"rotation":0,"texture":"#0","tintindex":0},