{"file_name":"arm_left","texture_size":[128,128],"textures":{"8a9809cf-24b4-763d-6715-ca3b2f6b9044":"modelengine:entity/ghoul3"},"elements":[{"name":"cube","from":[6.0993185,6.9431124,6.5],"to":[9.039319,9.883112,9.440001],"rotation":{"angle":0.0,"axis":"x","origin":[11.97932,9.211113,6.29]},"faces":{"down":{"uv":[5.125,6.25,4.25,7.125],"rotation":0,"texture":"#8a9809cf-24b4-763d-6715-ca3b2f6b9044","tintindex":0},"east":{"uv":[6.125,3.875,7.0,4.75],"rotation":0,"texture":"#8a9809cf-24b4-763d-6715-ca3b2f6b9044","tintindex":0},"north":{"uv":[6.125,2.375,7.0,3.25],"rotation":0,"texture":"#8a9809cf-24b4-763d-6715-ca3b2f6b9044","tintindex":0},"south":{"uv":[6.25,0.875,7.125,1.75],"rotation":0,"texture":"#8a9809cf-24b4-763d-6715-ca3b2f6b9044","tintindex":0},"up":{"uv":[4.25,7.125,3.375,6.25],"rotation":0,"texture":"#8a9809cf-24b4-763d-6715-ca3b2f6b9044","tintindex":0},"west":{"uv":[2.5,6.25,3.375,7.125],"rotation":0,"texture":"#8a9809cf-24b4-763d-6715-ca3b2f6b9044","tintindex":0}}},{"name":"cube","from":[6.7293186,4.423112,7.34],"to":[7.989319,6.9431124,8.6],"rotation":{"angle":0.0,"axis":"x","origin":[11.97932,9.211113,6.29]},"faces":{"down":{"uv":[2.875,5.875,2.5,6.25],"rotation":0,"texture":"#8a9809cf-24b4-763d-6715-ca3b2f6b9044","tintindex":0},"east":{"uv":[5.75,9.625,6.125,10.375],"rotation":0,"texture":"#8a9809cf-24b4-763d-6715-ca3b2f6b9044","tintindex":0},"north":{"uv":[6.0,6.625,6.375,7.375],"rotation":0,"texture":"#8a9809cf-24b4-763d-6715-ca3b2f6b9044","tintindex":0},"south":{"uv":[9.625,6.0,10.0,6.75],"rotation":0,"texture":"#8a9809cf-24b4-763d-6715-ca3b2f6b9044","tintindex":0},"up":{"uv":[1.625,5.875,1.25,5.5],"rotation":0,"texture":"#8a9809cf-24b4-763d-6715-ca3b2f6b9044","tintindex":0},"west":{"uv":[9.625,6.75,10.0,7.5],"rotation":0,"texture":"#8a9809cf-24b4-763d-6715-ca3b2f6b9044","tintindex":0}}}],"display":{"head":{"translation":[0.0,-6.4,0.0],"rotation":[0.0,0.0,0.0],"scale":[3.8095,3.8095,3.8095]},"gui":{"translation":[0.0,0.0,0.0],"rotation":[35.0,225.0,0.0],"scale":[0.625,0.625,0.625]}}}