{"file_name":"bandage_foot","texture_size":[128,128],"textures":{"8a9809cf-24b4-763d-6715-ca3b2f6b9044":"modelengine:entity/ghoul1"},"elements":[{"name":"cube","from":[7.9984517,6.901986,7.31],"to":[7.9984517,9.841986,11.09],"rotation":{"angle":0.0,"axis":"x","origin":[6.8500137,20.929985,5.0]},"faces":{"down":{"uv":[0.0,0.0,0.0,1.125],"rotation":0,"texture":"#8a9809cf-24b4-763d-6715-ca3b2f6b9044","tintindex":0},"east":{"uv":[4.0,4.125,5.125,5.0],"rotation":0,"texture":"#8a9809cf-24b4-763d-6715-ca3b2f6b9044","tintindex":0},"north":{"uv":[0.0,0.0,0.0,0.875],"rotation":0,"texture":"#8a9809cf-24b4-763d-6715-ca3b2f6b9044","tintindex":0},"south":{"uv":[0.0,0.0,0.0,0.875],"rotation":0,"texture":"#8a9809cf-24b4-763d-6715-ca3b2f6b9044","tintindex":0},"up":{"uv":[0.0,1.125,0.0,0.0],"rotation":0,"texture":"#8a9809cf-24b4-763d-6715-ca3b2f6b9044","tintindex":0},"west":{"uv":[4.25,0.0,5.375,0.875],"rotation":0,"texture":"#8a9809cf-24b4-763d-6715-ca3b2f6b9044","tintindex":0}}}],"display":{"head":{"translation":[0.0,-6.4,0.0],"rotation":[0.0,0.0,0.0],"scale":[3.8095,3.8095,3.8095]},"gui":{"translation":[0.0,0.0,0.0],"rotation":[35.0,225.0,0.0],"scale":[0.625,0.625,0.625]}}}