{"file_name":"foot_right","texture_size":[128,128],"textures":{"8a9809cf-24b4-763d-6715-ca3b2f6b9044":"modelengine:entity/ghoul3"},"elements":[{"name":"cube","from":[7.099914,4.9491177,6.9468307],"to":[8.989914,8.351117,9.130831],"rotation":{"angle":0.0,"axis":"x","origin":[7.267914,21.371117,7.4088306]},"faces":{"down":{"uv":[1.8125,9.25,1.25,9.875],"rotation":0,"texture":"#8a9809cf-24b4-763d-6715-ca3b2f6b9044","tintindex":0},"east":{"uv":[7.125,7.625,7.75,8.625],"rotation":0,"texture":"#8a9809cf-24b4-763d-6715-ca3b2f6b9044","tintindex":0},"north":{"uv":[4.125,8.125,4.6875,9.125],"rotation":0,"texture":"#8a9809cf-24b4-763d-6715-ca3b2f6b9044","tintindex":0},"south":{"uv":[8.25,2.875,8.8125,3.875],"rotation":0,"texture":"#8a9809cf-24b4-763d-6715-ca3b2f6b9044","tintindex":0},"up":{"uv":[1.1875,9.875,0.625,9.25],"rotation":0,"texture":"#8a9809cf-24b4-763d-6715-ca3b2f6b9044","tintindex":0},"west":{"uv":[7.75,7.625,8.375,8.625],"rotation":0,"texture":"#8a9809cf-24b4-763d-6715-ca3b2f6b9044","tintindex":0}}},{"name":"cube","from":[6.8899136,5.3691173,6.7368307],"to":[9.199914,6.041117,9.340832],"rotation":{"angle":0.0,"axis":"x","origin":[7.267914,21.371117,7.4088306]},"faces":{"down":{"uv":[0.6875,8.5,0.0,9.25],"rotation":0,"texture":"#8a9809cf-24b4-763d-6715-ca3b2f6b9044","tintindex":0},"east":{"uv":[10.125,3.5,10.875,3.6875],"rotation":0,"texture":"#8a9809cf-24b4-763d-6715-ca3b2f6b9044","tintindex":0},"north":{"uv":[10.125,4.5,10.8125,4.6875],"rotation":0,"texture":"#8a9809cf-24b4-763d-6715-ca3b2f6b9044","tintindex":0},"south":{"uv":[10.125,4.75,10.8125,4.9375],"rotation":0,"texture":"#8a9809cf-24b4-763d-6715-ca3b2f6b9044","tintindex":0},"up":{"uv":[9.0625,8.5,8.375,7.75],"rotation":0,"texture":"#8a9809cf-24b4-763d-6715-ca3b2f6b9044","tintindex":0},"west":{"uv":[10.125,3.75,10.875,3.9375],"rotation":0,"texture":"#8a9809cf-24b4-763d-6715-ca3b2f6b9044","tintindex":0}}},{"name":"cube","from":[6.8899136,7.0491176,6.7368307],"to":[9.199914,7.7211175,9.340832],"rotation":{"angle":0.0,"axis":"x","origin":[7.267914,21.371117,7.4088306]},"faces":{"down":{"uv":[2.1875,8.5,1.5,9.25],"rotation":0,"texture":"#8a9809cf-24b4-763d-6715-ca3b2f6b9044","tintindex":0},"east":{"uv":[10.125,4.0,10.875,4.1875],"rotation":0,"texture":"#8a9809cf-24b4-763d-6715-ca3b2f6b9044","tintindex":0},"north":{"uv":[10.125,7.375,10.8125,7.5625],"rotation":0,"texture":"#8a9809cf-24b4-763d-6715-ca3b2f6b9044","tintindex":0},"south":{"uv":[10.125,7.625,10.8125,7.8125],"rotation":0,"texture":"#8a9809cf-24b4-763d-6715-ca3b2f6b9044","tintindex":0},"up":{"uv":[1.4375,9.25,0.75,8.5],"rotation":0,"texture":"#8a9809cf-24b4-763d-6715-ca3b2f6b9044","tintindex":0},"west":{"uv":[10.125,4.25,10.875,4.4375],"rotation":0,"texture":"#8a9809cf-24b4-763d-6715-ca3b2f6b9044","tintindex":0}}},{"name":"cube","from":[6.8899136,4.1091175,6.1068306],"to":[9.199914,4.9911175,9.340832],"rotation":{"angle":0.0,"axis":"x","origin":[7.267914,21.371117,7.4088306]},"faces":{"down":{"uv":[7.9375,6.625,7.25,7.5625],"rotation":0,"texture":"#8a9809cf-24b4-763d-6715-ca3b2f6b9044","tintindex":0},"east":{"uv":[9.875,0.0,10.8125,0.25],"rotation":0,"texture":"#8a9809cf-24b4-763d-6715-ca3b2f6b9044","tintindex":0},"north":{"uv":[10.0,9.25,10.6875,9.5],"rotation":0,"texture":"#8a9809cf-24b4-763d-6715-ca3b2f6b9044","tintindex":0},"south":{"uv":[10.125,0.5,10.8125,0.75],"rotation":0,"texture":"#8a9809cf-24b4-763d-6715-ca3b2f6b9044","tintindex":0},"up":{"uv":[7.9375,6.5625,7.25,5.625],"rotation":0,"texture":"#8a9809cf-24b4-763d-6715-ca3b2f6b9044","tintindex":0},"west":{"uv":[9.875,0.25,10.8125,0.5],"rotation":0,"texture":"#8a9809cf-24b4-763d-6715-ca3b2f6b9044","tintindex":0}}},{"name":"cube","from":[6.0499144,3.8991175,6.1068306],"to":[6.8899136,4.7811174,6.9468307],"rotation":{"angle":-45.0,"axis":"y","origin":[7.267914,21.371117,7.4088306]},"faces":{"down":{"uv":[6.625,10.625,6.375,10.875],"rotation":0,"texture":"#8a9809cf-24b4-763d-6715-ca3b2f6b9044","tintindex":0},"east":{"uv":[4.5,10.625,4.75,10.875],"rotation":0,"texture":"#8a9809cf-24b4-763d-6715-ca3b2f6b9044","tintindex":0},"north":{"uv":[4.25,10.625,4.5,10.875],"rotation":0,"texture":"#8a9809cf-24b4-763d-6715-ca3b2f6b9044","tintindex":0},"south":{"uv":[10.625,5.25,10.875,5.5],"rotation":0,"texture":"#8a9809cf-24b4-763d-6715-ca3b2f6b9044","tintindex":0},"up":{"uv":[6.375,10.875,6.125,10.625],"rotation":0,"texture":"#8a9809cf-24b4-763d-6715-ca3b2f6b9044","tintindex":0},"west":{"uv":[10.625,5.5,10.875,5.75],"rotation":0,"texture":"#8a9809cf-24b4-763d-6715-ca3b2f6b9044","tintindex":0}}},{"name":"cube","from":[7.099914,3.8991175,5.0568304],"to":[7.9399137,4.7811174,5.8968306],"rotation":{"angle":-45.0,"axis":"y","origin":[7.267914,21.371117,7.4088306]},"faces":{"down":{"uv":[10.875,9.75,10.625,10.0],"rotation":0,"texture":"#8a9809cf-24b4-763d-6715-ca3b2f6b9044","tintindex":0},"east":{"uv":[8.375,10.625,8.625,10.875],"rotation":0,"texture":"#8a9809cf-24b4-763d-6715-ca3b2f6b9044","tintindex":0},"north":{"uv":[8.125,10.625,8.375,10.875],"rotation":0,"texture":"#8a9809cf-24b4-763d-6715-ca3b2f6b9044","tintindex":0},"south":{"uv":[10.625,8.75,10.875,9.0],"rotation":0,"texture":"#8a9809cf-24b4-763d-6715-ca3b2f6b9044","tintindex":0},"up":{"uv":[10.0,10.875,9.75,10.625],"rotation":0,"texture":"#8a9809cf-24b4-763d-6715-ca3b2f6b9044","tintindex":0},"west":{"uv":[10.625,9.5,10.875,9.75],"rotation":0,"texture":"#8a9809cf-24b4-763d-6715-ca3b2f6b9044","tintindex":0}}},{"name":"cube","from":[6.679914,3.8998458,5.6868305],"to":[7.519914,4.781846,6.5268307],"rotation":{"angle":-45.0,"axis":"y","origin":[7.267914,21.371117,7.4088306]},"faces":{"down":{"uv":[0.25,10.75,0.0,11.0],"rotation":0,"texture":"#8a9809cf-24b4-763d-6715-ca3b2f6b9044","tintindex":0},"east":{"uv":[10.625,10.0,10.875,10.25],"rotation":0,"texture":"#8a9809cf-24b4-763d-6715-ca3b2f6b9044","tintindex":0},"north":{"uv":[10.0,10.625,10.25,10.875],"rotation":0,"texture":"#8a9809cf-24b4-763d-6715-ca3b2f6b9044","tintindex":0},"south":{"uv":[10.25,10.625,10.5,10.875],"rotation":0,"texture":"#8a9809cf-24b4-763d-6715-ca3b2f6b9044","tintindex":0},"up":{"uv":[10.75,10.875,10.5,10.625],"rotation":0,"texture":"#8a9809cf-24b4-763d-6715-ca3b2f6b9044","tintindex":0},"west":{"uv":[10.625,10.25,10.875,10.5],"rotation":0,"texture":"#8a9809cf-24b4-763d-6715-ca3b2f6b9044","tintindex":0}}}],"display":{"head":{"translation":[0.0,-6.4,0.0],"rotation":[0.0,0.0,0.0],"scale":[3.8095,3.8095,3.8095]},"gui":{"translation":[0.0,0.0,0.0],"rotation":[35.0,225.0,0.0],"scale":[0.625,0.625,0.625]}}}