{"file_name":"leg_right","texture_size":[128,128],"textures":{"8a9809cf-24b4-763d-6715-ca3b2f6b9044":"modelengine:entity/ghoul3"},"elements":[{"name":"cube","from":[7.104702,4.162203,7.619107],"to":[8.364702,8.404203,8.753107],"rotation":{"angle":0.0,"axis":"x","origin":[7.062702,17.224205,7.871107]},"faces":{"down":{"uv":[9.0,10.375,8.625,10.6875],"rotation":0,"texture":"#8a9809cf-24b4-763d-6715-ca3b2f6b9044","tintindex":0},"east":{"uv":[6.375,8.75,6.6875,10.0],"rotation":0,"texture":"#8a9809cf-24b4-763d-6715-ca3b2f6b9044","tintindex":0},"north":{"uv":[7.125,8.625,7.5,9.875],"rotation":0,"texture":"#8a9809cf-24b4-763d-6715-ca3b2f6b9044","tintindex":0},"south":{"uv":[7.5,8.625,7.875,9.875],"rotation":0,"texture":"#8a9809cf-24b4-763d-6715-ca3b2f6b9044","tintindex":0},"up":{"uv":[10.75,8.5625,10.375,8.25],"rotation":0,"texture":"#8a9809cf-24b4-763d-6715-ca3b2f6b9044","tintindex":0},"west":{"uv":[6.75,8.75,7.0625,10.0],"rotation":0,"texture":"#8a9809cf-24b4-763d-6715-ca3b2f6b9044","tintindex":0}}}],"display":{"head":{"translation":[0.0,-6.4,0.0],"rotation":[0.0,0.0,0.0],"scale":[3.8095,3.8095,3.8095]},"gui":{"translation":[0.0,0.0,0.0],"rotation":[35.0,225.0,0.0],"scale":[0.625,0.625,0.625]}}}