{"file_name":"leg_left","texture_size":[128,128],"textures":{"8a9809cf-24b4-763d-6715-ca3b2f6b9044":"modelengine:entity/ghoul3"},"elements":[{"name":"cube","from":[7.2680635,3.716157,7.4868956],"to":[8.528064,7.9581575,8.620895],"rotation":{"angle":0.0,"axis":"x","origin":[8.570064,16.778158,7.7388954]},"faces":{"down":{"uv":[10.75,6.5,10.375,6.8125],"rotation":0,"texture":"#8a9809cf-24b4-763d-6715-ca3b2f6b9044","tintindex":0},"east":{"uv":[7.875,8.625,8.1875,9.875],"rotation":0,"texture":"#8a9809cf-24b4-763d-6715-ca3b2f6b9044","tintindex":0},"north":{"uv":[3.0,8.5,3.375,9.75],"rotation":0,"texture":"#8a9809cf-24b4-763d-6715-ca3b2f6b9044","tintindex":0},"south":{"uv":[8.375,8.5,8.75,9.75],"rotation":0,"texture":"#8a9809cf-24b4-763d-6715-ca3b2f6b9044","tintindex":0},"up":{"uv":[10.75,6.4375,10.375,6.125],"rotation":0,"texture":"#8a9809cf-24b4-763d-6715-ca3b2f6b9044","tintindex":0},"west":{"uv":[8.75,3.875,9.0625,5.125],"rotation":0,"texture":"#8a9809cf-24b4-763d-6715-ca3b2f6b9044","tintindex":0}}},{"name":"cube","from":[7.4780636,3.716157,7.6968956],"to":[8.318064,7.9581575,8.410895],"rotation":{"angle":0.0,"axis":"x","origin":[8.570064,16.778158,7.7388954]},"faces":{"down":{"uv":[11.0,2.0,10.75,2.1875],"rotation":0,"texture":"#8a9809cf-24b4-763d-6715-ca3b2f6b9044","tintindex":0},"east":{"uv":[7.125,9.875,7.3125,11.125],"rotation":0,"texture":"#8a9809cf-24b4-763d-6715-ca3b2f6b9044","tintindex":0},"north":{"uv":[6.125,9.0,6.375,10.25],"rotation":0,"texture":"#8a9809cf-24b4-763d-6715-ca3b2f6b9044","tintindex":0},"south":{"uv":[5.5,9.625,5.75,10.875],"rotation":0,"texture":"#8a9809cf-24b4-763d-6715-ca3b2f6b9044","tintindex":0},"up":{"uv":[11.0,1.5625,10.75,1.375],"rotation":0,"texture":"#8a9809cf-24b4-763d-6715-ca3b2f6b9044","tintindex":0},"west":{"uv":[7.375,9.875,7.5625,11.125],"rotation":0,"texture":"#8a9809cf-24b4-763d-6715-ca3b2f6b9044","tintindex":0}}}],"display":{"head":{"translation":[0.0,-6.4,0.0],"rotation":[0.0,0.0,0.0],"scale":[3.8095,3.8095,3.8095]},"gui":{"translation":[0.0,0.0,0.0],"rotation":[35.0,225.0,0.0],"scale":[0.625,0.625,0.625]}}}