{"file_name":"upper_body","texture_size":[128,128],"textures":{"8a9809cf-24b4-763d-6715-ca3b2f6b9044":"modelengine:entity/ghoul3"},"elements":[{"name":"cube","from":[5.9999075,8.531311,6.565072],"to":[9.779907,12.983312,9.379072],"rotation":{"angle":0.0,"axis":"x","origin":[7.5119076,15.293312,7.657072]},"faces":{"down":{"uv":[6.125,2.375,5.0,3.1875],"rotation":0,"texture":"#8a9809cf-24b4-763d-6715-ca3b2f6b9044","tintindex":0},"east":{"uv":[0.0,4.125,0.8125,5.4375],"rotation":0,"texture":"#8a9809cf-24b4-763d-6715-ca3b2f6b9044","tintindex":0},"north":{"uv":[0.0,0.0,1.125,1.3125],"rotation":0,"texture":"#8a9809cf-24b4-763d-6715-ca3b2f6b9044","tintindex":0},"south":{"uv":[1.125,0.0,2.25,1.3125],"rotation":0,"texture":"#8a9809cf-24b4-763d-6715-ca3b2f6b9044","tintindex":0},"up":{"uv":[2.875,5.8125,1.75,5.0],"rotation":0,"texture":"#8a9809cf-24b4-763d-6715-ca3b2f6b9044","tintindex":0},"west":{"uv":[0.875,4.125,1.6875,5.4375],"rotation":0,"texture":"#8a9809cf-24b4-763d-6715-ca3b2f6b9044","tintindex":0}}},{"name":"cube","from":[7.2599077,7.2713118,7.405072],"to":[8.519907,10.253312,8.539072],"rotation":{"angle":0.0,"axis":"x","origin":[7.5119076,15.293312,7.657072]},"faces":{"down":{"uv":[10.75,5.75,10.375,6.0625],"rotation":0,"texture":"#8a9809cf-24b4-763d-6715-ca3b2f6b9044","tintindex":0},"east":{"uv":[8.25,9.75,8.5625,10.625],"rotation":0,"texture":"#8a9809cf-24b4-763d-6715-ca3b2f6b9044","tintindex":0},"north":{"uv":[2.625,9.25,3.0,10.125],"rotation":0,"texture":"#8a9809cf-24b4-763d-6715-ca3b2f6b9044","tintindex":0},"south":{"uv":[9.25,6.875,9.625,7.75],"rotation":0,"texture":"#8a9809cf-24b4-763d-6715-ca3b2f6b9044","tintindex":0},"up":{"uv":[6.125,10.6875,5.75,10.375],"rotation":0,"texture":"#8a9809cf-24b4-763d-6715-ca3b2f6b9044","tintindex":0},"west":{"uv":[0.0,9.875,0.3125,10.75],"rotation":0,"texture":"#8a9809cf-24b4-763d-6715-ca3b2f6b9044","tintindex":0}}},{"name":"cube","from":[7.679908,12.101312,9.295073],"to":[8.099907,12.773312,10.009072],"rotation":{"angle":0.0,"axis":"x","origin":[7.5119076,15.293312,7.657072]},"faces":{"down":{"uv":[9.125,5.125,9.0,5.3125],"rotation":0,"texture":"#8a9809cf-24b4-763d-6715-ca3b2f6b9044","tintindex":0},"east":{"uv":[10.75,2.25,10.9375,2.4375],"rotation":0,"texture":"#8a9809cf-24b4-763d-6715-ca3b2f6b9044","tintindex":0},"north":{"uv":[7.125,7.375,7.25,7.5625],"rotation":0,"texture":"#8a9809cf-24b4-763d-6715-ca3b2f6b9044","tintindex":0},"south":{"uv":[7.75,0.625,7.875,0.8125],"rotation":0,"texture":"#8a9809cf-24b4-763d-6715-ca3b2f6b9044","tintindex":0},"up":{"uv":[2.125,7.9375,2.0,7.75],"rotation":0,"texture":"#8a9809cf-24b4-763d-6715-ca3b2f6b9044","tintindex":0},"west":{"uv":[10.75,2.5,10.9375,2.6875],"rotation":0,"texture":"#8a9809cf-24b4-763d-6715-ca3b2f6b9044","tintindex":0}}},{"name":"cube","from":[7.679908,10.841312,9.295073],"to":[8.099907,11.513311,10.009072],"rotation":{"angle":0.0,"axis":"x","origin":[7.5119076,15.293312,7.657072]},"faces":{"down":{"uv":[8.75,10.0,8.625,10.1875],"rotation":0,"texture":"#8a9809cf-24b4-763d-6715-ca3b2f6b9044","tintindex":0},"east":{"uv":[10.75,2.75,10.9375,2.9375],"rotation":0,"texture":"#8a9809cf-24b4-763d-6715-ca3b2f6b9044","tintindex":0},"north":{"uv":[9.625,7.5,9.75,7.6875],"rotation":0,"texture":"#8a9809cf-24b4-763d-6715-ca3b2f6b9044","tintindex":0},"south":{"uv":[8.625,9.75,8.75,9.9375],"rotation":0,"texture":"#8a9809cf-24b4-763d-6715-ca3b2f6b9044","tintindex":0},"up":{"uv":[8.25,10.0625,8.125,9.875],"rotation":0,"texture":"#8a9809cf-24b4-763d-6715-ca3b2f6b9044","tintindex":0},"west":{"uv":[10.75,3.0,10.9375,3.1875],"rotation":0,"texture":"#8a9809cf-24b4-763d-6715-ca3b2f6b9044","tintindex":0}}},{"name":"cube","from":[7.679908,9.581312,9.295073],"to":[8.099907,10.253312,10.009072],"rotation":{"angle":0.0,"axis":"x","origin":[7.5119076,15.293312,7.657072]},"faces":{"down":{"uv":[9.875,10.375,9.75,10.5625],"rotation":0,"texture":"#8a9809cf-24b4-763d-6715-ca3b2f6b9044","tintindex":0},"east":{"uv":[10.75,3.25,10.9375,3.4375],"rotation":0,"texture":"#8a9809cf-24b4-763d-6715-ca3b2f6b9044","tintindex":0},"north":{"uv":[8.125,10.125,8.25,10.3125],"rotation":0,"texture":"#8a9809cf-24b4-763d-6715-ca3b2f6b9044","tintindex":0},"south":{"uv":[10.25,5.75,10.375,5.9375],"rotation":0,"texture":"#8a9809cf-24b4-763d-6715-ca3b2f6b9044","tintindex":0},"up":{"uv":[8.25,10.5625,8.125,10.375],"rotation":0,"texture":"#8a9809cf-24b4-763d-6715-ca3b2f6b9044","tintindex":0},"west":{"uv":[3.625,10.75,3.8125,10.9375],"rotation":0,"texture":"#8a9809cf-24b4-763d-6715-ca3b2f6b9044","tintindex":0}}}],"display":{"head":{"translation":[0.0,-6.4,0.0],"rotation":[0.0,0.0,0.0],"scale":[3.8095,3.8095,3.8095]},"gui":{"translation":[0.0,0.0,0.0],"rotation":[35.0,225.0,0.0],"scale":[0.625,0.625,0.625]}}}