{"file_name":"effect","texture_size":[64,64],"textures":{"0dfc8203-c32f-9c05-84f5-e2345376edfc":"modelengine:entity/groundcrack"},"elements":[{"name":"effect","from":[3.118526,3.7999997,2.7038178],"to":[12.718526,23.0,12.303818],"rotation":{"angle":0.0,"axis":"x","origin":[7.918526,3.7999997,7.503818]},"faces":{"down":{"uv":[10.0,1.0,8.5,2.75],"rotation":0,"texture":"#0dfc8203-c32f-9c05-84f5-e2345376edfc","tintindex":0},"east":{"uv":[0.0,3.5,2.75,7.0],"rotation":0,"texture":"#0dfc8203-c32f-9c05-84f5-e2345376edfc","tintindex":0},"north":{"uv":[0.0,0.0,3.0,3.5],"rotation":0,"texture":"#0dfc8203-c32f-9c05-84f5-e2345376edfc","tintindex":0},"south":{"uv":[3.25,3.5,6.0,6.5],"rotation":0,"texture":"#0dfc8203-c32f-9c05-84f5-e2345376edfc","tintindex":0},"up":{"uv":[5.5,10.25,9.5,14.25],"rotation":0,"texture":"#0dfc8203-c32f-9c05-84f5-e2345376edfc","tintindex":0},"west":{"uv":[6.0,6.5,8.5,9.5],"rotation":0,"texture":"#0dfc8203-c32f-9c05-84f5-e2345376edfc","tintindex":0}}}],"display":{"head":{"translation":[0.0,-6.4,0.0],"rotation":[0.0,0.0,0.0],"scale":[3.8095,3.8095,3.8095]},"gui":{"translation":[0.0,0.0,0.0],"rotation":[35.0,225.0,0.0],"scale":[0.625,0.625,0.625]}}}