{"file_name":"goblin","texture_size":[64,64],"textures":{"46b4ebba-f864-0e44-a157-5f536ffcfc9b":"modelengine:entity/goblinskeleton"},"elements":[{"name":"body","from":[5.6,6.366824,5.1981916],"to":[10.4,11.166824,8.798192],"rotation":{"angle":0.0,"axis":"x","origin":[8.0,1.9999998,6.2]},"faces":{"down":{"uv":[5.5,5.5,7.5,7.0],"rotation":0,"texture":"#46b4ebba-f864-0e44-a157-5f536ffcfc9b","tintindex":0},"east":{"uv":[4.75,0.0,6.25,2.0],"rotation":0,"texture":"#46b4ebba-f864-0e44-a157-5f536ffcfc9b","tintindex":0},"north":{"uv":[2.75,2.75,4.75,4.75],"rotation":0,"texture":"#46b4ebba-f864-0e44-a157-5f536ffcfc9b","tintindex":0},"south":{"uv":[2.75,0.0,4.75,2.0],"rotation":0,"texture":"#46b4ebba-f864-0e44-a157-5f536ffcfc9b","tintindex":0},"up":{"uv":[2.0,6.75,0.0,5.25],"rotation":0,"texture":"#46b4ebba-f864-0e44-a157-5f536ffcfc9b","tintindex":0},"west":{"uv":[4.75,2.0,6.25,4.0],"rotation":0,"texture":"#46b4ebba-f864-0e44-a157-5f536ffcfc9b","tintindex":0}}},{"name":"body","from":[6.2,11.166824,6.398192],"to":[9.8,15.366824,8.198193],"rotation":{"angle":0.0,"axis":"x","origin":[8.0,1.9999998,6.2]},"faces":{"down":{"uv":[4.75,7.75,6.25,8.5],"rotation":0,"texture":"#46b4ebba-f864-0e44-a157-5f536ffcfc9b","tintindex":0},"east":{"uv":[7.5,5.0,8.25,6.75],"rotation":0,"texture":"#46b4ebba-f864-0e44-a157-5f536ffcfc9b","tintindex":0},"north":{"uv":[6.25,0.0,7.75,1.75],"rotation":0,"texture":"#46b4ebba-f864-0e44-a157-5f536ffcfc9b","tintindex":0},"south":{"uv":[6.25,1.75,7.75,3.5],"rotation":0,"texture":"#46b4ebba-f864-0e44-a157-5f536ffcfc9b","tintindex":0},"up":{"uv":[4.25,2.75,2.75,2.0],"rotation":0,"texture":"#46b4ebba-f864-0e44-a157-5f536ffcfc9b","tintindex":0},"west":{"uv":[4.0,7.75,4.75,9.5],"rotation":0,"texture":"#46b4ebba-f864-0e44-a157-5f536ffcfc9b","tintindex":0}}}],"display":{"head":{"translation":[0.0,-6.4,0.0],"rotation":[0.0,0.0,0.0],"scale":[3.8095,3.8095,3.8095]},"gui":{"translation":[0.0,0.0,0.0],"rotation":[35.0,225.0,0.0],"scale":[0.625,0.625,0.625]}}}