{"file_name":"head","texture_size":[64,64],"textures":{"46b4ebba-f864-0e44-a157-5f536ffcfc9b":"modelengine:entity/goblinskeleton"},"elements":[{"name":"body","from":[4.64,6.194818,5.627111],"to":[11.24,7.994818,8.027111],"rotation":{"angle":0.0,"axis":"x","origin":[8.0,-2.9335885,7.419785]},"faces":{"down":{"uv":[2.0,6.0,4.75,7.0],"rotation":0,"texture":"#46b4ebba-f864-0e44-a157-5f536ffcfc9b","tintindex":0},"east":{"uv":[0.75,9.75,1.75,10.5],"rotation":0,"texture":"#46b4ebba-f864-0e44-a157-5f536ffcfc9b","tintindex":0},"north":{"uv":[4.0,7.0,6.75,7.75],"rotation":0,"texture":"#46b4ebba-f864-0e44-a157-5f536ffcfc9b","tintindex":0},"south":{"uv":[6.75,7.0,9.5,7.75],"rotation":0,"texture":"#46b4ebba-f864-0e44-a157-5f536ffcfc9b","tintindex":0},"up":{"uv":[8.25,5.0,5.5,4.0],"rotation":0,"texture":"#46b4ebba-f864-0e44-a157-5f536ffcfc9b","tintindex":0},"west":{"uv":[1.75,10.0,2.75,10.75],"rotation":0,"texture":"#46b4ebba-f864-0e44-a157-5f536ffcfc9b","tintindex":0}}},{"name":"body","from":[4.64,7.994818,5.627111],"to":[11.24,10.994818,10.427111],"rotation":{"angle":0.0,"axis":"x","origin":[8.0,-2.9335885,7.419785]},"faces":{"down":{"uv":[0.0,2.0,2.75,4.0],"rotation":0,"texture":"#46b4ebba-f864-0e44-a157-5f536ffcfc9b","tintindex":0},"east":{"uv":[0.0,6.75,2.0,8.0],"rotation":0,"texture":"#46b4ebba-f864-0e44-a157-5f536ffcfc9b","tintindex":0},"north":{"uv":[0.0,4.0,2.75,5.25],"rotation":0,"texture":"#46b4ebba-f864-0e44-a157-5f536ffcfc9b","tintindex":0},"south":{"uv":[2.75,4.75,5.5,6.0],"rotation":0,"texture":"#46b4ebba-f864-0e44-a157-5f536ffcfc9b","tintindex":0},"up":{"uv":[2.75,2.0,0.0,0.0],"rotation":0,"texture":"#46b4ebba-f864-0e44-a157-5f536ffcfc9b","tintindex":0},"west":{"uv":[2.0,7.0,4.0,8.25],"rotation":0,"texture":"#46b4ebba-f864-0e44-a157-5f536ffcfc9b","tintindex":0}}}],"display":{"head":{"translation":[0.0,-6.4,0.0],"rotation":[0.0,0.0,0.0],"scale":[3.8095,3.8095,3.8095]},"gui":{"translation":[0.0,0.0,0.0],"rotation":[35.0,225.0,0.0],"scale":[0.625,0.625,0.625]}}}