{"file_name":"rightleg","texture_size":[64,64],"textures":{"46b4ebba-f864-0e44-a157-5f536ffcfc9b":"modelengine:entity/goblinskeleton"},"elements":[{"name":"rightleg","from":[7.1,6.0629835,6.88883],"to":[8.9,8.462984,8.68883],"rotation":{"angle":0.0,"axis":"x","origin":[6.6499996,3.7961597,6.6906376]},"faces":{"down":{"uv":[2.0,5.25,2.75,6.0],"rotation":0,"texture":"#46b4ebba-f864-0e44-a157-5f536ffcfc9b","tintindex":0},"east":{"uv":[9.25,7.75,10.0,8.75],"rotation":0,"texture":"#46b4ebba-f864-0e44-a157-5f536ffcfc9b","tintindex":0},"north":{"uv":[4.75,6.0,5.5,7.0],"rotation":0,"texture":"#46b4ebba-f864-0e44-a157-5f536ffcfc9b","tintindex":0},"south":{"uv":[4.0,9.5,4.75,10.5],"rotation":0,"texture":"#46b4ebba-f864-0e44-a157-5f536ffcfc9b","tintindex":0},"up":{"uv":[5.5,4.75,4.75,4.0],"rotation":0,"texture":"#46b4ebba-f864-0e44-a157-5f536ffcfc9b","tintindex":0},"west":{"uv":[5.5,9.5,6.25,10.5],"rotation":0,"texture":"#46b4ebba-f864-0e44-a157-5f536ffcfc9b","tintindex":0}}},{"name":"rightleg","from":[6.95,3.455582,6.8814917],"to":[9.05,5.855582,8.981492],"rotation":{"angle":-22.5,"axis":"x","origin":[6.5,5.6,6.2]},"faces":{"down":{"uv":[7.75,3.0,8.75,4.0],"rotation":0,"texture":"#46b4ebba-f864-0e44-a157-5f536ffcfc9b","tintindex":0},"east":{"uv":[7.25,7.75,8.25,8.75],"rotation":0,"texture":"#46b4ebba-f864-0e44-a157-5f536ffcfc9b","tintindex":0},"north":{"uv":[6.25,7.75,7.25,8.75],"rotation":0,"texture":"#46b4ebba-f864-0e44-a157-5f536ffcfc9b","tintindex":0},"south":{"uv":[7.75,0.0,8.75,1.0],"rotation":0,"texture":"#46b4ebba-f864-0e44-a157-5f536ffcfc9b","tintindex":0},"up":{"uv":[8.75,3.0,7.75,2.0],"rotation":0,"texture":"#46b4ebba-f864-0e44-a157-5f536ffcfc9b","tintindex":0},"west":{"uv":[7.75,1.0,8.75,2.0],"rotation":0,"texture":"#46b4ebba-f864-0e44-a157-5f536ffcfc9b","tintindex":0}}},{"name":"rightleg","from":[6.95,3.455582,6.281492],"to":[9.05,4.655582,6.8814917],"rotation":{"angle":-22.5,"axis":"x","origin":[6.5,5.6,6.2]},"faces":{"down":{"uv":[10.25,0.75,11.25,1.0],"rotation":0,"texture":"#46b4ebba-f864-0e44-a157-5f536ffcfc9b","tintindex":0},"east":{"uv":[4.25,2.0,4.5,2.5],"rotation":0,"texture":"#46b4ebba-f864-0e44-a157-5f536ffcfc9b","tintindex":0},"north":{"uv":[5.5,5.0,6.5,5.5],"rotation":0,"texture":"#46b4ebba-f864-0e44-a157-5f536ffcfc9b","tintindex":0},"south":{"uv":[6.25,3.5,7.25,4.0],"rotation":0,"texture":"#46b4ebba-f864-0e44-a157-5f536ffcfc9b","tintindex":0},"up":{"uv":[11.0,9.25,10.0,9.0],"rotation":0,"texture":"#46b4ebba-f864-0e44-a157-5f536ffcfc9b","tintindex":0},"west":{"uv":[4.5,2.0,4.75,2.5],"rotation":0,"texture":"#46b4ebba-f864-0e44-a157-5f536ffcfc9b","tintindex":0}}}],"display":{"head":{"translation":[0.0,-6.4,0.0],"rotation":[0.0,0.0,0.0],"scale":[3.8095,3.8095,3.8095]},"gui":{"translation":[0.0,0.0,0.0],"rotation":[35.0,225.0,0.0],"scale":[0.625,0.625,0.625]}}}