{"file_name":"leftfoot","texture_size":[64,64],"textures":{"6714a217-f89e-d717-8073-fb3575db65cf":"modelengine:entity/farmer"},"elements":[{"name":"cube","from":[7.1,6.8,8.0],"to":[8.9,8.0,9.8],"rotation":{"angle":0.0,"axis":"x","origin":[10.700001,3.1999998,9.8]},"faces":{"down":{"uv":[11.0,12.0,10.25,12.75],"rotation":0,"texture":"#6714a217-f89e-d717-8073-fb3575db65cf","tintindex":0},"east":{"uv":[5.75,9.75,6.5,10.25],"rotation":0,"texture":"#6714a217-f89e-d717-8073-fb3575db65cf","tintindex":0},"north":{"uv":[7.0,4.0,7.75,4.5],"rotation":0,"texture":"#6714a217-f89e-d717-8073-fb3575db65cf","tintindex":0},"south":{"uv":[11.25,9.75,12.0,10.25],"rotation":0,"texture":"#6714a217-f89e-d717-8073-fb3575db65cf","tintindex":0},"up":{"uv":[12.75,10.5,12.0,9.75],"rotation":0,"texture":"#6714a217-f89e-d717-8073-fb3575db65cf","tintindex":0},"west":{"uv":[11.0,12.0,11.75,12.5],"rotation":0,"texture":"#6714a217-f89e-d717-8073-fb3575db65cf","tintindex":0}}},{"name":"cube","from":[6.8,3.1999998,7.7],"to":[9.2,6.8,10.1],"rotation":{"angle":0.0,"axis":"x","origin":[10.700001,3.1999998,9.8]},"faces":{"down":{"uv":[12.25,6.75,11.25,7.75],"rotation":0,"texture":"#6714a217-f89e-d717-8073-fb3575db65cf","tintindex":0},"east":{"uv":[10.25,5.75,11.25,7.25],"rotation":0,"texture":"#6714a217-f89e-d717-8073-fb3575db65cf","tintindex":0},"north":{"uv":[2.25,9.5,3.25,11.0],"rotation":0,"texture":"#6714a217-f89e-d717-8073-fb3575db65cf","tintindex":0},"south":{"uv":[7.0,10.25,8.0,11.75],"rotation":0,"texture":"#6714a217-f89e-d717-8073-fb3575db65cf","tintindex":0},"up":{"uv":[12.25,6.75,11.25,5.75],"rotation":0,"texture":"#6714a217-f89e-d717-8073-fb3575db65cf","tintindex":0},"west":{"uv":[10.25,7.25,11.25,8.75],"rotation":0,"texture":"#6714a217-f89e-d717-8073-fb3575db65cf","tintindex":0}}},{"name":"cube","from":[6.8,3.1999998,7.1],"to":[9.2,4.3999996,7.7],"rotation":{"angle":0.0,"axis":"x","origin":[10.700001,3.1999998,9.8]},"faces":{"down":{"uv":[11.0,3.5,10.0,3.75],"rotation":0,"texture":"#6714a217-f89e-d717-8073-fb3575db65cf","tintindex":0},"east":{"uv":[7.5,8.5,7.75,9.0],"rotation":0,"texture":"#6714a217-f89e-d717-8073-fb3575db65cf","tintindex":0},"north":{"uv":[12.0,10.5,13.0,11.0],"rotation":0,"texture":"#6714a217-f89e-d717-8073-fb3575db65cf","tintindex":0},"south":{"uv":[12.25,2.25,13.25,2.75],"rotation":0,"texture":"#6714a217-f89e-d717-8073-fb3575db65cf","tintindex":0},"up":{"uv":[9.0,4.0,8.0,3.75],"rotation":0,"texture":"#6714a217-f89e-d717-8073-fb3575db65cf","tintindex":0},"west":{"uv":[2.0,10.5,2.25,11.0],"rotation":0,"texture":"#6714a217-f89e-d717-8073-fb3575db65cf","tintindex":0}}}],"display":{"head":{"translation":[0.0,-6.4,0.0],"rotation":[0.0,0.0,0.0],"scale":[3.8095,3.8095,3.8095]},"gui":{"translation":[0.0,0.0,0.0],"rotation":[35.0,225.0,0.0],"scale":[0.625,0.625,0.625]}}}