{"file_name":"righthand","texture_size":[64,64],"textures":{"6714a217-f89e-d717-8073-fb3575db65cf":"modelengine:entity/farmer"},"elements":[{"name":"cube","from":[7.2350397,2.2666209,-0.41223574],"to":[8.4350395,3.466621,16.987766],"rotation":{"angle":0.0,"axis":"x","origin":[9.2,6.2,16.400002]},"faces":{"down":{"uv":[16.0,8.75,15.5,16.0],"rotation":180,"texture":"#6714a217-f89e-d717-8073-fb3575db65cf","tintindex":0},"east":{"uv":[14.5,16.0,15.0,8.75],"rotation":270,"texture":"#6714a217-f89e-d717-8073-fb3575db65cf","tintindex":0},"north":{"uv":[12.25,15.5,11.75,16.0],"rotation":180,"texture":"#6714a217-f89e-d717-8073-fb3575db65cf","tintindex":0},"south":{"uv":[11.75,15.5,11.25,16.0],"rotation":0,"texture":"#6714a217-f89e-d717-8073-fb3575db65cf","tintindex":0},"up":{"uv":[15.5,8.75,15.0,16.0],"rotation":0,"texture":"#6714a217-f89e-d717-8073-fb3575db65cf","tintindex":0},"west":{"uv":[14.0,16.0,14.5,8.75],"rotation":90,"texture":"#6714a217-f89e-d717-8073-fb3575db65cf","tintindex":0}}},{"name":"cube","from":[5.4350395,3.0350156,-5.779318],"to":[10.23504,3.0350156,-0.3793168],"rotation":{"angle":0.0,"axis":"x","origin":[9.2,6.368395,-2.7670813]},"faces":{"down":{"uv":[16.0,1.25,14.0,3.5],"rotation":180,"texture":"#6714a217-f89e-d717-8073-fb3575db65cf","tintindex":0},"east":{"uv":[0.0,2.25,0.0,0.0],"rotation":270,"texture":"#6714a217-f89e-d717-8073-fb3575db65cf","tintindex":0},"north":{"uv":[2.0,0.0,0.0,0.0],"rotation":180,"texture":"#6714a217-f89e-d717-8073-fb3575db65cf","tintindex":0},"south":{"uv":[2.0,0.0,0.0,0.0],"rotation":0,"texture":"#6714a217-f89e-d717-8073-fb3575db65cf","tintindex":0},"up":{"uv":[16.0,1.25,14.0,3.5],"rotation":0,"texture":"#6714a217-f89e-d717-8073-fb3575db65cf","tintindex":0},"west":{"uv":[0.0,2.25,0.0,0.0],"rotation":90,"texture":"#6714a217-f89e-d717-8073-fb3575db65cf","tintindex":0}}},{"name":"cube","from":[5.4350395,3.063826,-10.099687],"to":[10.23504,3.063826,-7.0996866],"rotation":{"angle":-22.5,"axis":"x","origin":[9.2,6.368395,-6.3670816]},"faces":{"down":{"uv":[16.0,0.0,14.0,1.25],"rotation":180,"texture":"#6714a217-f89e-d717-8073-fb3575db65cf","tintindex":0},"east":{"uv":[0.0,1.25,0.0,0.0],"rotation":270,"texture":"#6714a217-f89e-d717-8073-fb3575db65cf","tintindex":0},"north":{"uv":[2.0,0.0,0.0,0.0],"rotation":180,"texture":"#6714a217-f89e-d717-8073-fb3575db65cf","tintindex":0},"south":{"uv":[2.0,0.0,0.0,0.0],"rotation":0,"texture":"#6714a217-f89e-d717-8073-fb3575db65cf","tintindex":0},"up":{"uv":[16.0,0.0,14.0,1.25],"rotation":0,"texture":"#6714a217-f89e-d717-8073-fb3575db65cf","tintindex":0},"west":{"uv":[0.0,1.25,0.0,0.0],"rotation":90,"texture":"#6714a217-f89e-d717-8073-fb3575db65cf","tintindex":0}}},{"name":"cube","from":[7.1,6.2,6.2],"to":[8.9,8.0,8.0],"rotation":{"angle":0.0,"axis":"x","origin":[3.4999998,-2.2000003,0.19999981]},"faces":{"down":{"uv":[12.0,5.0,12.75,5.75],"rotation":0,"texture":"#6714a217-f89e-d717-8073-fb3575db65cf","tintindex":0},"east":{"uv":[12.75,4.25,12.0,5.0],"rotation":0,"texture":"#6714a217-f89e-d717-8073-fb3575db65cf","tintindex":0},"north":{"uv":[12.5,11.75,11.75,12.5],"rotation":0,"texture":"#6714a217-f89e-d717-8073-fb3575db65cf","tintindex":0},"south":{"uv":[12.75,3.5,12.0,4.25],"rotation":0,"texture":"#6714a217-f89e-d717-8073-fb3575db65cf","tintindex":0},"up":{"uv":[5.0,12.75,5.75,12.0],"rotation":0,"texture":"#6714a217-f89e-d717-8073-fb3575db65cf","tintindex":0},"west":{"uv":[3.5,12.0,2.75,12.75],"rotation":0,"texture":"#6714a217-f89e-d717-8073-fb3575db65cf","tintindex":0}}},{"name":"cube","from":[6.8,3.1999998,5.8999996],"to":[9.2,6.2,8.3],"rotation":{"angle":0.0,"axis":"x","origin":[3.4999998,-2.2000003,0.19999981]},"faces":{"down":{"uv":[9.75,11.0,10.75,12.0],"rotation":0,"texture":"#6714a217-f89e-d717-8073-fb3575db65cf","tintindex":0},"east":{"uv":[11.5,1.25,10.5,2.5],"rotation":0,"texture":"#6714a217-f89e-d717-8073-fb3575db65cf","tintindex":0},"north":{"uv":[1.0,10.5,0.0,11.75],"rotation":0,"texture":"#6714a217-f89e-d717-8073-fb3575db65cf","tintindex":0},"south":{"uv":[2.0,10.5,1.0,11.75],"rotation":0,"texture":"#6714a217-f89e-d717-8073-fb3575db65cf","tintindex":0},"up":{"uv":[8.75,12.0,9.75,11.0],"rotation":0,"texture":"#6714a217-f89e-d717-8073-fb3575db65cf","tintindex":0},"west":{"uv":[11.5,0.0,10.5,1.25],"rotation":0,"texture":"#6714a217-f89e-d717-8073-fb3575db65cf","tintindex":0}}},{"name":"cube","from":[8.0,1.9999998,5.8999996],"to":[9.2,3.1999998,8.3],"rotation":{"angle":0.0,"axis":"x","origin":[3.4999998,-2.2000003,0.19999981]},"faces":{"down":{"uv":[2.75,11.0,3.25,12.0],"rotation":0,"texture":"#6714a217-f89e-d717-8073-fb3575db65cf","tintindex":0},"east":{"uv":[7.5,8.5,6.5,9.0],"rotation":0,"texture":"#6714a217-f89e-d717-8073-fb3575db65cf","tintindex":0},"north":{"uv":[12.75,2.75,12.25,3.25],"rotation":0,"texture":"#6714a217-f89e-d717-8073-fb3575db65cf","tintindex":0},"south":{"uv":[4.5,12.25,4.0,12.75],"rotation":0,"texture":"#6714a217-f89e-d717-8073-fb3575db65cf","tintindex":0},"up":{"uv":[3.25,8.5,3.75,7.5],"rotation":0,"texture":"#6714a217-f89e-d717-8073-fb3575db65cf","tintindex":0},"west":{"uv":[7.0,4.0,6.0,4.5],"rotation":0,"texture":"#6714a217-f89e-d717-8073-fb3575db65cf","tintindex":0}}},{"name":"cube","from":[6.8,1.9999998,5.8999996],"to":[8.0,3.1999998,7.1],"rotation":{"angle":0.0,"axis":"x","origin":[3.4999998,-2.2000003,0.19999981]},"faces":{"down":{"uv":[0.0,12.5,0.5,13.0],"rotation":0,"texture":"#6714a217-f89e-d717-8073-fb3575db65cf","tintindex":0},"east":{"uv":[12.75,6.75,12.25,7.25],"rotation":0,"texture":"#6714a217-f89e-d717-8073-fb3575db65cf","tintindex":0},"north":{"uv":[5.0,12.25,4.5,12.75],"rotation":0,"texture":"#6714a217-f89e-d717-8073-fb3575db65cf","tintindex":0},"south":{"uv":[12.75,6.25,12.25,6.75],"rotation":0,"texture":"#6714a217-f89e-d717-8073-fb3575db65cf","tintindex":0},"up":{"uv":[12.25,7.75,12.75,7.25],"rotation":0,"texture":"#6714a217-f89e-d717-8073-fb3575db65cf","tintindex":0},"west":{"uv":[12.75,5.75,12.25,6.25],"rotation":0,"texture":"#6714a217-f89e-d717-8073-fb3575db65cf","tintindex":0}}}],"display":{"head":{"translation":[0.0,-6.4,0.0],"rotation":[0.0,0.0,0.0],"scale":[3.8095,3.8095,3.8095]},"gui":{"translation":[0.0,0.0,0.0],"rotation":[35.0,225.0,0.0],"scale":[0.625,0.625,0.625]}}}