{"file_name":"head","texture_size":[16,16],"textures":{"027a45bf-7818-8d24-ee58-2e192d619dbc":"modelengine:entity/flamingobaby"},"elements":[{"name":"cube","from":[7.7,8.368512,6.767476],"to":[8.3,8.968513,7.967476],"rotation":{"angle":22.5,"axis":"x","origin":[7.1,8.368512,6.1674757]},"faces":{"down":{"uv":[12.0,0.0,13.0,2.0],"rotation":0,"texture":"#027a45bf-7818-8d24-ee58-2e192d619dbc","tintindex":0},"east":{"uv":[5.0,12.0,7.0,13.0],"rotation":0,"texture":"#027a45bf-7818-8d24-ee58-2e192d619dbc","tintindex":0},"north":{"uv":[10.0,14.0,11.0,15.0],"rotation":0,"texture":"#027a45bf-7818-8d24-ee58-2e192d619dbc","tintindex":0},"south":{"uv":[11.0,14.0,12.0,15.0],"rotation":0,"texture":"#027a45bf-7818-8d24-ee58-2e192d619dbc","tintindex":0},"up":{"uv":[8.0,14.0,7.0,12.0],"rotation":0,"texture":"#027a45bf-7818-8d24-ee58-2e192d619dbc","tintindex":0},"west":{"uv":[12.0,12.0,14.0,13.0],"rotation":0,"texture":"#027a45bf-7818-8d24-ee58-2e192d619dbc","tintindex":0}}},{"name":"cube","from":[7.7,8.138903,6.7218037],"to":[8.3,9.3389015,7.3218036],"rotation":{"angle":0.0,"axis":"x","origin":[7.1,8.138903,5.521804]},"faces":{"down":{"uv":[14.0,0.0,15.0,1.0],"rotation":0,"texture":"#027a45bf-7818-8d24-ee58-2e192d619dbc","tintindex":0},"east":{"uv":[12.0,4.0,13.0,6.0],"rotation":0,"texture":"#027a45bf-7818-8d24-ee58-2e192d619dbc","tintindex":0},"north":{"uv":[12.0,2.0,13.0,4.0],"rotation":0,"texture":"#027a45bf-7818-8d24-ee58-2e192d619dbc","tintindex":0},"south":{"uv":[12.0,6.0,13.0,8.0],"rotation":0,"texture":"#027a45bf-7818-8d24-ee58-2e192d619dbc","tintindex":0},"up":{"uv":[15.0,15.0,14.0,14.0],"rotation":0,"texture":"#027a45bf-7818-8d24-ee58-2e192d619dbc","tintindex":0},"west":{"uv":[12.0,8.0,13.0,10.0],"rotation":0,"texture":"#027a45bf-7818-8d24-ee58-2e192d619dbc","tintindex":0}}},{"name":"cube","from":[7.7,10.187431,7.0732756],"to":[8.3,11.387431,7.6732755],"rotation":{"angle":45.0,"axis":"x","origin":[7.1,10.187431,5.8732758]},"faces":{"down":{"uv":[14.0,2.0,15.0,3.0],"rotation":0,"texture":"#027a45bf-7818-8d24-ee58-2e192d619dbc","tintindex":0},"east":{"uv":[5.0,13.0,6.0,15.0],"rotation":0,"texture":"#027a45bf-7818-8d24-ee58-2e192d619dbc","tintindex":0},"north":{"uv":[12.0,10.0,13.0,12.0],"rotation":0,"texture":"#027a45bf-7818-8d24-ee58-2e192d619dbc","tintindex":0},"south":{"uv":[6.0,13.0,7.0,15.0],"rotation":0,"texture":"#027a45bf-7818-8d24-ee58-2e192d619dbc","tintindex":0},"up":{"uv":[15.0,2.0,14.0,1.0],"rotation":0,"texture":"#027a45bf-7818-8d24-ee58-2e192d619dbc","tintindex":0},"west":{"uv":[12.0,13.0,13.0,15.0],"rotation":0,"texture":"#027a45bf-7818-8d24-ee58-2e192d619dbc","tintindex":0}}},{"name":"cube","from":[7.7,9.763166,7.3945956],"to":[8.3,10.963167,7.994596],"rotation":{"angle":0.0,"axis":"x","origin":[7.1,9.763166,6.1945963]},"faces":{"down":{"uv":[14.0,4.0,15.0,5.0],"rotation":0,"texture":"#027a45bf-7818-8d24-ee58-2e192d619dbc","tintindex":0},"east":{"uv":[13.0,0.0,14.0,2.0],"rotation":0,"texture":"#027a45bf-7818-8d24-ee58-2e192d619dbc","tintindex":0},"north":{"uv":[13.0,13.0,14.0,15.0],"rotation":0,"texture":"#027a45bf-7818-8d24-ee58-2e192d619dbc","tintindex":0},"south":{"uv":[13.0,2.0,14.0,4.0],"rotation":0,"texture":"#027a45bf-7818-8d24-ee58-2e192d619dbc","tintindex":0},"up":{"uv":[15.0,4.0,14.0,3.0],"rotation":0,"texture":"#027a45bf-7818-8d24-ee58-2e192d619dbc","tintindex":0},"west":{"uv":[13.0,4.0,14.0,6.0],"rotation":0,"texture":"#027a45bf-7818-8d24-ee58-2e192d619dbc","tintindex":0}}},{"name":"cube","from":[7.4,10.679682,6.630459],"to":[8.6,11.879683,7.830459],"rotation":{"angle":0.0,"axis":"x","origin":[7.4,10.679682,4.830459]},"faces":{"down":{"uv":[4.0,10.0,6.0,12.0],"rotation":0,"texture":"#027a45bf-7818-8d24-ee58-2e192d619dbc","tintindex":0},"east":{"uv":[3.0,8.0,5.0,10.0],"rotation":0,"texture":"#027a45bf-7818-8d24-ee58-2e192d619dbc","tintindex":0},"north":{"uv":[3.0,6.0,5.0,8.0],"rotation":0,"texture":"#027a45bf-7818-8d24-ee58-2e192d619dbc","tintindex":0},"south":{"uv":[8.0,6.0,10.0,8.0],"rotation":0,"texture":"#027a45bf-7818-8d24-ee58-2e192d619dbc","tintindex":0},"up":{"uv":[4.0,12.0,2.0,10.0],"rotation":0,"texture":"#027a45bf-7818-8d24-ee58-2e192d619dbc","tintindex":0},"west":{"uv":[0.0,9.0,2.0,11.0],"rotation":0,"texture":"#027a45bf-7818-8d24-ee58-2e192d619dbc","tintindex":0}}},{"name":"cube","from":[7.7,10.679682,6.0304594],"to":[8.3,11.279682,6.630459],"rotation":{"angle":0.0,"axis":"x","origin":[7.1,10.679682,4.830459]},"faces":{"down":{"uv":[9.0,14.0,10.0,15.0],"rotation":0,"texture":"#027a45bf-7818-8d24-ee58-2e192d619dbc","tintindex":0},"east":{"uv":[0.0,14.0,1.0,15.0],"rotation":0,"texture":"#027a45bf-7818-8d24-ee58-2e192d619dbc","tintindex":0},"north":{"uv":[2.0,9.0,3.0,10.0],"rotation":0,"texture":"#027a45bf-7818-8d24-ee58-2e192d619dbc","tintindex":0},"south":{"uv":[1.0,14.0,2.0,15.0],"rotation":0,"texture":"#027a45bf-7818-8d24-ee58-2e192d619dbc","tintindex":0},"up":{"uv":[9.0,15.0,8.0,14.0],"rotation":0,"texture":"#027a45bf-7818-8d24-ee58-2e192d619dbc","tintindex":0},"west":{"uv":[7.0,14.0,8.0,15.0],"rotation":0,"texture":"#027a45bf-7818-8d24-ee58-2e192d619dbc","tintindex":0}}},{"name":"cube","from":[7.7,9.582626,6.3819304],"to":[8.3,10.182626,6.9819307],"rotation":{"angle":-45.0,"axis":"x","origin":[7.1,9.582626,5.1819305]},"faces":{"down":{"uv":[14.0,12.0,15.0,13.0],"rotation":0,"texture":"#027a45bf-7818-8d24-ee58-2e192d619dbc","tintindex":0},"east":{"uv":[14.0,6.0,15.0,7.0],"rotation":0,"texture":"#027a45bf-7818-8d24-ee58-2e192d619dbc","tintindex":0},"north":{"uv":[14.0,5.0,15.0,6.0],"rotation":0,"texture":"#027a45bf-7818-8d24-ee58-2e192d619dbc","tintindex":0},"south":{"uv":[14.0,7.0,15.0,8.0],"rotation":0,"texture":"#027a45bf-7818-8d24-ee58-2e192d619dbc","tintindex":0},"up":{"uv":[15.0,10.0,14.0,9.0],"rotation":0,"texture":"#027a45bf-7818-8d24-ee58-2e192d619dbc","tintindex":0},"west":{"uv":[14.0,8.0,15.0,9.0],"rotation":0,"texture":"#027a45bf-7818-8d24-ee58-2e192d619dbc","tintindex":0}}}],"display":{"head":{"translation":[0.0,-6.4,0.0],"rotation":[0.0,0.0,0.0],"scale":[3.8095,3.8095,3.8095]},"gui":{"translation":[0.0,0.0,0.0],"rotation":[35.0,225.0,0.0],"scale":[0.625,0.625,0.625]}}}