{"textures":{"0":"modelengine:entity/dragonfly4"},"elements":[{"name":"cube","from":[6.26,5.851964,6.4557705],"to":[9.860001,8.251965,8.855771],"rotation":{"angle":0.0,"axis":"x","origin":[8.0,3.7158918,9.3673115]},"faces":{"down":{"uv":[3.9995,3.7505,2.5005,4.7495],"rotation":0,"texture":"#0","tintindex":0},"east":{"uv":[5.0E-4,4.7505,0.9995,5.7495],"rotation":0,"texture":"#0","tintindex":0},"north":{"uv":[1.0005,4.7505,2.4995,5.7495],"rotation":0,"texture":"#0","tintindex":0},"south":{"uv":[3.5005,4.7505,4.9995,5.7495],"rotation":0,"texture":"#0","tintindex":0},"up":{"uv":[2.4995,4.7495,1.0005,3.7505],"rotation":0,"texture":"#0","tintindex":0},"west":{"uv":[2.5005,4.7505,3.4995,5.7495],"rotation":0,"texture":"#0","tintindex":0}}},{"name":"cube","from":[6.83,3.465786,7.23811],"to":[9.23,4.065786,9.038111],"rotation":{"angle":45.0,"axis":"x","origin":[8.0,3.7158918,10.807312]},"faces":{"down":{"uv":[6.7495,3.7505,5.7505,4.4995],"rotation":0,"texture":"#0","tintindex":0},"east":{"uv":[4.0005,4.5005,4.7495,4.7495],"rotation":0,"texture":"#0","tintindex":0},"north":{"uv":[4.7505,4.5005,5.7495,4.7495],"rotation":0,"texture":"#0","tintindex":0},"south":{"uv":[6.5005,4.5005,7.4995,4.7495],"rotation":0,"texture":"#0","tintindex":0},"up":{"uv":[5.7495,4.4995,4.7505,3.7505],"rotation":0,"texture":"#0","tintindex":0},"west":{"uv":[5.7505,4.5005,6.4995,4.7495],"rotation":0,"texture":"#0","tintindex":0}}}],"display":{"head":{"translation":[0.0,-6.4,0.0],"rotation":[0.0,0.0,0.0],"scale":[3.8095,3.8095,3.8095]}}}