{"textures":{"0":"modelengine:entity/dragonfly4"},"elements":[{"name":"cube","from":[13.271976,3.1645231,7.566649],"to":[13.931976,6.4645233,8.226649],"rotation":{"angle":45.0,"axis":"z","origin":[9.09263,0.45506334,9.301216]},"faces":{"down":{"uv":[1.5005,1.0005,1.7495,1.2495],"rotation":0,"texture":"#0","tintindex":0},"east":{"uv":[1.7495,1.2505,1.5005,2.4995],"rotation":0,"texture":"#0","tintindex":0},"north":{"uv":[1.4995,1.2505,1.2505,2.4995],"rotation":0,"texture":"#0","tintindex":0},"south":{"uv":[1.9995,1.2505,1.7505,2.4995],"rotation":0,"texture":"#0","tintindex":0},"up":{"uv":[1.2505,1.2495,1.4995,1.0005],"rotation":0,"texture":"#0","tintindex":0},"west":{"uv":[1.2495,1.2505,1.0005,2.4995],"rotation":0,"texture":"#0","tintindex":0}}},{"name":"cube","from":[6.3656626,2.8112743,7.566649],"to":[7.025663,6.771274,8.226649],"rotation":{"angle":-22.5,"axis":"z","origin":[6.352801,-2.699329,9.301216]},"faces":{"down":{"uv":[0.5005,1.0005,0.7495,1.2495],"rotation":0,"texture":"#0","tintindex":0},"east":{"uv":[0.7495,1.2505,0.5005,2.7495],"rotation":0,"texture":"#0","tintindex":0},"north":{"uv":[0.4995,1.2505,0.2505,2.7495],"rotation":0,"texture":"#0","tintindex":0},"south":{"uv":[0.9995,1.2505,0.7505,2.7495],"rotation":0,"texture":"#0","tintindex":0},"up":{"uv":[0.2505,1.2495,0.4995,1.0005],"rotation":0,"texture":"#0","tintindex":0},"west":{"uv":[0.2495,1.2505,5.0E-4,2.7495],"rotation":0,"texture":"#0","tintindex":0}}},{"name":"cube","from":[7.9271894,0.77964234,7.565989],"to":[9.24719,3.4196422,7.565989],"rotation":{"angle":-22.5,"axis":"z","origin":[5.9343276,3.1890392,11.280557]},"faces":{"down":{"uv":[2.5005,2.0005,2.9995,2.0005],"rotation":0,"texture":"#0","tintindex":0},"east":{"uv":[2.5005,2.0005,2.5005,2.9995],"rotation":0,"texture":"#0","tintindex":0},"north":{"uv":[2.4995,2.0005,2.0005,2.9995],"rotation":0,"texture":"#0","tintindex":0},"south":{"uv":[2.9995,2.0005,2.5005,2.9995],"rotation":0,"texture":"#0","tintindex":0},"up":{"uv":[2.0005,2.0005,2.4995,2.0005],"rotation":0,"texture":"#0","tintindex":0},"west":{"uv":[2.0005,2.0005,2.0005,2.9995],"rotation":0,"texture":"#0","tintindex":0}}}],"display":{"head":{"translation":[0.0,-6.4,0.0],"rotation":[0.0,0.0,0.0],"scale":[3.8095,3.8095,3.8095]}}}