{"file_name":"head","texture_size":[64,64],"textures":{"e6730ab1-8497-c96f-ef6d-93627df3e0ff":"modelengine:entity/shark"},"elements":[{"name":"cube","from":[2.8271496,8.622762,6.335072],"to":[7.8219337,11.120153,9.664928],"rotation":{"angle":0.0,"axis":"x","origin":[5.324542,9.871458,8.0]},"faces":{"down":{"uv":[7.75,3.5,9.25,4.5],"rotation":0,"texture":"#e6730ab1-8497-c96f-ef6d-93627df3e0ff","tintindex":0},"east":{"uv":[0.0,8.5,1.0,9.25],"rotation":0,"texture":"#e6730ab1-8497-c96f-ef6d-93627df3e0ff","tintindex":0},"north":{"uv":[8.0,5.5,9.5,6.25],"rotation":0,"texture":"#e6730ab1-8497-c96f-ef6d-93627df3e0ff","tintindex":0},"south":{"uv":[1.0,8.25,2.5,9.0],"rotation":0,"texture":"#e6730ab1-8497-c96f-ef6d-93627df3e0ff","tintindex":0},"up":{"uv":[9.25,8.75,7.75,7.75],"rotation":0,"texture":"#e6730ab1-8497-c96f-ef6d-93627df3e0ff","tintindex":0},"west":{"uv":[8.5,0.0,9.5,0.75],"rotation":0,"texture":"#e6730ab1-8497-c96f-ef6d-93627df3e0ff","tintindex":0}}},{"name":"cube","from":[6.1570063,6.957834,6.335072],"to":[7.8219337,8.622762,9.664928],"rotation":{"angle":0.0,"axis":"x","origin":[6.98947,7.790298,8.0]},"faces":{"down":{"uv":[3.5,9.0,4.0,10.0],"rotation":0,"texture":"#e6730ab1-8497-c96f-ef6d-93627df3e0ff","tintindex":0},"east":{"uv":[1.0,9.0,2.0,9.5],"rotation":0,"texture":"#e6730ab1-8497-c96f-ef6d-93627df3e0ff","tintindex":0},"north":{"uv":[2.0,3.5,2.5,4.0],"rotation":0,"texture":"#e6730ab1-8497-c96f-ef6d-93627df3e0ff","tintindex":0},"south":{"uv":[1.5,5.0,2.0,5.5],"rotation":0,"texture":"#e6730ab1-8497-c96f-ef6d-93627df3e0ff","tintindex":0},"up":{"uv":[3.5,10.0,3.0,9.0],"rotation":0,"texture":"#e6730ab1-8497-c96f-ef6d-93627df3e0ff","tintindex":0},"west":{"uv":[2.0,9.0,3.0,9.5],"rotation":0,"texture":"#e6730ab1-8497-c96f-ef6d-93627df3e0ff","tintindex":0}}}],"display":{"head":{"translation":[0.0,-6.4,0.0],"rotation":[0.0,0.0,0.0],"scale":[3.8095,3.8095,3.8095]},"gui":{"translation":[0.0,0.0,0.0],"rotation":[35.0,225.0,0.0],"scale":[0.625,0.625,0.625]}}}