{"file_name":"jaw","texture_size":[64,64],"textures":{"e6730ab1-8497-c96f-ef6d-93627df3e0ff":"modelengine:entity/shark"},"elements":[{"name":"cube","from":[3.2666965,6.7669992,6.543188],"to":[7.4290166,8.015696,9.456812],"rotation":{"angle":0.0,"axis":"x","origin":[5.3478565,7.391347,8.0]},"faces":{"down":{"uv":[8.0,1.5,9.25,2.5],"rotation":0,"texture":"#e6730ab1-8497-c96f-ef6d-93627df3e0ff","tintindex":0},"east":{"uv":[5.5,9.0,6.5,9.5],"rotation":0,"texture":"#e6730ab1-8497-c96f-ef6d-93627df3e0ff","tintindex":0},"north":{"uv":[5.5,5.0,6.75,5.5],"rotation":0,"texture":"#e6730ab1-8497-c96f-ef6d-93627df3e0ff","tintindex":0},"south":{"uv":[8.5,0.75,9.75,1.25],"rotation":0,"texture":"#e6730ab1-8497-c96f-ef6d-93627df3e0ff","tintindex":0},"up":{"uv":[9.0,7.5,7.75,6.5],"rotation":0,"texture":"#e6730ab1-8497-c96f-ef6d-93627df3e0ff","tintindex":0},"west":{"uv":[6.5,9.0,7.5,9.5],"rotation":0,"texture":"#e6730ab1-8497-c96f-ef6d-93627df3e0ff","tintindex":0}}},{"name":"cube","from":[3.2666965,8.015696,6.543188],"to":[7.4290166,9.264391,9.456812],"rotation":{"angle":0.0,"axis":"x","origin":[5.3478565,8.640043,8.0]},"faces":{"down":{"uv":[8.0,4.5,9.25,5.5],"rotation":0,"texture":"#e6730ab1-8497-c96f-ef6d-93627df3e0ff","tintindex":0},"east":{"uv":[9.0,7.25,10.0,7.75],"rotation":0,"texture":"#e6730ab1-8497-c96f-ef6d-93627df3e0ff","tintindex":0},"north":{"uv":[4.25,8.75,5.5,9.25],"rotation":0,"texture":"#e6730ab1-8497-c96f-ef6d-93627df3e0ff","tintindex":0},"south":{"uv":[7.5,8.75,8.75,9.25],"rotation":0,"texture":"#e6730ab1-8497-c96f-ef6d-93627df3e0ff","tintindex":0},"up":{"uv":[9.25,3.5,8.0,2.5],"rotation":0,"texture":"#e6730ab1-8497-c96f-ef6d-93627df3e0ff","tintindex":0},"west":{"uv":[4.5,9.25,5.5,9.75],"rotation":0,"texture":"#e6730ab1-8497-c96f-ef6d-93627df3e0ff","tintindex":0}}}],"display":{"head":{"translation":[0.0,-6.4,0.0],"rotation":[0.0,0.0,0.0],"scale":[3.8095,3.8095,3.8095]},"gui":{"translation":[0.0,0.0,0.0],"rotation":[35.0,225.0,0.0],"scale":[0.625,0.625,0.625]}}}