{"file_name":"neck","texture_size":[64,64],"textures":{"e6730ab1-8497-c96f-ef6d-93627df3e0ff":"modelengine:entity/shark"},"elements":[{"name":"cube","from":[4.0758457,6.81909,5.9188395],"to":[8.238167,11.813874,10.08116],"rotation":{"angle":0.0,"axis":"x","origin":[6.1570063,9.316482,8.0]},"faces":{"down":{"uv":[3.5,7.25,4.75,8.5],"rotation":0,"texture":"#e6730ab1-8497-c96f-ef6d-93627df3e0ff","tintindex":0},"east":{"uv":[5.5,3.5,6.75,5.0],"rotation":0,"texture":"#e6730ab1-8497-c96f-ef6d-93627df3e0ff","tintindex":0},"north":{"uv":[5.5,5.5,6.75,7.0],"rotation":0,"texture":"#e6730ab1-8497-c96f-ef6d-93627df3e0ff","tintindex":0},"south":{"uv":[3.5,5.75,4.75,7.25],"rotation":0,"texture":"#e6730ab1-8497-c96f-ef6d-93627df3e0ff","tintindex":0},"up":{"uv":[8.0,6.5,6.75,5.25],"rotation":0,"texture":"#e6730ab1-8497-c96f-ef6d-93627df3e0ff","tintindex":0},"west":{"uv":[6.25,0.0,7.5,1.5],"rotation":0,"texture":"#e6730ab1-8497-c96f-ef6d-93627df3e0ff","tintindex":0}}}],"display":{"head":{"translation":[0.0,-6.4,0.0],"rotation":[0.0,0.0,0.0],"scale":[3.8095,3.8095,3.8095]},"gui":{"translation":[0.0,0.0,0.0],"rotation":[35.0,225.0,0.0],"scale":[0.625,0.625,0.625]}}}