{"file_name":"tail1","texture_size":[64,64],"textures":{"e6730ab1-8497-c96f-ef6d-93627df3e0ff":"modelengine:entity/shark"},"elements":[{"name":"cube","from":[7.988427,5.8784046,6.335072],"to":[14.648139,10.456957,9.664928],"rotation":{"angle":0.0,"axis":"x","origin":[11.318283,8.167681,8.0]},"faces":{"down":{"uv":[1.5,5.5,3.5,6.5],"rotation":0,"texture":"#e6730ab1-8497-c96f-ef6d-93627df3e0ff","tintindex":0},"east":{"uv":[5.75,7.0,6.75,8.5],"rotation":0,"texture":"#e6730ab1-8497-c96f-ef6d-93627df3e0ff","tintindex":0},"north":{"uv":[0.0,3.5,2.0,5.0],"rotation":0,"texture":"#e6730ab1-8497-c96f-ef6d-93627df3e0ff","tintindex":0},"south":{"uv":[2.0,4.0,4.0,5.5],"rotation":0,"texture":"#e6730ab1-8497-c96f-ef6d-93627df3e0ff","tintindex":0},"up":{"uv":[4.5,2.5,2.5,1.5],"rotation":0,"texture":"#e6730ab1-8497-c96f-ef6d-93627df3e0ff","tintindex":0},"west":{"uv":[7.5,0.0,8.5,1.5],"rotation":0,"texture":"#e6730ab1-8497-c96f-ef6d-93627df3e0ff","tintindex":0}}},{"name":"cube","from":[11.80593,9.606535,7.583768],"to":[13.470858,11.271462,8.416232],"rotation":{"angle":-45.0,"axis":"z","origin":[12.638393,10.438999,8.0]},"faces":{"down":{"uv":[2.5,9.5,3.0,9.75],"rotation":0,"texture":"#e6730ab1-8497-c96f-ef6d-93627df3e0ff","tintindex":0},"east":{"uv":[7.75,4.5,8.0,5.0],"rotation":0,"texture":"#e6730ab1-8497-c96f-ef6d-93627df3e0ff","tintindex":0},"north":{"uv":[5.0,3.5,5.5,4.0],"rotation":0,"texture":"#e6730ab1-8497-c96f-ef6d-93627df3e0ff","tintindex":0},"south":{"uv":[9.25,5.0,9.75,5.5],"rotation":0,"texture":"#e6730ab1-8497-c96f-ef6d-93627df3e0ff","tintindex":0},"up":{"uv":[2.5,9.75,2.0,9.5],"rotation":0,"texture":"#e6730ab1-8497-c96f-ef6d-93627df3e0ff","tintindex":0},"west":{"uv":[1.75,9.5,2.0,10.0],"rotation":0,"texture":"#e6730ab1-8497-c96f-ef6d-93627df3e0ff","tintindex":0}}},{"name":"cube","from":[9.653356,4.2996817,5.5531054],"to":[11.318283,7.6295376,6.3855696],"rotation":{"angle":45.0,"axis":"x","origin":[10.485819,5.9646096,5.9693375]},"faces":{"down":{"uv":[9.25,8.75,9.75,9.0],"rotation":0,"texture":"#e6730ab1-8497-c96f-ef6d-93627df3e0ff","tintindex":0},"east":{"uv":[9.25,3.0,9.5,4.0],"rotation":0,"texture":"#e6730ab1-8497-c96f-ef6d-93627df3e0ff","tintindex":0},"north":{"uv":[9.0,6.25,9.5,7.25],"rotation":0,"texture":"#e6730ab1-8497-c96f-ef6d-93627df3e0ff","tintindex":0},"south":{"uv":[0.0,9.25,0.5,10.25],"rotation":0,"texture":"#e6730ab1-8497-c96f-ef6d-93627df3e0ff","tintindex":0},"up":{"uv":[4.75,8.75,4.25,8.5],"rotation":0,"texture":"#e6730ab1-8497-c96f-ef6d-93627df3e0ff","tintindex":0},"west":{"uv":[9.25,4.0,9.5,5.0],"rotation":0,"texture":"#e6730ab1-8497-c96f-ef6d-93627df3e0ff","tintindex":0}}},{"name":"cube","from":[9.653356,4.2996817,9.614431],"to":[11.318283,7.6295376,10.446895],"rotation":{"angle":-45.0,"axis":"x","origin":[10.485819,5.9646096,10.030663]},"faces":{"down":{"uv":[1.25,9.5,1.75,9.75],"rotation":0,"texture":"#e6730ab1-8497-c96f-ef6d-93627df3e0ff","tintindex":0},"east":{"uv":[9.25,7.75,9.5,8.75],"rotation":0,"texture":"#e6730ab1-8497-c96f-ef6d-93627df3e0ff","tintindex":0},"north":{"uv":[0.5,9.25,1.0,10.25],"rotation":0,"texture":"#e6730ab1-8497-c96f-ef6d-93627df3e0ff","tintindex":0},"south":{"uv":[4.0,9.25,4.5,10.25],"rotation":0,"texture":"#e6730ab1-8497-c96f-ef6d-93627df3e0ff","tintindex":0},"up":{"uv":[9.75,9.25,9.25,9.0],"rotation":0,"texture":"#e6730ab1-8497-c96f-ef6d-93627df3e0ff","tintindex":0},"west":{"uv":[1.0,9.5,1.25,10.5],"rotation":0,"texture":"#e6730ab1-8497-c96f-ef6d-93627df3e0ff","tintindex":0}}}],"display":{"head":{"translation":[0.0,-6.4,0.0],"rotation":[0.0,0.0,0.0],"scale":[3.8095,3.8095,3.8095]},"gui":{"translation":[0.0,0.0,0.0],"rotation":[35.0,225.0,0.0],"scale":[0.625,0.625,0.625]}}}