{"textures":{"0":"modelengine:entity/vs_wizard"},"elements":[{"name":"cube","from":[6.9929442,9.35114,7.768163],"to":[8.762944,9.951139,8.9681635],"rotation":{"angle":0.0,"axis":"x","origin":[7.592944,4.2511396,7.1681633]},"faces":{"down":{"uv":[7.4375,8.125,7.0625,8.375],"rotation":0,"texture":"#0","tintindex":0},"east":{"uv":[8.5625,6.8125,8.8125,6.9375],"rotation":0,"texture":"#0","tintindex":0},"north":{"uv":[8.4375,0.75,8.8125,0.875],"rotation":0,"texture":"#0","tintindex":0},"south":{"uv":[8.4375,1.4375,8.8125,1.5625],"rotation":0,"texture":"#0","tintindex":0},"up":{"uv":[8.5,4.5625,8.125,4.3125],"rotation":0,"texture":"#0","tintindex":0},"west":{"uv":[8.5625,6.9375,8.8125,7.0625],"rotation":0,"texture":"#0","tintindex":0}}},{"name":"cube","from":[6.1229444,4.2511396,7.1681633],"to":[9.722944,9.501141,9.868164],"rotation":{"angle":0.0,"axis":"x","origin":[7.592944,4.2511396,7.1681633]},"faces":{"down":{"uv":[5.375,6.125,4.625,6.6875],"rotation":0,"texture":"#0","tintindex":0},"east":{"uv":[1.3125,3.8125,0.75,4.90625],"rotation":0,"texture":"#0","tintindex":0},"north":{"uv":[0.0,3.75,0.75,4.84375],"rotation":0,"texture":"#0","tintindex":0},"south":{"uv":[1.8125,2.0,2.54375,3.09375],"rotation":0,"texture":"#0","tintindex":0},"up":{"uv":[2.25,6.5625,1.5,6.0],"rotation":0,"texture":"#0","tintindex":0},"west":{"uv":[0.75,3.8125,1.3125,4.90625],"rotation":0,"texture":"#0","tintindex":0}}},{"name":"cube","from":[3.0329442,8.15114,7.198163],"to":[12.602944,9.35114,9.838163],"rotation":{"angle":0.0,"axis":"x","origin":[7.532944,4.2511396,7.1681633]},"faces":{"down":{"uv":[6.875,0.5625,4.875,1.125],"rotation":0,"texture":"#0","tintindex":0},"east":{"uv":[7.6875,3.625,8.25,3.875],"rotation":0,"texture":"#0","tintindex":0},"north":{"uv":[5.6875,1.75,7.6875,2.0],"rotation":0,"texture":"#0","tintindex":0},"south":{"uv":[5.6875,2.0,7.6875,2.25],"rotation":0,"texture":"#0","tintindex":0},"up":{"uv":[6.875,0.5625,4.875,0.0],"rotation":0,"texture":"#0","tintindex":0},"west":{"uv":[8.25,3.625,7.6875,3.875],"rotation":0,"texture":"#0","tintindex":0}}},{"name":"cube","from":[3.0329442,6.56114,7.198163],"to":[12.602944,8.15114,7.198163],"rotation":{"angle":0.0,"axis":"x","origin":[7.532944,4.2511396,7.1681633]},"faces":{"down":{"uv":[2.0,0.0,0.0,0.0],"rotation":0,"texture":"#0","tintindex":0},"east":{"uv":[0.0,0.0,0.0,0.3125],"rotation":0,"texture":"#0","tintindex":0},"north":{"uv":[4.875,3.0,6.86875,3.33125],"rotation":0,"texture":"#0","tintindex":0},"south":{"uv":[6.86875,3.0,4.875,3.33125],"rotation":0,"texture":"#0","tintindex":0},"up":{"uv":[2.0,0.0,0.0,0.0],"rotation":0,"texture":"#0","tintindex":0},"west":{"uv":[0.0,0.0,0.0,0.3125],"rotation":0,"texture":"#0","tintindex":0}}},{"name":"cube","from":[3.0329442,6.56114,9.838163],"to":[12.602944,8.15114,9.838163],"rotation":{"angle":0.0,"axis":"x","origin":[7.532944,4.2511396,7.1681633]},"faces":{"down":{"uv":[2.0,0.0,0.0,0.0],"rotation":0,"texture":"#0","tintindex":0},"east":{"uv":[0.0,0.0,0.0,0.3125],"rotation":0,"texture":"#0","tintindex":0},"north":{"uv":[6.86875,3.0,4.875,3.33125],"rotation":0,"texture":"#0","tintindex":0},"south":{"uv":[4.875,3.0,6.86875,3.33125],"rotation":0,"texture":"#0","tintindex":0},"up":{"uv":[2.0,0.0,0.0,0.0],"rotation":0,"texture":"#0","tintindex":0},"west":{"uv":[0.0,0.0,0.0,0.3125],"rotation":0,"texture":"#0","tintindex":0}}},{"name":"cube","from":[12.602944,6.56114,7.198163],"to":[12.602944,8.15114,9.838163],"rotation":{"angle":0.0,"axis":"x","origin":[7.532944,4.2511396,7.1681633]},"faces":{"down":{"uv":[0.0,0.0,0.0,0.5625],"rotation":0,"texture":"#0","tintindex":0},"east":{"uv":[7.4375,6.3125,7.9875,6.64375],"rotation":0,"texture":"#0","tintindex":0},"north":{"uv":[0.0,0.0,0.0,0.3125],"rotation":0,"texture":"#0","tintindex":0},"south":{"uv":[0.0,0.0,0.0,0.3125],"rotation":0,"texture":"#0","tintindex":0},"up":{"uv":[0.0,0.5625,0.0,0.0],"rotation":0,"texture":"#0","tintindex":0},"west":{"uv":[7.9875,6.3125,7.4375,6.64375],"rotation":0,"texture":"#0","tintindex":0}}},{"name":"cube","from":[3.0329442,6.56114,7.198163],"to":[3.0329442,8.15114,9.838163],"rotation":{"angle":0.0,"axis":"x","origin":[7.532944,4.2511396,7.1681633]},"faces":{"down":{"uv":[0.0,0.0,0.0,0.5625],"rotation":0,"texture":"#0","tintindex":0},"east":{"uv":[6.425,7.375,5.875,7.70625],"rotation":0,"texture":"#0","tintindex":0},"north":{"uv":[0.0,0.0,0.0,0.3125],"rotation":0,"texture":"#0","tintindex":0},"south":{"uv":[0.0,0.0,0.0,0.3125],"rotation":0,"texture":"#0","tintindex":0},"up":{"uv":[0.0,0.5625,0.0,0.0],"rotation":0,"texture":"#0","tintindex":0},"west":{"uv":[5.875,7.375,6.425,7.70625],"rotation":0,"texture":"#0","tintindex":0}}},{"name":"cube","from":[6.1229444,0.95113945,7.1681633],"to":[9.722944,4.2511396,7.1681633],"rotation":{"angle":0.0,"axis":"x","origin":[7.592944,4.2511396,7.1681633]},"faces":{"down":{"uv":[5.375,6.125,4.625,6.6875],"rotation":0,"texture":"#0","tintindex":0},"east":{"uv":[1.3125,3.8125,0.75,4.90625],"rotation":0,"texture":"#0","tintindex":0},"north":{"uv":[0.0,10.125,0.75,10.8125],"rotation":0,"texture":"#0","tintindex":0},"south":{"uv":[0.75,10.125,0.0,10.8125],"rotation":0,"texture":"#0","tintindex":0},"up":{"uv":[2.25,6.5625,1.5,6.0],"rotation":0,"texture":"#0","tintindex":0},"west":{"uv":[1.9375,10.25,2.5,11.34375],"rotation":0,"texture":"#0","tintindex":0}}},{"name":"cube","from":[9.722944,-0.99886036,7.1681633],"to":[9.722944,4.2511396,9.868164],"rotation":{"angle":0.0,"axis":"x","origin":[7.592944,4.2511396,7.1681633]},"faces":{"down":{"uv":[5.375,6.125,4.625,6.6875],"rotation":0,"texture":"#0","tintindex":0},"east":{"uv":[10.875,6.4375,10.3125,7.53125],"rotation":0,"texture":"#0","tintindex":0},"north":{"uv":[9.0625,7.5625,9.0625,8.65625],"rotation":0,"texture":"#0","tintindex":0},"south":{"uv":[1.8125,2.0,2.54375,3.09375],"rotation":0,"texture":"#0","tintindex":0},"up":{"uv":[2.25,6.5625,1.5,6.0],"rotation":0,"texture":"#0","tintindex":0},"west":{"uv":[11.4375,4.375,12.0,5.46875],"rotation":0,"texture":"#0","tintindex":0}}},{"name":"cube","from":[6.1229444,-0.99886036,7.1681633],"to":[6.1229444,4.2511396,9.868164],"rotation":{"angle":0.0,"axis":"x","origin":[7.592944,4.2511396,7.1681633]},"faces":{"down":{"uv":[5.375,6.125,4.625,6.6875],"rotation":0,"texture":"#0","tintindex":0},"east":{"uv":[12.0,4.375,11.4375,5.46875],"rotation":0,"texture":"#0","tintindex":0},"north":{"uv":[9.0625,7.5625,9.0625,8.65625],"rotation":0,"texture":"#0","tintindex":0},"south":{"uv":[1.8125,2.0,2.54375,3.09375],"rotation":0,"texture":"#0","tintindex":0},"up":{"uv":[2.25,6.5625,1.5,6.0],"rotation":0,"texture":"#0","tintindex":0},"west":{"uv":[10.3125,6.4375,10.875,7.53125],"rotation":0,"texture":"#0","tintindex":0}}}],"display":{"head":{"translation":[0.0,-6.4,0.0],"rotation":[0.0,0.0,0.0],"scale":[3.8095,3.8095,3.8095]}}}