{"textures":{"0":"modelengine:entity/vs_wizard"},"elements":[{"name":"cube","from":[4.340087,10.568282,4.725306],"to":[11.540087,10.868282,11.625306],"rotation":{"angle":0.0,"axis":"x","origin":[7.640087,2.678282,6.825306]},"faces":{"down":{"uv":[10.8125,0.125,9.3125,1.5625],"rotation":0,"texture":"#0","tintindex":0},"east":{"uv":[0.0,0.0,1.4375,0.0625],"rotation":0,"texture":"#0","tintindex":0},"north":{"uv":[0.0,0.0,1.5,0.0625],"rotation":0,"texture":"#0","tintindex":0},"south":{"uv":[0.0,0.0,1.5,0.0625],"rotation":0,"texture":"#0","tintindex":0},"up":{"uv":[10.8125,3.0625,9.3125,1.625],"rotation":0,"texture":"#0","tintindex":0},"west":{"uv":[0.0,0.0,1.4375,0.0625],"rotation":0,"texture":"#0","tintindex":0}}},{"name":"cube","from":[6.740087,8.378283,6.825306],"to":[9.140087,10.778282,9.2253065],"rotation":{"angle":0.0,"axis":"x","origin":[7.640087,2.678282,6.825306]},"faces":{"down":{"uv":[1.5,6.6875,1.0,7.1875],"rotation":0,"texture":"#0","tintindex":0},"east":{"uv":[6.625,5.9375,7.125,6.4375],"rotation":0,"texture":"#0","tintindex":0},"north":{"uv":[6.625,4.8125,7.125,5.3125],"rotation":0,"texture":"#0","tintindex":0},"south":{"uv":[6.625,6.4375,7.125,6.9375],"rotation":0,"texture":"#0","tintindex":0},"up":{"uv":[1.0,7.1875,0.5,6.6875],"rotation":0,"texture":"#0","tintindex":0},"west":{"uv":[0.0,6.6875,0.5,7.1875],"rotation":0,"texture":"#0","tintindex":0}}},{"name":"cube","from":[6.260087,7.118282,6.765306],"to":[9.620088,9.218283,7.815306],"rotation":{"angle":0.0,"axis":"x","origin":[7.640087,2.678282,6.825306]},"faces":{"down":{"uv":[2.5625,7.75,1.875,7.9375],"rotation":0,"texture":"#0","tintindex":0},"east":{"uv":[4.9375,7.1875,5.125,7.625],"rotation":0,"texture":"#0","tintindex":0},"north":{"uv":[6.375,5.5,7.0625,5.9375],"rotation":0,"texture":"#0","tintindex":0},"south":{"uv":[6.5625,1.125,7.25,1.5625],"rotation":0,"texture":"#0","tintindex":0},"up":{"uv":[8.375,4.3125,7.6875,4.125],"rotation":0,"texture":"#0","tintindex":0},"west":{"uv":[4.4375,8.1875,4.625,8.625],"rotation":0,"texture":"#0","tintindex":0}}},{"name":"cube","from":[6.140087,7.5082817,6.495306],"to":[9.7400875,9.308282,6.945306],"rotation":{"angle":0.0,"axis":"x","origin":[7.640087,2.678282,6.825306]},"faces":{"down":{"uv":[8.625,5.375,7.875,5.5],"rotation":0,"texture":"#0","tintindex":0},"east":{"uv":[6.5625,7.375,6.6875,7.75],"rotation":0,"texture":"#0","tintindex":0},"north":{"uv":[5.6875,2.625,6.4375,3.0],"rotation":0,"texture":"#0","tintindex":0},"south":{"uv":[6.4375,2.625,7.1875,3.0],"rotation":0,"texture":"#0","tintindex":0},"up":{"uv":[8.625,0.4375,7.875,0.3125],"rotation":0,"texture":"#0","tintindex":0},"west":{"uv":[0.0,8.4375,0.125,8.8125],"rotation":0,"texture":"#0","tintindex":0}}},{"name":"cube","from":[6.530087,6.6082816,6.495306],"to":[9.350087,7.5082817,6.945306],"rotation":{"angle":0.0,"axis":"x","origin":[7.640087,2.678282,6.825306]},"faces":{"down":{"uv":[8.8125,1.125,8.25,1.25],"rotation":0,"texture":"#0","tintindex":0},"east":{"uv":[7.5,6.9375,7.625,7.125],"rotation":0,"texture":"#0","tintindex":0},"north":{"uv":[8.0,4.5625,8.5625,4.75],"rotation":0,"texture":"#0","tintindex":0},"south":{"uv":[8.0625,1.6875,8.625,1.875],"rotation":0,"texture":"#0","tintindex":0},"up":{"uv":[8.8125,0.3125,8.25,0.1875],"rotation":0,"texture":"#0","tintindex":0},"west":{"uv":[2.5625,7.75,2.6875,7.9375],"rotation":0,"texture":"#0","tintindex":0}}},{"name":"cube","from":[7.0400867,4.778282,6.495306],"to":[8.840088,6.6082816,6.945306],"rotation":{"angle":0.0,"axis":"x","origin":[7.640087,2.678282,6.825306]},"faces":{"down":{"uv":[8.75,7.4375,8.375,7.5625],"rotation":0,"texture":"#0","tintindex":0},"east":{"uv":[1.125,8.4375,1.25,8.8125],"rotation":0,"texture":"#0","tintindex":0},"north":{"uv":[7.6875,1.75,8.0625,2.125],"rotation":0,"texture":"#0","tintindex":0},"south":{"uv":[7.6875,3.25,8.0625,3.625],"rotation":0,"texture":"#0","tintindex":0},"up":{"uv":[7.25,1.125,6.875,1.0],"rotation":0,"texture":"#0","tintindex":0},"west":{"uv":[1.25,8.4375,1.375,8.8125],"rotation":0,"texture":"#0","tintindex":0}}},{"name":"cube","from":[7.640087,9.278282,6.2253065],"to":[8.2400875,9.878283,6.825306],"rotation":{"angle":0.0,"axis":"x","origin":[7.640087,2.678282,6.825306]},"faces":{"down":{"uv":[3.3125,8.625,3.1875,8.75],"rotation":0,"texture":"#0","tintindex":0},"east":{"uv":[8.625,2.25,8.75,2.375],"rotation":0,"texture":"#0","tintindex":0},"north":{"uv":[2.25,8.625,2.375,8.75],"rotation":0,"texture":"#0","tintindex":0},"south":{"uv":[2.375,8.625,2.5,8.75],"rotation":0,"texture":"#0","tintindex":0},"up":{"uv":[2.625,8.75,2.5,8.625],"rotation":0,"texture":"#0","tintindex":0},"west":{"uv":[8.625,2.375,8.75,2.5],"rotation":0,"texture":"#0","tintindex":0}}},{"name":"cube","from":[7.715087,9.248283,5.9853063],"to":[8.165087,9.698282,6.3453064],"rotation":{"angle":-22.5,"axis":"x","origin":[7.940087,9.578282,5.9253063]},"faces":{"down":{"uv":[7.8125,6.0,7.6875,6.0625],"rotation":0,"texture":"#0","tintindex":0},"east":{"uv":[4.0625,5.875,4.125,6.0],"rotation":0,"texture":"#0","tintindex":0},"north":{"uv":[8.625,3.4375,8.75,3.5625],"rotation":0,"texture":"#0","tintindex":0},"south":{"uv":[3.6875,8.625,3.8125,8.75],"rotation":0,"texture":"#0","tintindex":0},"up":{"uv":[2.375,6.5625,2.25,6.5],"rotation":0,"texture":"#0","tintindex":0},"west":{"uv":[4.0625,6.0,4.125,6.125],"rotation":0,"texture":"#0","tintindex":0}}},{"name":"cube","from":[8.2400875,8.888283,6.390306],"to":[9.7400875,9.488283,6.900306],"rotation":{"angle":-22.5,"axis":"z","origin":[8.840088,9.428282,6.6753063]},"faces":{"down":{"uv":[8.8125,4.4375,8.5,4.5625],"rotation":0,"texture":"#0","tintindex":0},"east":{"uv":[8.625,3.1875,8.75,3.3125],"rotation":0,"texture":"#0","tintindex":0},"north":{"uv":[8.5,3.5625,8.8125,3.6875],"rotation":0,"texture":"#0","tintindex":0},"south":{"uv":[8.5,3.6875,8.8125,3.8125],"rotation":0,"texture":"#0","tintindex":0},"up":{"uv":[8.8125,4.4375,8.5,4.3125],"rotation":0,"texture":"#0","tintindex":0},"west":{"uv":[3.3125,8.625,3.4375,8.75],"rotation":0,"texture":"#0","tintindex":0}}},{"name":"cube","from":[6.350087,9.518282,6.390306],"to":[7.850087,10.118282,6.900306],"rotation":{"angle":22.5,"axis":"z","origin":[8.840088,9.428282,6.6753063]},"faces":{"down":{"uv":[8.875,3.8125,8.5625,3.9375],"rotation":0,"texture":"#0","tintindex":0},"east":{"uv":[8.625,3.3125,8.75,3.4375],"rotation":0,"texture":"#0","tintindex":0},"north":{"uv":[6.375,8.5,6.6875,8.625],"rotation":0,"texture":"#0","tintindex":0},"south":{"uv":[7.8125,8.5,8.125,8.625],"rotation":0,"texture":"#0","tintindex":0},"up":{"uv":[0.4375,8.6875,0.125,8.5625],"rotation":0,"texture":"#0","tintindex":0},"west":{"uv":[3.4375,8.625,3.5625,8.75],"rotation":0,"texture":"#0","tintindex":0}}},{"name":"cube","from":[6.740087,10.448282,6.6003065],"to":[7.640087,10.598283,6.900306],"rotation":{"angle":-22.5,"axis":"z","origin":[7.400087,10.043282,6.750306]},"faces":{"down":{"uv":[7.5625,2.9375,7.375,3.0],"rotation":0,"texture":"#0","tintindex":0},"east":{"uv":[3.4375,3.5625,3.5,3.625],"rotation":0,"texture":"#0","tintindex":0},"north":{"uv":[5.125,6.6875,5.3125,6.75],"rotation":0,"texture":"#0","tintindex":0},"south":{"uv":[6.875,4.75,7.0625,4.8125],"rotation":0,"texture":"#0","tintindex":0},"up":{"uv":[7.375,3.0,7.1875,2.9375],"rotation":0,"texture":"#0","tintindex":0},"west":{"uv":[4.0625,6.125,4.125,6.1875],"rotation":0,"texture":"#0","tintindex":0}}},{"name":"cube","from":[6.560087,10.658281,6.6003065],"to":[7.4600873,10.808282,6.900306],"rotation":{"angle":22.5,"axis":"z","origin":[7.400087,10.043282,6.750306]},"faces":{"down":{"uv":[7.75,2.9375,7.5625,3.0],"rotation":0,"texture":"#0","tintindex":0},"east":{"uv":[4.0625,6.1875,4.125,6.25],"rotation":0,"texture":"#0","tintindex":0},"north":{"uv":[7.5,5.25,7.6875,5.3125],"rotation":0,"texture":"#0","tintindex":0},"south":{"uv":[7.5,6.0,7.6875,6.0625],"rotation":0,"texture":"#0","tintindex":0},"up":{"uv":[7.75,1.5625,7.5625,1.5],"rotation":0,"texture":"#0","tintindex":0},