{"textures":{"0":"modelengine:entity/vs_wizard"},"elements":[{"name":"cube","from":[7.709944,4.9341316,7.4253063],"to":[9.119944,7.6341314,8.925306],"rotation":{"angle":0.0,"axis":"x","origin":[11.279943,3.4341316,6.825306]},"faces":{"down":{"uv":[1.0,8.0625,0.6875,8.375],"rotation":0,"texture":"#0","tintindex":0},"east":{"uv":[1.0,7.1875,1.3125,7.75],"rotation":0,"texture":"#0","tintindex":0},"north":{"uv":[0.6875,7.1875,1.0,7.75],"rotation":0,"texture":"#0","tintindex":0},"south":{"uv":[2.375,7.1875,2.6875,7.75],"rotation":0,"texture":"#0","tintindex":0},"up":{"uv":[4.4375,8.3125,4.125,8.0],"rotation":0,"texture":"#0","tintindex":0},"west":{"uv":[4.625,7.1875,4.9375,7.75],"rotation":0,"texture":"#0","tintindex":0}}},{"name":"cube","from":[7.5599437,3.8541315,7.3053064],"to":[9.269944,5.414132,9.045306],"rotation":{"angle":0.0,"axis":"x","origin":[11.279943,3.4341316,6.825306]},"faces":{"down":{"uv":[5.6875,7.6875,5.3125,8.0625],"rotation":0,"texture":"#0","tintindex":0},"east":{"uv":[7.8125,5.5,8.1875,5.8125],"rotation":0,"texture":"#0","tintindex":0},"north":{"uv":[7.8125,4.75,8.1875,5.0625],"rotation":0,"texture":"#0","tintindex":0},"south":{"uv":[7.875,0.0,8.25,0.3125],"rotation":0,"texture":"#0","tintindex":0},"up":{"uv":[5.3125,8.0625,4.9375,7.6875],"rotation":0,"texture":"#0","tintindex":0},"west":{"uv":[7.875,0.9375,8.25,1.25],"rotation":0,"texture":"#0","tintindex":0}}},{"name":"cube","from":[7.5599437,1.0941312,9.045306],"to":[9.269944,3.9141316,9.045306],"rotation":{"angle":0.0,"axis":"x","origin":[11.279943,3.4341316,6.825306]},"faces":{"down":{"uv":[0.375,0.0,0.0,0.0],"rotation":0,"texture":"#0","tintindex":0},"east":{"uv":[0.0,0.0,0.0,0.5625],"rotation":0,"texture":"#0","tintindex":0},"north":{"uv":[5.5,7.125,5.125,7.6875],"rotation":0,"texture":"#0","tintindex":0},"south":{"uv":[5.125,7.125,5.5,7.6875],"rotation":0,"texture":"#0","tintindex":0},"up":{"uv":[0.375,0.0,0.0,0.0],"rotation":0,"texture":"#0","tintindex":0},"west":{"uv":[0.0,0.0,0.0,0.5625],"rotation":0,"texture":"#0","tintindex":0}}},{"name":"cube","from":[7.5599437,2.8941312,7.335306],"to":[9.269944,3.9141316,7.335306],"rotation":{"angle":0.0,"axis":"x","origin":[11.279943,3.4341316,6.825306]},"faces":{"down":{"uv":[0.375,0.0,0.0,0.0],"rotation":0,"texture":"#0","tintindex":0},"east":{"uv":[0.0,0.0,0.0,0.1875],"rotation":0,"texture":"#0","tintindex":0},"north":{"uv":[3.1875,8.3125,3.5625,8.5],"rotation":0,"texture":"#0","tintindex":0},"south":{"uv":[3.5625,8.3125,3.1875,8.5],"rotation":0,"texture":"#0","tintindex":0},"up":{"uv":[0.375,0.0,0.0,0.0],"rotation":0,"texture":"#0","tintindex":0},"west":{"uv":[0.0,0.0,0.0,0.1875],"rotation":0,"texture":"#0","tintindex":0}}},{"name":"cube","from":[9.269944,2.3541315,7.3053064],"to":[9.269944,3.9141316,9.045306],"rotation":{"angle":0.0,"axis":"x","origin":[11.279943,3.4341316,6.825306]},"faces":{"down":{"uv":[0.0,0.0,0.0,0.375],"rotation":0,"texture":"#0","tintindex":0},"east":{"uv":[7.9375,7.6875,8.3125,8.0],"rotation":0,"texture":"#0","tintindex":0},"north":{"uv":[0.0,0.0,0.0,0.3125],"rotation":0,"texture":"#0","tintindex":0},"south":{"uv":[0.0,0.0,0.0,0.3125],"rotation":0,"texture":"#0","tintindex":0},"up":{"uv":[0.0,0.375,0.0,0.0],"rotation":0,"texture":"#0","tintindex":0},"west":{"uv":[2.9375,8.0,3.3125,8.3125],"rotation":0,"texture":"#0","tintindex":0}}},{"name":"cube","from":[7.5899434,2.3541315,7.3053064],"to":[7.5899434,3.9141316,9.045306],"rotation":{"angle":0.0,"axis":"x","origin":[11.279943,3.4341316,6.825306]},"faces":{"down":{"uv":[0.0,0.0,0.0,0.375],"rotation":0,"texture":"#0","tintindex":0},"east":{"uv":[8.375,6.3125,8.0,6.625],"rotation":0,"texture":"#0","tintindex":0},"north":{"uv":[0.0,0.0,0.0,0.3125],"rotation":0,"texture":"#0","tintindex":0},"south":{"uv":[0.0,0.0,0.0,0.3125],"rotation":0,"texture":"#0","tintindex":0},"up":{"uv":[0.0,0.375,0.0,0.0],"rotation":0,"texture":"#0","tintindex":0},"west":{"uv":[8.0,6.3125,8.375,6.625],"rotation":0,"texture":"#0","tintindex":0}}}],"display":{"head":{"translation":[0.0,-6.4,0.0],"rotation":[0.0,0.0,0.0],"scale":[3.8095,3.8095,3.8095]}}}