{"textures":{"0":"modelengine:entity/vs_wizard"},"elements":[{"name":"cube","from":[8.0300865,6.0082817,6.6153064],"to":[8.510087,7.4482822,7.7553062],"rotation":{"angle":0.0,"axis":"x","origin":[10.790087,7.598282,6.4653063]},"faces":{"down":{"uv":[5.875,8.5625,5.75,8.8125],"rotation":0,"texture":"#0","tintindex":0},"east":{"uv":[5.0625,8.25,5.3125,8.5625],"rotation":0,"texture":"#0","tintindex":0},"north":{"uv":[7.4375,8.5,7.5625,8.8125],"rotation":0,"texture":"#0","tintindex":0},"south":{"uv":[7.5625,8.5,7.6875,8.8125],"rotation":0,"texture":"#0","tintindex":0},"up":{"uv":[7.9375,6.0625,7.8125,5.8125],"rotation":0,"texture":"#0","tintindex":0},"west":{"uv":[5.6875,8.25,5.9375,8.5625],"rotation":0,"texture":"#0","tintindex":0}}},{"name":"cube","from":[7.550087,5.078282,7.0053062],"to":[8.0300865,7.4482822,8.625306],"rotation":{"angle":0.0,"axis":"x","origin":[10.790087,7.598282,6.4653063]},"faces":{"down":{"uv":[6.8125,8.5,6.6875,8.8125],"rotation":0,"texture":"#0","tintindex":0},"east":{"uv":[4.125,7.5,4.4375,8.0],"rotation":0,"texture":"#0","tintindex":0},"north":{"uv":[2.25,6.0,2.375,6.5],"rotation":0,"texture":"#0","tintindex":0},"south":{"uv":[0.5625,8.1875,0.6875,8.6875],"rotation":0,"texture":"#0","tintindex":0},"up":{"uv":[4.9375,8.0625,4.8125,7.75],"rotation":0,"texture":"#0","tintindex":0},"west":{"uv":[7.5,4.75,7.8125,5.25],"rotation":0,"texture":"#0","tintindex":0}}},{"name":"cube","from":[7.790087,6.4582815,7.5303063],"to":[8.270087,8.828282,8.1003065],"rotation":{"angle":0.0,"axis":"x","origin":[10.790087,7.598282,6.4653063]},"faces":{"down":{"uv":[4.5,8.625,4.375,8.75],"rotation":0,"texture":"#0","tintindex":0},"east":{"uv":[4.125,8.3125,4.25,8.8125],"rotation":0,"texture":"#0","tintindex":0},"north":{"uv":[3.5625,8.3125,3.6875,8.8125],"rotation":0,"texture":"#0","tintindex":0},"south":{"uv":[4.25,8.3125,4.375,8.8125],"rotation":0,"texture":"#0","tintindex":0},"up":{"uv":[3.9375,8.75,3.8125,8.625],"rotation":0,"texture":"#0","tintindex":0},"west":{"uv":[8.3125,7.875,8.4375,8.375],"rotation":0,"texture":"#0","tintindex":0}}}],"display":{"head":{"translation":[0.0,-6.4,0.0],"rotation":[0.0,0.0,0.0],"scale":[3.8095,3.8095,3.8095]}}}