{"textures":{"0":"modelengine:entity/vs_wizard"},"elements":[{"name":"cube","from":[6.6878614,5.7754135,7.214708],"to":[8.097862,8.475414,8.714707],"rotation":{"angle":0.0,"axis":"x","origin":[-1.6157794,-0.026410341,6.614708]},"faces":{"down":{"uv":[5.6875,8.0625,5.375,8.375],"rotation":0,"texture":"#0","tintindex":0},"east":{"uv":[7.3125,7.125,7.625,7.6875],"rotation":0,"texture":"#0","tintindex":0},"north":{"uv":[7.25,1.0,7.5625,1.5625],"rotation":0,"texture":"#0","tintindex":0},"south":{"uv":[7.375,3.25,7.6875,3.8125],"rotation":0,"texture":"#0","tintindex":0},"up":{"uv":[1.75,8.375,1.4375,8.0625],"rotation":0,"texture":"#0","tintindex":0},"west":{"uv":[7.375,3.8125,7.6875,4.375],"rotation":0,"texture":"#0","tintindex":0}}},{"name":"cube","from":[6.537862,4.695413,7.0947075],"to":[8.247862,6.255413,8.834708],"rotation":{"angle":0.0,"axis":"x","origin":[-1.6157794,-0.026410341,6.614708]},"faces":{"down":{"uv":[10.0625,0.6875,9.8125,1.125],"rotation":0,"texture":"#0","tintindex":0},"east":{"uv":[1.875,7.9375,2.25,8.25],"rotation":0,"texture":"#0","tintindex":0},"north":{"uv":[7.875,5.0625,8.25,5.375],"rotation":0,"texture":"#0","tintindex":0},"south":{"uv":[2.25,7.9375,2.625,8.25],"rotation":0,"texture":"#0","tintindex":0},"up":{"uv":[6.0625,8.0625,5.6875,7.6875],"rotation":0,"texture":"#0","tintindex":0},"west":{"uv":[7.9375,5.8125,8.3125,6.125],"rotation":0,"texture":"#0","tintindex":0}}},{"name":"cube","from":[6.542594,2.075378,8.834708],"to":[8.252594,4.8953786,8.834708],"rotation":{"angle":0.0,"axis":"x","origin":[10.502594,4.4153786,6.614708]},"faces":{"down":{"uv":[0.375,0.0,0.0,0.0],"rotation":0,"texture":"#0","tintindex":0},"east":{"uv":[0.0,0.0,0.0,0.5625],"rotation":0,"texture":"#0","tintindex":0},"north":{"uv":[7.5,5.5,7.125,6.0625],"rotation":0,"texture":"#0","tintindex":0},"south":{"uv":[7.125,5.5,7.5,6.0625],"rotation":0,"texture":"#0","tintindex":0},"up":{"uv":[0.375,0.0,0.0,0.0],"rotation":0,"texture":"#0","tintindex":0},"west":{"uv":[0.0,0.0,0.0,0.5625],"rotation":0,"texture":"#0","tintindex":0}}},{"name":"cube","from":[6.5725937,3.3353782,7.0947075],"to":[6.5725937,4.8953786,8.834708],"rotation":{"angle":0.0,"axis":"x","origin":[10.502594,4.4153786,6.614708]},"faces":{"down":{"uv":[0.0,0.0,0.0,0.375],"rotation":0,"texture":"#0","tintindex":0},"east":{"uv":[8.375,6.3125,8.0,6.625],"rotation":0,"texture":"#0","tintindex":0},"north":{"uv":[0.0,0.0,0.0,0.3125],"rotation":0,"texture":"#0","tintindex":0},"south":{"uv":[0.0,0.0,0.0,0.3125],"rotation":0,"texture":"#0","tintindex":0},"up":{"uv":[0.0,0.375,0.0,0.0],"rotation":0,"texture":"#0","tintindex":0},"west":{"uv":[7.9375,8.0,8.3125,8.3125],"rotation":0,"texture":"#0","tintindex":0}}},{"name":"cube","from":[6.542594,3.8753781,7.1247077],"to":[8.252594,4.8953786,7.1247077],"rotation":{"angle":0.0,"axis":"x","origin":[10.502594,4.4153786,6.614708]},"faces":{"down":{"uv":[0.375,0.0,0.0,0.0],"rotation":0,"texture":"#0","tintindex":0},"east":{"uv":[0.0,0.0,0.0,0.1875],"rotation":0,"texture":"#0","tintindex":0},"north":{"uv":[8.3125,7.6875,8.6875,7.875],"rotation":0,"texture":"#0","tintindex":0},"south":{"uv":[8.625,7.6875,8.25,7.875],"rotation":0,"texture":"#0","tintindex":0},"up":{"uv":[0.375,0.0,0.0,0.0],"rotation":0,"texture":"#0","tintindex":0},"west":{"uv":[0.0,0.0,0.0,0.1875],"rotation":0,"texture":"#0","tintindex":0}}},{"name":"cube","from":[8.252594,3.3353782,7.0947075],"to":[8.252594,4.8953786,8.834708],"rotation":{"angle":0.0,"axis":"x","origin":[10.502594,4.4153786,6.614708]},"faces":{"down":{"uv":[0.0,0.0,0.0,0.375],"rotation":0,"texture":"#0","tintindex":0},"east":{"uv":[8.0,6.625,8.375,6.9375],"rotation":0,"texture":"#0","tintindex":0},"north":{"uv":[0.0,0.0,0.0,0.3125],"rotation":0,"texture":"#0","tintindex":0},"south":{"uv":[0.0,0.0,0.0,0.3125],"rotation":0,"texture":"#0","tintindex":0},"up":{"uv":[0.0,0.375,0.0,0.0],"rotation":0,"texture":"#0","tintindex":0},"west":{"uv":[8.375,6.625,8.0,6.9375],"rotation":0,"texture":"#0","tintindex":0}}}],"display":{"head":{"translation":[0.0,-6.4,0.0],"rotation":[0.0,0.0,0.0],"scale":[3.8095,3.8095,3.8095]}}}