{"textures":{"0":"modelengine:entity/vs_wizard"},"elements":[{"name":"cube","from":[7.994013,4.618463,7.207104],"to":[8.474013,6.988463,8.827105],"rotation":{"angle":0.0,"axis":"x","origin":[-0.90962744,2.8366396,6.667104]},"faces":{"down":{"uv":[4.875,8.5625,4.75,8.875],"rotation":0,"texture":"#0","tintindex":0},"east":{"uv":[7.5,5.5,7.8125,6.0],"rotation":0,"texture":"#0","tintindex":0},"north":{"uv":[1.5625,8.375,1.6875,8.875],"rotation":0,"texture":"#0","tintindex":0},"south":{"uv":[4.625,8.375,4.75,8.875],"rotation":0,"texture":"#0","tintindex":0},"up":{"uv":[0.5625,8.875,0.4375,8.5625],"rotation":0,"texture":"#0","tintindex":0},"west":{"uv":[7.5625,1.0,7.875,1.5],"rotation":0,"texture":"#0","tintindex":0}}},{"name":"cube","from":[6.794013,5.128463,6.967104],"to":[7.994013,6.988463,7.717104],"rotation":{"angle":0.0,"axis":"x","origin":[-0.90962744,2.8366396,6.667104]},"faces":{"down":{"uv":[8.6875,2.8125,8.4375,3.0],"rotation":0,"texture":"#0","tintindex":0},"east":{"uv":[5.9375,8.25,6.125,8.625],"rotation":0,"texture":"#0","tintindex":0},"north":{"uv":[6.1875,8.0625,6.4375,8.4375],"rotation":0,"texture":"#0","tintindex":0},"south":{"uv":[7.4375,8.125,7.6875,8.5],"rotation":0,"texture":"#0","tintindex":0},"up":{"uv":[8.6875,2.8125,8.4375,2.625],"rotation":0,"texture":"#0","tintindex":0},"west":{"uv":[6.875,8.25,7.0625,8.625],"rotation":0,"texture":"#0","tintindex":0}}},{"name":"cube","from":[7.7540126,5.998463,7.7321043],"to":[8.234013,8.3684635,8.302104],"rotation":{"angle":0.0,"axis":"x","origin":[-0.90962744,2.8366396,6.667104]},"faces":{"down":{"uv":[8.75,5.375,8.625,5.5],"rotation":0,"texture":"#0","tintindex":0},"east":{"uv":[0.6875,8.375,0.8125,8.875],"rotation":0,"texture":"#0","tintindex":0},"north":{"uv":[8.1875,8.3125,8.3125,8.8125],"rotation":0,"texture":"#0","tintindex":0},"south":{"uv":[0.8125,8.375,0.9375,8.875],"rotation":0,"texture":"#0","tintindex":0},"up":{"uv":[4.625,8.75,4.5,8.625],"rotation":0,"texture":"#0","tintindex":0},"west":{"uv":[1.4375,8.375,1.5625,8.875],"rotation":0,"texture":"#0","tintindex":0}}}],"display":{"head":{"translation":[0.0,-6.4,0.0],"rotation":[0.0,0.0,0.0],"scale":[3.8095,3.8095,3.8095]}}}