{"textures":{"0":"modelengine:entity/vs_wizard"},"elements":[{"name":"cube","from":[7.592837,7.734333,-4.7695937],"to":[8.222837,8.604333,1.290406],"rotation":{"angle":22.5,"axis":"x","origin":[7.9078374,7.8993325,-0.5695944]},"faces":{"down":{"uv":[2.8125,7.1875,2.6875,8.4375],"rotation":0,"texture":"#0","tintindex":0},"east":{"uv":[6.5625,1.5625,7.8125,1.75],"rotation":0,"texture":"#0","tintindex":0},"north":{"uv":[1.875,8.625,2.0,8.8125],"rotation":0,"texture":"#0","tintindex":0},"south":{"uv":[8.625,1.875,8.75,2.0625],"rotation":0,"texture":"#0","tintindex":0},"up":{"uv":[1.4375,8.4375,1.3125,7.1875],"rotation":0,"texture":"#0","tintindex":0},"west":{"uv":[6.625,5.3125,7.875,5.5],"rotation":0,"texture":"#0","tintindex":0}}},{"name":"cube","from":[7.367837,7.764333,4.560406],"to":[8.447837,8.634333,17.280407],"rotation":{"angle":0.0,"axis":"x","origin":[-0.63580346,6.28251,5.820406]},"faces":{"down":{"uv":[4.625,4.875,4.375,7.5],"rotation":0,"texture":"#0","tintindex":0},"east":{"uv":[5.6875,2.25,8.3125,2.4375],"rotation":0,"texture":"#0","tintindex":0},"north":{"uv":[8.4375,3.0,8.6875,3.1875],"rotation":0,"texture":"#0","tintindex":0},"south":{"uv":[3.6875,8.4375,3.9375,8.625],"rotation":0,"texture":"#0","tintindex":0},"up":{"uv":[4.375,7.5,4.125,4.875],"rotation":0,"texture":"#0","tintindex":0},"west":{"uv":[5.6875,2.4375,8.3125,2.625],"rotation":0,"texture":"#0","tintindex":0}}},{"name":"cube","from":[7.037837,7.764333,1.7704061],"to":[7.937837,8.184333,5.070406],"rotation":{"angle":0.0,"axis":"x","origin":[-0.63580346,6.28251,5.820406]},"faces":{"down":{"uv":[1.3125,7.75,1.125,8.4375],"rotation":0,"texture":"#0","tintindex":0},"east":{"uv":[2.75,3.5625,3.4375,3.625],"rotation":0,"texture":"#0","tintindex":0},"north":{"uv":[8.25,1.4375,8.4375,1.5],"rotation":0,"texture":"#0","tintindex":0},"south":{"uv":[8.4375,0.875,8.625,0.9375],"rotation":0,"texture":"#0","tintindex":0},"up":{"uv":[4.625,8.1875,4.4375,7.5],"rotation":0,"texture":"#0","tintindex":0},"west":{"uv":[8.0625,2.0625,8.75,2.125],"rotation":0,"texture":"#0","tintindex":0}}},{"name":"cube","from":[7.037837,8.004333,10.710406],"to":[7.937837,8.604333,14.0104065],"rotation":{"angle":0.0,"axis":"x","origin":[-0.63580346,6.28251,5.820406]},"faces":{"down":{"uv":[4.125,7.75,3.9375,8.4375],"rotation":0,"texture":"#0","tintindex":0},"east":{"uv":[8.1875,4.875,8.875,5.0],"rotation":0,"texture":"#0","tintindex":0},"north":{"uv":[8.625,0.3125,8.8125,0.4375],"rotation":0,"texture":"#0","tintindex":0},"south":{"uv":[8.625,0.625,8.8125,0.75],"rotation":0,"texture":"#0","tintindex":0},"up":{"uv":[3.9375,8.4375,3.75,7.75],"rotation":0,"texture":"#0","tintindex":0},"west":{"uv":[8.1875,5.5,8.875,5.625],"rotation":0,"texture":"#0","tintindex":0}}},{"name":"cube","from":[8.297837,7.764333,4.590406],"to":[8.837837,8.634333,6.7504063],"rotation":{"angle":0.0,"axis":"x","origin":[-0.63580346,6.28251,5.820406]},"faces":{"down":{"uv":[7.3125,8.375,7.1875,8.8125],"rotation":0,"texture":"#0","tintindex":0},"east":{"uv":[8.25,0.4375,8.6875,0.625],"rotation":0,"texture":"#0","tintindex":0},"north":{"uv":[2.0,8.625,2.125,8.8125],"rotation":0,"texture":"#0","tintindex":0},"south":{"uv":[2.125,8.625,2.25,8.8125],"rotation":0,"texture":"#0","tintindex":0},"up":{"uv":[7.1875,8.8125,7.0625,8.375],"rotation":0,"texture":"#0","tintindex":0},"west":{"uv":[8.25,0.9375,8.6875,1.125],"rotation":0,"texture":"#0","tintindex":0}}},{"name":"cube","from":[8.297837,7.854333,14.340407],"to":[8.837837,8.454332,16.500406],"rotation":{"angle":0.0,"axis":"x","origin":[-0.63580346,6.28251,5.820406]},"faces":{"down":{"uv":[8.4375,8.375,8.3125,8.8125],"rotation":0,"texture":"#0","tintindex":0},"east":{"uv":[8.3125,6.0,8.75,6.125],"rotation":0,"texture":"#0","tintindex":0},"north":{"uv":[6.9375,8.625,7.0625,8.75],"rotation":0,"texture":"#0","tintindex":0},"south":{"uv":[7.8125,8.625,7.9375,8.75],"rotation":0,"texture":"#0","tintindex":0},"up":{"uv":[7.4375,8.8125,7.3125,8.375],"rotation":0,"texture":"#0","tintindex":0},"west":{"uv":[8.375,7.3125,8.8125,7.4375],"rotation":0,"texture":"#0","tintindex":0}}},{"name":"cube","from":[7.457837,7.104333,0.06040573],"to":[8.357838,7.974333,5.4604063],"rotation":{"angle":0.0,"axis":"x","origin":[-0.63580346,6.5225096,5.820406]},"faces":{"down":{"uv":[4.125,6.625,3.9375,7.75],"rotation":0,"texture":"#0","tintindex":0},"east":{"uv":[6.875,4.5625,8.0,4.75],"rotation":0,"texture":"#0","tintindex":0},"north":{"uv":[8.5625,4.5625,8.75,4.75],"rotation":0,"texture":"#0","tintindex":0},"south":{"uv":[4.875,8.5625,5.0625,8.75],"rotation":0,"texture":"#0","tintindex":0},"up":{"uv":[3.9375,7.75,3.75,6.625],"rotation":0,"texture":"#0","tintindex":0},"west":{"uv":[6.375,6.9375,7.5,7.125],"rotation":0,"texture":"#0","tintindex":0}}},{"name":"cube","from":[7.517837,5.9643326,-1.529594],"to":[8.297837,6.8343325,1.3204061],"rotation":{"angle":-22.5,"axis":"x","origin":[7.9078374,7.539333,-1.3795938]},"faces":{"down":{"uv":[0.1875,7.8125,0.0,8.4375],"rotation":0,"texture":"#0","tintindex":0},"east":{"uv":[7.875,1.25,8.5,1.4375],"rotation":0,"texture":"#0","tintindex":0},"north":{"uv":[8.5625,5.0,8.75,5.1875],"rotation":0,"texture":"#0","tintindex":0},"south":{"uv":[5.0625,8.5625,5.25,8.75],"rotation":0,"texture":"#0","tintindex":0},"up":{"uv":[4.8125,8.375,4.625,7.75],"rotation":0,"texture":"#0","tintindex":0},"west":{"uv":[7.9375,6.125,8.5625,6.3125],"rotation":0,"texture":"#0","tintindex":0}}},{"name":"cube","from":[7.517837,2.1543326,13.620406],"to":[8.297837,2.4543326,15.540407],"rotation":{"angle":-22.5,"axis":"x","origin":[7.9078374,7.539333,-1.3795938]},"faces":{"down":{"uv":[3.1875,8.3125,3.0,8.6875],"rotation":0,"texture":"#0","tintindex":0},"east":{"uv":[2.375,5.8125,2.75,5.875],"rotation":0,"texture":"#0","tintindex":0},"north":{"uv":[8.0625,3.5625,8.25,3.625],"rotation":0,"texture":"#0","tintindex":0},"south":{"uv":[7.0625,8.0625,7.25,8.125],"rotation":0,"texture":"#0","tintindex":0},"up":{"uv":[3.0,8.6875,2.8125,8.3125],"rotation":0,"texture":"#0","tintindex":0},"west":{"uv":[6.25,4.8125,6.625,4.875],"rotation":0,"texture":"#0","tintindex":0}}},{"name":"cube","from":[8.417837,7.2843328,-2.5195951],"to":[9.047837,7.914333,0.99040604],"rotation":{"angle":-22.5,"axis":"y","origin":[7.9078374,6.399333,-0.5695944]},"faces":{"down":{"uv":[7.8125,8.125,7.6875,8.875],"rotation":0,"texture":"#0","tintindex":0},"east":{"uv":[8.0,7.5625,8.75,7.6875],"rotation":0,"texture":"#0","tintindex":0},"north":{"uv":[8.625,5.625,8.75,5.75],"rotation":0,"texture":"#0","tintindex":0},"south":{"uv":[5.875,8.625,6.0,8.75],"rotation":0,"texture":"#0","tintindex":0},"up":{"uv":[1.875,8.8125,1.75,8.0625],"rotation":0,"texture":"#0","tintindex":0},"west":{"uv":[8.1875,4.75,8.9375,4.875],"rotation":0,"texture":"#0","tintindex":0}}},{"name":"cube","from":[6.5578375,7.2843328,-3.929594],"to":[7.2778373,7.854333,1.590406],"rotation":{"angle":22.5,"axis":"y","origin":[7.9078374,6.399333,-0.5695944]},"faces":{"down":{"uv":[6.5625,7.375,6.4375,8.5],"rotation":0,"texture":"#0","tintindex":0},"east":{"uv":[7.5,0.625,8.625,0.75],"rotation":0,"texture":"#0","tintindex":0},"north":{"uv":[6.0,8.625,6.125,8.75],"rotation":0,"texture":"#0","tintindex":0},"south":{"uv":[6.375,8.625,6.5,8.75],"rotation":0,"texture":"#0","tintindex":0},"up":{"uv":[2.9375,8.3125,2.8125,7.1875],"rotation":0,"texture":"#0","tintindex":0},"west":{"uv":[7.6875,2.125,8.8125,2.25],"rotation":0,"texture":"#0","tintindex":0}}},{"name":"cube","from":[0.04783678,7.794333,7.350406],"to":[0.7678366,8.364333,9.150406],"rotation":{"angle":45.0,"axis":"y","origin":[7.9078374,6.399333,-0.5695944]},"faces":{"down":{"uv":[4.0625,8.4375,3.9375,8.8125],"rotation":0,"texture":"#0","tintindex":0},"east":{"uv":[8.4375,1.5625,8.8125,1.6875],"rotation":0,"texture":"#0","tintindex":0},"north":{"uv":[6.5,8.625,6.625,8.75],"rotation":0,"texture":"#0","tintindex":0},"south":{"uv":[6.8125,8.625,6.9375,8.75],"rotation":0,"texture":"#0","tintindex":0},"up":{"uv":[2.75,8.8125,2.625,8.4375],