{"file_name":"body","texture_size":[64,64],"textures":{"06372d65-0f62-58ec-71f7-85ba20bf0081":"modelengine:entity/candycauldron"},"elements":[{"name":"cube","from":[4.3999996,8.15,11.225],"to":[11.6,11.75,11.825],"rotation":{"angle":0.0,"axis":"x","origin":[8.0,8.68528,8.022552]},"faces":{"down":{"uv":[12.5,1.75,9.5,2.0],"rotation":0,"texture":"#06372d65-0f62-58ec-71f7-85ba20bf0081","tintindex":0},"east":{"uv":[9.5,3.0,9.75,4.5],"rotation":0,"texture":"#06372d65-0f62-58ec-71f7-85ba20bf0081","tintindex":0},"north":{"uv":[4.0,2.5,7.0,4.0],"rotation":0,"texture":"#06372d65-0f62-58ec-71f7-85ba20bf0081","tintindex":0},"south":{"uv":[5.0,6.5,8.0,8.0],"rotation":0,"texture":"#06372d65-0f62-58ec-71f7-85ba20bf0081","tintindex":0},"up":{"uv":[9.5,2.0,12.5,2.25],"rotation":0,"texture":"#06372d65-0f62-58ec-71f7-85ba20bf0081","tintindex":0},"west":{"uv":[9.5,4.5,9.75,6.0],"rotation":0,"texture":"#06372d65-0f62-58ec-71f7-85ba20bf0081","tintindex":0}}},{"name":"cube","from":[4.3999996,8.15,4.625],"to":[11.6,11.75,5.225],"rotation":{"angle":0.0,"axis":"x","origin":[8.0,8.68528,8.022552]},"faces":{"down":{"uv":[12.5,2.25,9.5,2.5],"rotation":0,"texture":"#06372d65-0f62-58ec-71f7-85ba20bf0081","tintindex":0},"east":{"uv":[9.75,3.0,10.0,4.5],"rotation":0,"texture":"#06372d65-0f62-58ec-71f7-85ba20bf0081","tintindex":0},"north":{"uv":[6.5,0.0,9.5,1.5],"rotation":0,"texture":"#06372d65-0f62-58ec-71f7-85ba20bf0081","tintindex":0},"south":{"uv":[6.5,4.0,9.5,5.5],"rotation":0,"texture":"#06372d65-0f62-58ec-71f7-85ba20bf0081","tintindex":0},"up":{"uv":[9.5,2.0,12.5,2.25],"rotation":0,"texture":"#06372d65-0f62-58ec-71f7-85ba20bf0081","tintindex":0},"west":{"uv":[9.75,4.5,10.0,6.0],"rotation":0,"texture":"#06372d65-0f62-58ec-71f7-85ba20bf0081","tintindex":0}}},{"name":"cube","from":[11.0,8.15,5.225],"to":[11.6,11.75,11.225],"rotation":{"angle":0.0,"axis":"x","origin":[8.0,8.68528,8.022552]},"faces":{"down":{"uv":[2.0,9.5,1.75,12.0],"rotation":0,"texture":"#06372d65-0f62-58ec-71f7-85ba20bf0081","tintindex":0},"east":{"uv":[7.0,1.5,9.5,3.0],"rotation":0,"texture":"#06372d65-0f62-58ec-71f7-85ba20bf0081","tintindex":0},"north":{"uv":[5.5,10.0,5.75,11.5],"rotation":0,"texture":"#06372d65-0f62-58ec-71f7-85ba20bf0081","tintindex":0},"south":{"uv":[5.75,10.0,6.0,11.5],"rotation":0,"texture":"#06372d65-0f62-58ec-71f7-85ba20bf0081","tintindex":0},"up":{"uv":[1.5,9.5,1.75,12.0],"rotation":0,"texture":"#06372d65-0f62-58ec-71f7-85ba20bf0081","tintindex":0},"west":{"uv":[0.0,8.0,2.5,9.5],"rotation":0,"texture":"#06372d65-0f62-58ec-71f7-85ba20bf0081","tintindex":0}}},{"name":"cube","from":[4.3999996,8.15,5.225],"to":[5.0,11.75,11.225],"rotation":{"angle":0.0,"axis":"x","origin":[8.0,8.68528,8.022552]},"faces":{"down":{"uv":[2.5,9.5,2.25,12.0],"rotation":0,"texture":"#06372d65-0f62-58ec-71f7-85ba20bf0081","tintindex":0},"east":{"uv":[5.0,8.0,7.5,9.5],"rotation":0,"texture":"#06372d65-0f62-58ec-71f7-85ba20bf0081","tintindex":0},"north":{"uv":[6.0,10.0,6.25,11.5],"rotation":0,"texture":"#06372d65-0f62-58ec-71f7-85ba20bf0081","tintindex":0},"south":{"uv":[6.25,10.0,6.5,11.5],"rotation":0,"texture":"#06372d65-0f62-58ec-71f7-85ba20bf0081","tintindex":0},"up":{"uv":[2.0,9.5,2.25,12.0],"rotation":0,"texture":"#06372d65-0f62-58ec-71f7-85ba20bf0081","tintindex":0},"west":{"uv":[7.5,8.0,10.0,9.5],"rotation":0,"texture":"#06372d65-0f62-58ec-71f7-85ba20bf0081","tintindex":0}}},{"name":"cube","from":[5.0,6.95,5.225],"to":[11.0,8.15,11.225],"rotation":{"angle":0.0,"axis":"x","origin":[8.0,8.68528,8.022552]},"faces":{"down":{"uv":[6.5,0.0,4.0,2.5],"rotation":0,"texture":"#06372d65-0f62-58ec-71f7-85ba20bf0081","tintindex":0},"east":{"uv":[7.0,3.5,9.5,4.0],"rotation":0,"texture":"#06372d65-0f62-58ec-71f7-85ba20bf0081","tintindex":0},"north":{"uv":[7.0,3.0,9.5,3.5],"rotation":0,"texture":"#06372d65-0f62-58ec-71f7-85ba20bf0081","tintindex":0},"south":{"uv":[8.0,7.0,10.5,7.5],"rotation":0,"texture":"#06372d65-0f62-58ec-71f7-85ba20bf0081","tintindex":0},"up":{"uv":[7.0,1.75,9.5,4.25],"rotation":0,"texture":"#06372d65-0f62-58ec-71f7-85ba20bf0081","tintindex":0},"west":{"uv":[8.0,7.5,10.5,8.0],"rotation":0,"texture":"#06372d65-0f62-58ec-71f7-85ba20bf0081","tintindex":0}}},{"name":"cube","from":[6.2,6.35,6.425],"to":[9.8,6.95,10.025],"rotation":{"angle":0.0,"axis":"x","origin":[8.0,8.68528,8.022552]},"faces":{"down":{"uv":[4.0,9.0,2.5,10.5],"rotation":0,"texture":"#06372d65-0f62-58ec-71f7-85ba20bf0081","tintindex":0},"east":{"uv":[2.5,5.75,4.0,6.0],"rotation":0,"texture":"#06372d65-0f62-58ec-71f7-85ba20bf0081","tintindex":0},"north":{"uv":[2.5,5.5,4.0,5.75],"rotation":0,"texture":"#06372d65-0f62-58ec-71f7-85ba20bf0081","tintindex":0},"south":{"uv":[2.5,6.0,4.0,6.25],"rotation":0,"texture":"#06372d65-0f62-58ec-71f7-85ba20bf0081","tintindex":0},"up":{"uv":[10.5,7.0,12.0,8.5],"rotation":0,"texture":"#06372d65-0f62-58ec-71f7-85ba20bf0081","tintindex":0},"west":{"uv":[2.5,6.25,4.0,6.5],"rotation":0,"texture":"#06372d65-0f62-58ec-71f7-85ba20bf0081","tintindex":0}}},{"name":"cube","from":[9.2,5.75,5.825],"to":[10.4,6.95,7.0249996],"rotation":{"angle":0.0,"axis":"x","origin":[8.0,8.68528,8.022552]},"faces":{"down":{"uv":[10.5,6.5,10.0,7.0],"rotation":0,"texture":"#06372d65-0f62-58ec-71f7-85ba20bf0081","tintindex":0},"east":{"uv":[6.5,2.0,7.0,2.5],"rotation":0,"texture":"#06372d65-0f62-58ec-71f7-85ba20bf0081","tintindex":0},"north":{"uv":[6.5,1.5,7.0,2.0],"rotation":0,"texture":"#06372d65-0f62-58ec-71f7-85ba20bf0081","tintindex":0},"south":{"uv":[4.0,9.0,4.5,9.5],"rotation":0,"texture":"#06372d65-0f62-58ec-71f7-85ba20bf0081","tintindex":0},"up":{"uv":[10.0,6.5,10.5,7.0],"rotation":0,"texture":"#06372d65-0f62-58ec-71f7-85ba20bf0081","tintindex":0},"west":{"uv":[4.5,9.0,5.0,9.5],"rotation":0,"texture":"#06372d65-0f62-58ec-71f7-85ba20bf0081","tintindex":0}}},{"name":"cube","from":[9.2,5.75,9.425],"to":[10.4,6.95,10.625],"rotation":{"angle":0.0,"axis":"x","origin":[8.0,8.68528,8.022552]},"faces":{"down":{"uv":[10.5,8.5,10.0,9.0],"rotation":0,"texture":"#06372d65-0f62-58ec-71f7-85ba20bf0081","tintindex":0},"east":{"uv":[10.0,5.5,10.5,6.0],"rotation":0,"texture":"#06372d65-0f62-58ec-71f7-85ba20bf0081","tintindex":0},"north":{"uv":[10.0,5.0,10.5,5.5],"rotation":0,"texture":"#06372d65-0f62-58ec-71f7-85ba20bf0081","tintindex":0},"south":{"uv":[10.0,6.0,10.5,6.5],"rotation":0,"texture":"#06372d65-0f62-58ec-71f7-85ba20bf0081","tintindex":0},"up":{"uv":[10.75,8.0,11.25,8.5],"rotation":0,"texture":"#06372d65-0f62-58ec-71f7-85ba20bf0081","tintindex":0},"west":{"uv":[10.0,6.5,10.5,7.0],"rotation":0,"texture":"#06372d65-0f62-58ec-71f7-85ba20bf0081","tintindex":0}}},{"name":"cube","from":[5.6,5.75,5.825],"to":[6.8,6.95,7.0249996],"rotation":{"angle":0.0,"axis":"x","origin":[8.0,8.68528,8.022552]},"faces":{"down":{"uv":[10.0,10.0,9.5,10.5],"rotation":0,"texture":"#06372d65-0f62-58ec-71f7-85ba20bf0081","tintindex":0},"east":{"uv":[7.0,10.0,7.5,10.5],"rotation":0,"texture":"#06372d65-0f62-58ec-71f7-85ba20bf0081","tintindex":0},"north":{"uv":[6.5,10.0,7.0,10.5],"rotation":0,"texture":"#06372d65-0f62-58ec-71f7-85ba20bf0081","tintindex":0},"south":{"uv":[7.5,10.0,8.0,10.5],"rotation":0,"texture":"#06372d65-0f62-58ec-71f7-85ba20bf0081","tintindex":0},"up":{"uv":[9.0,10.0,9.5,10.5],"rotation":0,"texture":"#06372d65-0f62-58ec-71f7-85ba20bf0081","tintindex":0},"west":{"uv":[8.0,10.0,8.5,10.5],"rotation":0,"texture":"#06372d65-0f62-58ec-71f7-85ba20bf0081","tintindex":0}}},{"name":"cube","from":[5.6,5.75,9.425],"to":[6.8,6.95,10.625],"rotation":{"angle":0.0,"axis":"x","origin":[8.0,8.68528,8.022552]},"faces":{"down":{"uv":[10.5,4.5,10.0,5.0],"rotation":0,"texture":"#06372d65-0f62-58ec-71f7-85ba20bf0081","tintindex":0},"east":{"uv":[10.0,10.0,10.5,10.5],"rotation":0,"texture":"#06372d65-0f62-58ec-71f7-85ba20bf0081","tintindex":0},"north":{"uv":[9.5,10.0,10.0,10.5],"rotation":0,"texture":"#06372d65-0f62-58ec-71f7-85ba20bf0081","tintindex":0},"south":{"uv":[10.0,3.0,10.5,3.5],"rotation":0,"texture":"#06372d65-0f62-58ec-71f7-85ba20bf0081","tintindex":0},