{"file_name":"bone4","texture_size":[64,64],"textures":{"d038dfa1-e306-b70d-d280-8e39f0c6a5c7":"modelengine:entity/coffin"},"elements":[{"name":"cube","from":[5.8737545,8.192476,8.7975],"to":[7.253754,17.852478,10.1775],"rotation":{"angle":0.0,"axis":"x","origin":[5.9569783,7.7204895,10.1775]},"faces":{"down":{"uv":[11.25,6.0,11.0,5.75],"rotation":0,"texture":"#d038dfa1-e306-b70d-d280-8e39f0c6a5c7","tintindex":0},"east":{"uv":[0.75,10.0,0.5,11.75],"rotation":0,"texture":"#d038dfa1-e306-b70d-d280-8e39f0c6a5c7","tintindex":0},"north":{"uv":[1.0,10.0,0.75,11.75],"rotation":0,"texture":"#d038dfa1-e306-b70d-d280-8e39f0c6a5c7","tintindex":0},"south":{"uv":[0.5,10.0,0.25,11.75],"rotation":0,"texture":"#d038dfa1-e306-b70d-d280-8e39f0c6a5c7","tintindex":0},"up":{"uv":[11.25,5.5,11.0,5.75],"rotation":0,"texture":"#d038dfa1-e306-b70d-d280-8e39f0c6a5c7","tintindex":0},"west":{"uv":[1.25,10.0,1.0,11.75],"rotation":0,"texture":"#d038dfa1-e306-b70d-d280-8e39f0c6a5c7","tintindex":0}}}],"display":{"head":{"translation":[0.0,-6.4,0.0],"rotation":[0.0,0.0,0.0],"scale":[3.8095,3.8095,3.8095]},"gui":{"translation":[0.0,0.0,0.0],"rotation":[35.0,225.0,0.0],"scale":[0.625,0.625,0.625]}}}