{"file_name":"bone7","texture_size":[64,64],"textures":{"d038dfa1-e306-b70d-d280-8e39f0c6a5c7":"modelengine:entity/coffin"},"elements":[{"name":"cube","from":[8.787334,8.179522,10.1775],"to":[10.167334,17.839523,18.4575],"rotation":{"angle":0.0,"axis":"x","origin":[10.08411,7.707535,10.1775]},"faces":{"down":{"uv":[4.5,12.5,4.75,11.0],"rotation":0,"texture":"#d038dfa1-e306-b70d-d280-8e39f0c6a5c7","tintindex":0},"east":{"uv":[7.25,9.5,5.75,11.25],"rotation":0,"texture":"#d038dfa1-e306-b70d-d280-8e39f0c6a5c7","tintindex":0},"north":{"uv":[10.25,10.0,10.0,11.75],"rotation":0,"texture":"#d038dfa1-e306-b70d-d280-8e39f0c6a5c7","tintindex":0},"south":{"uv":[10.0,10.0,9.75,11.75],"rotation":0,"texture":"#d038dfa1-e306-b70d-d280-8e39f0c6a5c7","tintindex":0},"up":{"uv":[4.5,8.0,4.25,9.5],"rotation":0,"texture":"#d038dfa1-e306-b70d-d280-8e39f0c6a5c7","tintindex":0},"west":{"uv":[8.75,9.5,7.25,11.25],"rotation":0,"texture":"#d038dfa1-e306-b70d-d280-8e39f0c6a5c7","tintindex":0}}}],"display":{"head":{"translation":[0.0,-6.4,0.0],"rotation":[0.0,0.0,0.0],"scale":[3.8095,3.8095,3.8095]},"gui":{"translation":[0.0,0.0,0.0],"rotation":[35.0,225.0,0.0],"scale":[0.625,0.625,0.625]}}}