{"file_name":"bone2","texture_size":[64,64],"textures":{"d038dfa1-e306-b70d-d280-8e39f0c6a5c7":"modelengine:entity/coffin"},"elements":[{"name":"cube","from":[8.787334,8.179522,8.7975],"to":[10.167334,17.839523,10.1775],"rotation":{"angle":0.0,"axis":"x","origin":[10.08411,7.707535,10.1775]},"faces":{"down":{"uv":[9.25,7.75,9.0,7.5],"rotation":0,"texture":"#d038dfa1-e306-b70d-d280-8e39f0c6a5c7","tintindex":0},"east":{"uv":[10.0,3.5,9.75,5.25],"rotation":0,"texture":"#d038dfa1-e306-b70d-d280-8e39f0c6a5c7","tintindex":0},"north":{"uv":[10.0,5.25,9.75,7.0],"rotation":0,"texture":"#d038dfa1-e306-b70d-d280-8e39f0c6a5c7","tintindex":0},"south":{"uv":[4.0,9.75,3.75,11.5],"rotation":0,"texture":"#d038dfa1-e306-b70d-d280-8e39f0c6a5c7","tintindex":0},"up":{"uv":[9.0,7.5,8.75,7.75],"rotation":0,"texture":"#d038dfa1-e306-b70d-d280-8e39f0c6a5c7","tintindex":0},"west":{"uv":[0.25,10.0,0.0,11.75],"rotation":0,"texture":"#d038dfa1-e306-b70d-d280-8e39f0c6a5c7","tintindex":0}}}],"display":{"head":{"translation":[0.0,-6.4,0.0],"rotation":[0.0,0.0,0.0],"scale":[3.8095,3.8095,3.8095]},"gui":{"translation":[0.0,0.0,0.0],"rotation":[35.0,225.0,0.0],"scale":[0.625,0.625,0.625]}}}