{"file_name":"bone3","texture_size":[64,64],"textures":{"d038dfa1-e306-b70d-d280-8e39f0c6a5c7":"modelengine:entity/coffin"},"elements":[{"name":"cube","from":[9.8726845,-16.0,8.7975],"to":[11.252686,11.600001,10.1775],"rotation":{"angle":0.0,"axis":"x","origin":[11.745458,8.868042,10.1775]},"faces":{"down":{"uv":[11.0,5.5,11.25,5.25],"rotation":0,"texture":"#d038dfa1-e306-b70d-d280-8e39f0c6a5c7","tintindex":0},"east":{"uv":[9.75,9.5,9.5,14.5],"rotation":0,"texture":"#d038dfa1-e306-b70d-d280-8e39f0c6a5c7","tintindex":0},"north":{"uv":[2.5,9.75,2.25,14.75],"rotation":0,"texture":"#d038dfa1-e306-b70d-d280-8e39f0c6a5c7","tintindex":0},"south":{"uv":[9.5,9.5,9.25,14.5],"rotation":0,"texture":"#d038dfa1-e306-b70d-d280-8e39f0c6a5c7","tintindex":0},"up":{"uv":[11.25,5.0,11.0,5.25],"rotation":0,"texture":"#d038dfa1-e306-b70d-d280-8e39f0c6a5c7","tintindex":0},"west":{"uv":[2.75,9.75,2.5,14.75],"rotation":0,"texture":"#d038dfa1-e306-b70d-d280-8e39f0c6a5c7","tintindex":0}}}],"display":{"head":{"translation":[0.0,-32.882652,0.0],"rotation":[0.0,0.0,0.0],"scale":[3.8095,3.8095,3.8095]},"gui":{"translation":[0.0,0.0,0.0],"rotation":[35.0,225.0,0.0],"scale":[0.625,0.625,0.625]}}}