{"file_name":"bone","texture_size":[64,64],"textures":{"d038dfa1-e306-b70d-d280-8e39f0c6a5c7":"modelengine:entity/coffin"},"elements":[{"name":"cube","from":[4.7902336,-16.0,8.7975],"to":[6.1702337,11.6,10.1775],"rotation":{"angle":0.0,"axis":"x","origin":[4.29746,8.868038,10.1775]},"faces":{"down":{"uv":[8.5,7.75,8.75,7.5],"rotation":0,"texture":"#d038dfa1-e306-b70d-d280-8e39f0c6a5c7","tintindex":0},"east":{"uv":[2.25,8.25,2.0,13.25],"rotation":0,"texture":"#d038dfa1-e306-b70d-d280-8e39f0c6a5c7","tintindex":0},"north":{"uv":[9.0,9.5,8.75,14.5],"rotation":0,"texture":"#d038dfa1-e306-b70d-d280-8e39f0c6a5c7","tintindex":0},"south":{"uv":[2.0,8.25,1.75,13.25],"rotation":0,"texture":"#d038dfa1-e306-b70d-d280-8e39f0c6a5c7","tintindex":0},"up":{"uv":[8.5,7.5,8.25,7.75],"rotation":0,"texture":"#d038dfa1-e306-b70d-d280-8e39f0c6a5c7","tintindex":0},"west":{"uv":[9.25,9.5,9.0,14.5],"rotation":0,"texture":"#d038dfa1-e306-b70d-d280-8e39f0c6a5c7","tintindex":0}}}],"display":{"head":{"translation":[0.0,-32.86862,0.0],"rotation":[0.0,0.0,0.0],"scale":[3.8095,3.8095,3.8095]},"gui":{"translation":[0.0,0.0,0.0],"rotation":[35.0,225.0,0.0],"scale":[0.625,0.625,0.625]}}}