{"file_name":"casket","texture_size":[64,64],"textures":{"d038dfa1-e306-b70d-d280-8e39f0c6a5c7":"modelengine:entity/coffin"},"elements":[{"name":"cube","from":[2.889034,-4.7931848,11.8525],"to":[13.101035,-3.4131851,20.1325],"rotation":{"angle":0.0,"axis":"x","origin":[11.721035,-4.7931848,11.8525]},"faces":{"down":{"uv":[4.0,11.0,5.75,9.5],"rotation":0,"texture":"#d038dfa1-e306-b70d-d280-8e39f0c6a5c7","tintindex":0},"east":{"uv":[4.5,2.75,3.0,3.0],"rotation":0,"texture":"#d038dfa1-e306-b70d-d280-8e39f0c6a5c7","tintindex":0},"north":{"uv":[11.5,1.5,9.75,1.75],"rotation":0,"texture":"#d038dfa1-e306-b70d-d280-8e39f0c6a5c7","tintindex":0},"south":{"uv":[11.5,1.25,9.75,1.5],"rotation":0,"texture":"#d038dfa1-e306-b70d-d280-8e39f0c6a5c7","tintindex":0},"up":{"uv":[10.75,1.75,9.0,3.25],"rotation":0,"texture":"#d038dfa1-e306-b70d-d280-8e39f0c6a5c7","tintindex":0},"west":{"uv":[6.0,3.5,4.5,3.75],"rotation":0,"texture":"#d038dfa1-e306-b70d-d280-8e39f0c6a5c7","tintindex":0}}},{"name":"cube","from":[3.7846184,30.39922,11.8525],"to":[12.202619,31.77922,20.1325],"rotation":{"angle":0.0,"axis":"x","origin":[10.8226185,30.39922,11.8525]},"faces":{"down":{"uv":[0.0,6.5,1.5,5.0],"rotation":0,"texture":"#d038dfa1-e306-b70d-d280-8e39f0c6a5c7","tintindex":0},"east":{"uv":[6.0,4.0,4.5,4.25],"rotation":0,"texture":"#d038dfa1-e306-b70d-d280-8e39f0c6a5c7","tintindex":0},"north":{"uv":[6.0,4.25,4.5,4.5],"rotation":0,"texture":"#d038dfa1-e306-b70d-d280-8e39f0c6a5c7","tintindex":0},"south":{"uv":[6.0,3.75,4.5,4.0],"rotation":0,"texture":"#d038dfa1-e306-b70d-d280-8e39f0c6a5c7","tintindex":0},"up":{"uv":[3.0,0.0,1.5,1.5],"rotation":0,"texture":"#d038dfa1-e306-b70d-d280-8e39f0c6a5c7","tintindex":0},"west":{"uv":[12.25,2.25,10.75,2.5],"rotation":0,"texture":"#d038dfa1-e306-b70d-d280-8e39f0c6a5c7","tintindex":0}}},{"name":"cube","from":[3.3160346,-3.6176543,19.0975],"to":[12.976035,6.3873453,19.787502],"rotation":{"angle":0.0,"axis":"x","origin":[8.031034,19.014347,19.442501]},"faces":{"down":{"uv":[10.0,7.25,11.75,7.0],"rotation":0,"texture":"#d038dfa1-e306-b70d-d280-8e39f0c6a5c7","tintindex":0},"east":{"uv":[10.25,3.5,10.0,5.25],"rotation":0,"texture":"#d038dfa1-e306-b70d-d280-8e39f0c6a5c7","tintindex":0},"north":{"uv":[9.5,7.75,7.75,9.5],"rotation":0,"texture":"#d038dfa1-e306-b70d-d280-8e39f0c6a5c7","tintindex":0},"south":{"uv":[7.75,7.75,6.0,9.5],"rotation":0,"texture":"#d038dfa1-e306-b70d-d280-8e39f0c6a5c7","tintindex":0},"up":{"uv":[11.5,9.5,9.75,9.75],"rotation":0,"texture":"#d038dfa1-e306-b70d-d280-8e39f0c6a5c7","tintindex":0},"west":{"uv":[10.25,5.25,10.0,7.0],"rotation":0,"texture":"#d038dfa1-e306-b70d-d280-8e39f0c6a5c7","tintindex":0}}},{"name":"cube","from":[2.2120342,6.3873453,19.0975],"to":[13.942035,16.392345,19.787502],"rotation":{"angle":0.0,"axis":"x","origin":[8.031034,19.014347,19.442501]},"faces":{"down":{"uv":[9.0,3.5,11.25,3.25],"rotation":0,"texture":"#d038dfa1-e306-b70d-d280-8e39f0c6a5c7","tintindex":0},"east":{"uv":[10.5,10.25,10.25,12.0],"rotation":0,"texture":"#d038dfa1-e306-b70d-d280-8e39f0c6a5c7","tintindex":0},"north":{"uv":[6.75,1.75,4.5,3.5],"rotation":0,"texture":"#d038dfa1-e306-b70d-d280-8e39f0c6a5c7","tintindex":0},"south":{"uv":[5.25,0.0,3.0,1.75],"rotation":0,"texture":"#d038dfa1-e306-b70d-d280-8e39f0c6a5c7","tintindex":0},"up":{"uv":[8.25,5.75,6.0,6.0],"rotation":0,"texture":"#d038dfa1-e306-b70d-d280-8e39f0c6a5c7","tintindex":0},"west":{"uv":[10.5,3.5,10.25,5.25],"rotation":0,"texture":"#d038dfa1-e306-b70d-d280-8e39f0c6a5c7","tintindex":0}}},{"name":"cube","from":[1.7980344,16.392345,19.0975],"to":[14.218036,25.845345,19.787502],"rotation":{"angle":0.0,"axis":"x","origin":[8.031034,19.014347,19.442501]},"faces":{"down":{"uv":[9.5,9.0,11.75,8.75],"rotation":0,"texture":"#d038dfa1-e306-b70d-d280-8e39f0c6a5c7","tintindex":0},"east":{"uv":[10.5,5.25,10.25,7.0],"rotation":0,"texture":"#d038dfa1-e306-b70d-d280-8e39f0c6a5c7","tintindex":0},"north":{"uv":[8.25,6.0,6.0,7.75],"rotation":0,"texture":"#d038dfa1-e306-b70d-d280-8e39f0c6a5c7","tintindex":0},"south":{"uv":[7.5,0.0,5.25,1.75],"rotation":0,"texture":"#d038dfa1-e306-b70d-d280-8e39f0c6a5c7","tintindex":0},"up":{"uv":[11.75,8.5,9.5,8.75],"rotation":0,"texture":"#d038dfa1-e306-b70d-d280-8e39f0c6a5c7","tintindex":0},"west":{"uv":[10.75,10.5,10.5,12.25],"rotation":0,"texture":"#d038dfa1-e306-b70d-d280-8e39f0c6a5c7","tintindex":0}}},{"name":"cube","from":[2.9020345,25.845345,19.0975],"to":[13.114036,29.226345,19.787502],"rotation":{"angle":0.0,"axis":"x","origin":[8.031034,19.014347,19.442501]},"faces":{"down":{"uv":[10.25,10.25,12.0,10.0],"rotation":0,"texture":"#d038dfa1-e306-b70d-d280-8e39f0c6a5c7","tintindex":0},"east":{"uv":[8.0,5.25,7.75,5.75],"rotation":0,"texture":"#d038dfa1-e306-b70d-d280-8e39f0c6a5c7","tintindex":0},"north":{"uv":[10.0,7.0,8.25,7.5],"rotation":0,"texture":"#d038dfa1-e306-b70d-d280-8e39f0c6a5c7","tintindex":0},"south":{"uv":[7.75,5.25,6.0,5.75],"rotation":0,"texture":"#d038dfa1-e306-b70d-d280-8e39f0c6a5c7","tintindex":0},"up":{"uv":[11.75,7.25,10.0,7.5],"rotation":0,"texture":"#d038dfa1-e306-b70d-d280-8e39f0c6a5c7","tintindex":0},"west":{"uv":[8.25,5.25,8.0,5.75],"rotation":0,"texture":"#d038dfa1-e306-b70d-d280-8e39f0c6a5c7","tintindex":0}}},{"name":"cube","from":[3.7300346,29.226345,19.0975],"to":[12.424035,31.089348,19.787502],"rotation":{"angle":0.0,"axis":"x","origin":[8.169035,19.014347,19.442501]},"faces":{"down":{"uv":[10.75,10.75,12.25,10.5],"rotation":0,"texture":"#d038dfa1-e306-b70d-d280-8e39f0c6a5c7","tintindex":0},"east":{"uv":[11.25,6.0,11.0,6.25],"rotation":0,"texture":"#d038dfa1-e306-b70d-d280-8e39f0c6a5c7","tintindex":0},"north":{"uv":[12.25,2.75,10.75,3.0],"rotation":0,"texture":"#d038dfa1-e306-b70d-d280-8e39f0c6a5c7","tintindex":0},"south":{"uv":[12.25,2.5,10.75,2.75],"rotation":0,"texture":"#d038dfa1-e306-b70d-d280-8e39f0c6a5c7","tintindex":0},"up":{"uv":[12.25,3.0,10.75,3.25],"rotation":0,"texture":"#d038dfa1-e306-b70d-d280-8e39f0c6a5c7","tintindex":0},"west":{"uv":[11.25,6.25,11.0,6.5],"rotation":0,"texture":"#d038dfa1-e306-b70d-d280-8e39f0c6a5c7","tintindex":0}}}],"display":{"head":{"translation":[0.0,-6.4,0.0],"rotation":[0.0,0.0,0.0],"scale":[3.8095,3.8095,3.8095]},"gui":{"translation":[0.0,0.0,0.0],"rotation":[35.0,225.0,0.0],"scale":[0.625,0.625,0.625]}}}