{"file_name":"lid","texture_size":[64,64],"textures":{"d038dfa1-e306-b70d-d280-8e39f0c6a5c7":"modelengine:entity/coffin"},"elements":[{"name":"cube","from":[-3.2814593,-8.736501,6.9825],"to":[6.3785415,1.2684991,7.6725],"rotation":{"angle":0.0,"axis":"x","origin":[1.4335412,13.895501,7.3275]},"faces":{"down":{"uv":[12.5,11.0,10.75,10.75],"rotation":0,"texture":"#d038dfa1-e306-b70d-d280-8e39f0c6a5c7","tintindex":0},"east":{"uv":[10.75,3.5,10.5,5.25],"rotation":0,"texture":"#d038dfa1-e306-b70d-d280-8e39f0c6a5c7","tintindex":0},"north":{"uv":[1.75,8.25,0.0,10.0],"rotation":0,"texture":"#d038dfa1-e306-b70d-d280-8e39f0c6a5c7","tintindex":0},"south":{"uv":[4.0,8.0,2.25,9.75],"rotation":0,"texture":"#d038dfa1-e306-b70d-d280-8e39f0c6a5c7","tintindex":0},"up":{"uv":[12.25,10.25,10.5,10.5],"rotation":0,"texture":"#d038dfa1-e306-b70d-d280-8e39f0c6a5c7","tintindex":0},"west":{"uv":[10.75,5.25,10.5,7.0],"rotation":0,"texture":"#d038dfa1-e306-b70d-d280-8e39f0c6a5c7","tintindex":0}}},{"name":"cube","from":[-4.3854594,1.2684991,6.9825],"to":[7.3445415,11.2734995,7.6725],"rotation":{"angle":0.0,"axis":"x","origin":[1.4335412,13.895501,7.3275]},"faces":{"down":{"uv":[11.75,9.5,9.5,9.25],"rotation":0,"texture":"#d038dfa1-e306-b70d-d280-8e39f0c6a5c7","tintindex":0},"east":{"uv":[11.0,3.5,10.75,5.25],"rotation":0,"texture":"#d038dfa1-e306-b70d-d280-8e39f0c6a5c7","tintindex":0},"north":{"uv":[2.25,6.5,0.0,8.25],"rotation":0,"texture":"#d038dfa1-e306-b70d-d280-8e39f0c6a5c7","tintindex":0},"south":{"uv":[8.25,3.5,6.0,5.25],"rotation":0,"texture":"#d038dfa1-e306-b70d-d280-8e39f0c6a5c7","tintindex":0},"up":{"uv":[11.75,9.0,9.5,9.25],"rotation":0,"texture":"#d038dfa1-e306-b70d-d280-8e39f0c6a5c7","tintindex":0},"west":{"uv":[11.0,5.25,10.75,7.0],"rotation":0,"texture":"#d038dfa1-e306-b70d-d280-8e39f0c6a5c7","tintindex":0}}},{"name":"cube","from":[-4.7994595,11.2734995,6.9825],"to":[7.6205416,20.726501,7.6725],"rotation":{"angle":0.0,"axis":"x","origin":[1.4335412,13.895501,7.3275]},"faces":{"down":{"uv":[12.0,0.25,9.75,0.0],"rotation":0,"texture":"#d038dfa1-e306-b70d-d280-8e39f0c6a5c7","tintindex":0},"east":{"uv":[4.25,11.0,4.0,12.75],"rotation":0,"texture":"#d038dfa1-e306-b70d-d280-8e39f0c6a5c7","tintindex":0},"north":{"uv":[9.75,0.0,7.5,1.75],"rotation":0,"texture":"#d038dfa1-e306-b70d-d280-8e39f0c6a5c7","tintindex":0},"south":{"uv":[9.0,1.75,6.75,3.5],"rotation":0,"texture":"#d038dfa1-e306-b70d-d280-8e39f0c6a5c7","tintindex":0},"up":{"uv":[12.0,9.75,9.75,10.0],"rotation":0,"texture":"#d038dfa1-e306-b70d-d280-8e39f0c6a5c7","tintindex":0},"west":{"uv":[4.5,11.0,4.25,12.75],"rotation":0,"texture":"#d038dfa1-e306-b70d-d280-8e39f0c6a5c7","tintindex":0}}},{"name":"cube","from":[-3.6954594,20.726501,6.9825],"to":[6.5165415,24.107502,7.6725],"rotation":{"angle":0.0,"axis":"x","origin":[1.4335412,13.895501,7.3275]},"faces":{"down":{"uv":[12.5,2.25,10.75,2.0],"rotation":0,"texture":"#d038dfa1-e306-b70d-d280-8e39f0c6a5c7","tintindex":0},"east":{"uv":[5.5,11.0,5.25,11.5],"rotation":0,"texture":"#d038dfa1-e306-b70d-d280-8e39f0c6a5c7","tintindex":0},"north":{"uv":[11.25,8.0,9.5,8.5],"rotation":0,"texture":"#d038dfa1-e306-b70d-d280-8e39f0c6a5c7","tintindex":0},"south":{"uv":[11.25,7.5,9.5,8.0],"rotation":0,"texture":"#d038dfa1-e306-b70d-d280-8e39f0c6a5c7","tintindex":0},"up":{"uv":[12.5,1.75,10.75,2.0],"rotation":0,"texture":"#d038dfa1-e306-b70d-d280-8e39f0c6a5c7","tintindex":0},"west":{"uv":[5.75,11.0,5.5,11.5],"rotation":0,"texture":"#d038dfa1-e306-b70d-d280-8e39f0c6a5c7","tintindex":0}}},{"name":"cube","from":[-2.8674588,24.107502,6.9825],"to":[5.826541,25.9705,7.6725],"rotation":{"angle":0.0,"axis":"x","origin":[1.571541,13.895501,7.3275]},"faces":{"down":{"uv":[12.5,4.25,11.0,4.0],"rotation":0,"texture":"#d038dfa1-e306-b70d-d280-8e39f0c6a5c7","tintindex":0},"east":{"uv":[11.25,6.5,11.0,6.75],"rotation":0,"texture":"#d038dfa1-e306-b70d-d280-8e39f0c6a5c7","tintindex":0},"north":{"uv":[12.5,3.5,11.0,3.75],"rotation":0,"texture":"#d038dfa1-e306-b70d-d280-8e39f0c6a5c7","tintindex":0},"south":{"uv":[12.25,11.0,10.75,11.25],"rotation":0,"texture":"#d038dfa1-e306-b70d-d280-8e39f0c6a5c7","tintindex":0},"up":{"uv":[12.5,3.75,11.0,4.0],"rotation":0,"texture":"#d038dfa1-e306-b70d-d280-8e39f0c6a5c7","tintindex":0},"west":{"uv":[11.25,6.75,11.0,7.0],"rotation":0,"texture":"#d038dfa1-e306-b70d-d280-8e39f0c6a5c7","tintindex":0}}},{"name":"cube","from":[-3.7084599,-9.912031,6.6375],"to":[6.503541,-8.532031,8.0175],"rotation":{"angle":0.0,"axis":"x","origin":[5.123541,-9.912031,8.0175]},"faces":{"down":{"uv":[11.5,1.25,9.75,1.0],"rotation":0,"texture":"#d038dfa1-e306-b70d-d280-8e39f0c6a5c7","tintindex":0},"east":{"uv":[11.25,4.5,11.0,4.75],"rotation":0,"texture":"#d038dfa1-e306-b70d-d280-8e39f0c6a5c7","tintindex":0},"north":{"uv":[11.5,0.5,9.75,0.75],"rotation":0,"texture":"#d038dfa1-e306-b70d-d280-8e39f0c6a5c7","tintindex":0},"south":{"uv":[11.5,0.25,9.75,0.5],"rotation":0,"texture":"#d038dfa1-e306-b70d-d280-8e39f0c6a5c7","tintindex":0},"up":{"uv":[11.5,0.75,9.75,1.0],"rotation":0,"texture":"#d038dfa1-e306-b70d-d280-8e39f0c6a5c7","tintindex":0},"west":{"uv":[11.25,4.75,11.0,5.0],"rotation":0,"texture":"#d038dfa1-e306-b70d-d280-8e39f0c6a5c7","tintindex":0}}},{"name":"cube","from":[-2.8128753,25.280373,6.6375],"to":[5.6051254,26.660374,8.0175],"rotation":{"angle":0.0,"axis":"x","origin":[4.225125,25.280373,8.0175]},"faces":{"down":{"uv":[4.5,2.75,3.0,2.5],"rotation":0,"texture":"#d038dfa1-e306-b70d-d280-8e39f0c6a5c7","tintindex":0},"east":{"uv":[9.5,7.5,9.25,7.75],"rotation":0,"texture":"#d038dfa1-e306-b70d-d280-8e39f0c6a5c7","tintindex":0},"north":{"uv":[4.5,2.0,3.0,2.25],"rotation":0,"texture":"#d038dfa1-e306-b70d-d280-8e39f0c6a5c7","tintindex":0},"south":{"uv":[4.5,1.75,3.0,2.0],"rotation":0,"texture":"#d038dfa1-e306-b70d-d280-8e39f0c6a5c7","tintindex":0},"up":{"uv":[4.5,2.25,3.0,2.5],"rotation":0,"texture":"#d038dfa1-e306-b70d-d280-8e39f0c6a5c7","tintindex":0},"west":{"uv":[11.25,4.25,11.0,4.5],"rotation":0,"texture":"#d038dfa1-e306-b70d-d280-8e39f0c6a5c7","tintindex":0}}}],"display":{"head":{"translation":[0.0,-6.4,0.0],"rotation":[0.0,0.0,0.0],"scale":[3.8095,3.8095,3.8095]},"gui":{"translation":[0.0,0.0,0.0],"rotation":[35.0,225.0,0.0],"scale":[0.625,0.625,0.625]}}}