{"file_name":"head","texture_size":[32,32],"textures":{"67d61632-f22f-a96c-428d-407f1b6bcf27":"modelengine:entity/rattler"},"elements":[{"name":"cube","from":[7.6658883,7.7,4.2068815],"to":[8.265888,8.9,5.7068815],"rotation":{"angle":0.0,"axis":"x","origin":[8.0,8.0,8.0]},"faces":{"down":{"uv":[6.5,10.0,7.0,11.5],"rotation":0,"texture":"#67d61632-f22f-a96c-428d-407f1b6bcf27","tintindex":0},"east":{"uv":[8.0,6.0,9.5,7.0],"rotation":0,"texture":"#67d61632-f22f-a96c-428d-407f1b6bcf27","tintindex":0},"north":{"uv":[3.0,10.5,3.5,11.5],"rotation":0,"texture":"#67d61632-f22f-a96c-428d-407f1b6bcf27","tintindex":0},"south":{"uv":[3.5,10.5,4.0,11.5],"rotation":0,"texture":"#67d61632-f22f-a96c-428d-407f1b6bcf27","tintindex":0},"up":{"uv":[4.5,11.5,4.0,10.0],"rotation":0,"texture":"#67d61632-f22f-a96c-428d-407f1b6bcf27","tintindex":0},"west":{"uv":[0.0,8.5,1.5,9.5],"rotation":0,"texture":"#67d61632-f22f-a96c-428d-407f1b6bcf27","tintindex":0}}},{"name":"cube","from":[6.596548,7.7,5.267542],"to":[9.326548,8.9,6.767542],"rotation":{"angle":0.0,"axis":"x","origin":[8.0,8.0,8.0]},"faces":{"down":{"uv":[4.5,5.0,7.0,6.5],"rotation":0,"texture":"#67d61632-f22f-a96c-428d-407f1b6bcf27","tintindex":0},"east":{"uv":[0.0,9.5,1.5,10.5],"rotation":0,"texture":"#67d61632-f22f-a96c-428d-407f1b6bcf27","tintindex":0},"north":{"uv":[3.0,6.5,5.5,7.5],"rotation":0,"texture":"#67d61632-f22f-a96c-428d-407f1b6bcf27","tintindex":0},"south":{"uv":[5.5,6.5,8.0,7.5],"rotation":0,"texture":"#67d61632-f22f-a96c-428d-407f1b6bcf27","tintindex":0},"up":{"uv":[4.5,6.5,2.0,5.0],"rotation":0,"texture":"#67d61632-f22f-a96c-428d-407f1b6bcf27","tintindex":0},"west":{"uv":[9.5,6.0,11.0,7.0],"rotation":0,"texture":"#67d61632-f22f-a96c-428d-407f1b6bcf27","tintindex":0}}},{"name":"cube","from":[6.8965483,7.4,6.767542],"to":[8.996549,8.6,9.1675415],"rotation":{"angle":0.0,"axis":"x","origin":[8.0,8.0,8.0]},"faces":{"down":{"uv":[4.0,0.0,6.0,2.0],"rotation":0,"texture":"#67d61632-f22f-a96c-428d-407f1b6bcf27","tintindex":0},"east":{"uv":[7.5,7.5,9.5,8.5],"rotation":0,"texture":"#67d61632-f22f-a96c-428d-407f1b6bcf27","tintindex":0},"north":{"uv":[4.0,3.0,6.0,4.0],"rotation":0,"texture":"#67d61632-f22f-a96c-428d-407f1b6bcf27","tintindex":0},"south":{"uv":[8.0,0.0,10.0,1.0],"rotation":0,"texture":"#67d61632-f22f-a96c-428d-407f1b6bcf27","tintindex":0},"up":{"uv":[2.0,6.0,0.0,4.0],"rotation":0,"texture":"#67d61632-f22f-a96c-428d-407f1b6bcf27","tintindex":0},"west":{"uv":[8.0,1.0,10.0,2.0],"rotation":0,"texture":"#67d61632-f22f-a96c-428d-407f1b6bcf27","tintindex":0}}},{"name":"cube","from":[9.670151,7.7,5.505872],"to":[10.8701515,8.9,7.005872],"rotation":{"angle":45.0,"axis":"y","origin":[8.0,8.0,8.0]},"faces":{"down":{"uv":[8.5,8.5,9.5,10.0],"rotation":0,"texture":"#67d61632-f22f-a96c-428d-407f1b6bcf27","tintindex":0},"east":{"uv":[8.5,4.0,10.0,5.0],"rotation":0,"texture":"#67d61632-f22f-a96c-428d-407f1b6bcf27","tintindex":0},"north":{"uv":[6.5,9.0,7.5,10.0],"rotation":0,"texture":"#67d61632-f22f-a96c-428d-407f1b6bcf27","tintindex":0},"south":{"uv":[10.0,1.5,11.0,2.5],"rotation":0,"texture":"#67d61632-f22f-a96c-428d-407f1b6bcf27","tintindex":0},"up":{"uv":[8.5,10.0,7.5,8.5],"rotation":0,"texture":"#67d61632-f22f-a96c-428d-407f1b6bcf27","tintindex":0},"west":{"uv":[8.5,5.0,10.0,6.0],"rotation":0,"texture":"#67d61632-f22f-a96c-428d-407f1b6bcf27","tintindex":0}}},{"name":"cube","from":[8.920151,6.5,5.0558715],"to":[10.8701515,7.7,7.005872],"rotation":{"angle":45.0,"axis":"y","origin":[8.0,8.0,8.0]},"faces":{"down":{"uv":[6.0,7.5,7.5,9.0],"rotation":0,"texture":"#67d61632-f22f-a96c-428d-407f1b6bcf27","tintindex":0},"east":{"uv":[9.5,8.0,11.0,9.0],"rotation":0,"texture":"#67d61632-f22f-a96c-428d-407f1b6bcf27","tintindex":0},"north":{"uv":[9.5,7.0,11.0,8.0],"rotation":0,"texture":"#67d61632-f22f-a96c-428d-407f1b6bcf27","tintindex":0},"south":{"uv":[9.5,9.0,11.0,10.0],"rotation":0,"texture":"#67d61632-f22f-a96c-428d-407f1b6bcf27","tintindex":0},"up":{"uv":[6.0,9.0,4.5,7.5],"rotation":0,"texture":"#67d61632-f22f-a96c-428d-407f1b6bcf27","tintindex":0},"west":{"uv":[10.0,0.0,11.5,1.0],"rotation":0,"texture":"#67d61632-f22f-a96c-428d-407f1b6bcf27","tintindex":0}}},{"name":"cube","from":[5.0816073,7.7,5.5541134],"to":[6.2816076,8.9,7.0541134],"rotation":{"angle":-45.0,"axis":"y","origin":[8.0,8.0,8.0]},"faces":{"down":{"uv":[5.5,9.0,6.5,10.5],"rotation":0,"texture":"#67d61632-f22f-a96c-428d-407f1b6bcf27","tintindex":0},"east":{"uv":[1.5,9.0,3.0,10.0],"rotation":0,"texture":"#67d61632-f22f-a96c-428d-407f1b6bcf27","tintindex":0},"north":{"uv":[10.0,2.5,11.0,3.5],"rotation":0,"texture":"#67d61632-f22f-a96c-428d-407f1b6bcf27","tintindex":0},"south":{"uv":[10.0,3.5,11.0,4.5],"rotation":0,"texture":"#67d61632-f22f-a96c-428d-407f1b6bcf27","tintindex":0},"up":{"uv":[5.5,10.5,4.5,9.0],"rotation":0,"texture":"#67d61632-f22f-a96c-428d-407f1b6bcf27","tintindex":0},"west":{"uv":[3.0,9.0,4.5,10.0],"rotation":0,"texture":"#67d61632-f22f-a96c-428d-407f1b6bcf27","tintindex":0}}}],"display":{"head":{"translation":[0.0,-6.4,0.0],"rotation":[0.0,0.0,0.0],"scale":[3.8095,3.8095,3.8095]},"gui":{"translation":[0.0,0.0,0.0],"rotation":[35.0,225.0,0.0],"scale":[0.625,0.625,0.625]}}}