{"file_name":"jaw","texture_size":[32,32],"textures":{"67d61632-f22f-a96c-428d-407f1b6bcf27":"modelengine:entity/rattler"},"elements":[{"name":"cube","from":[6.781745,7.55,6.443198],"to":[8.911745,8.15,7.943198],"rotation":{"angle":0.0,"axis":"x","origin":[7.846745,7.85,7.193198]},"faces":{"down":{"uv":[6.0,3.0,8.0,4.5],"rotation":0,"texture":"#67d61632-f22f-a96c-428d-407f1b6bcf27","tintindex":0},"east":{"uv":[8.0,7.0,9.5,7.5],"rotation":0,"texture":"#67d61632-f22f-a96c-428d-407f1b6bcf27","tintindex":0},"north":{"uv":[6.0,1.5,8.0,2.0],"rotation":0,"texture":"#67d61632-f22f-a96c-428d-407f1b6bcf27","tintindex":0},"south":{"uv":[10.0,4.5,12.0,5.0],"rotation":0,"texture":"#67d61632-f22f-a96c-428d-407f1b6bcf27","tintindex":0},"up":{"uv":[8.0,1.5,6.0,0.0],"rotation":0,"texture":"#67d61632-f22f-a96c-428d-407f1b6bcf27","tintindex":0},"west":{"uv":[10.0,5.0,11.5,5.5],"rotation":0,"texture":"#67d61632-f22f-a96c-428d-407f1b6bcf27","tintindex":0}}},{"name":"cube","from":[7.0924053,7.55,5.693198],"to":[8.592405,8.15,7.193198],"rotation":{"angle":45.0,"axis":"y","origin":[7.8424053,7.85,6.443198]},"faces":{"down":{"uv":[3.0,7.5,4.5,9.0],"rotation":0,"texture":"#67d61632-f22f-a96c-428d-407f1b6bcf27","tintindex":0},"east":{"uv":[7.0,10.0,8.5,10.5],"rotation":0,"texture":"#67d61632-f22f-a96c-428d-407f1b6bcf27","tintindex":0},"north":{"uv":[10.0,5.5,11.5,6.0],"rotation":0,"texture":"#67d61632-f22f-a96c-428d-407f1b6bcf27","tintindex":0},"south":{"uv":[8.5,10.0,10.0,10.5],"rotation":0,"texture":"#67d61632-f22f-a96c-428d-407f1b6bcf27","tintindex":0},"up":{"uv":[8.5,6.0,7.0,4.5],"rotation":0,"texture":"#67d61632-f22f-a96c-428d-407f1b6bcf27","tintindex":0},"west":{"uv":[10.0,10.0,11.5,10.5],"rotation":0,"texture":"#67d61632-f22f-a96c-428d-407f1b6bcf27","tintindex":0}}}],"display":{"head":{"translation":[0.0,-6.4,0.0],"rotation":[0.0,0.0,0.0],"scale":[3.8095,3.8095,3.8095]},"gui":{"translation":[0.0,0.0,0.0],"rotation":[35.0,225.0,0.0],"scale":[0.625,0.625,0.625]}}}