{"textures":{"0":"modelengine:entity/mortos2"},"elements":[{"name":"cube","from":[3.1999998,5.285783,5.2271423],"to":[12.8,10.6857815,11.227142],"rotation":{"angle":0.0,"axis":"x","origin":[6.2,-17.012608,17.989212]},"faces":{"down":{"uv":[9.93125,6.13125,8.94375,6.74375],"rotation":0,"texture":"#0","tintindex":0},"east":{"uv":[10.19375,6.75625,10.80625,7.30625],"rotation":0,"texture":"#0","tintindex":0},"north":{"uv":[9.13125,3.56875,10.11875,4.11875],"rotation":0,"texture":"#0","tintindex":0},"south":{"uv":[9.19375,6.75625,10.18125,7.30625],"rotation":0,"texture":"#0","tintindex":0},"up":{"uv":[9.93125,6.11875,8.94375,5.50625],"rotation":0,"texture":"#0","tintindex":0},"west":{"uv":[8.81875,10.50625,9.43125,11.05625],"rotation":0,"texture":"#0","tintindex":0}}},{"name":"cube","from":[-2.6295614,-1.5325823,10.898024],"to":[6.9704394,11.067419,10.898024],"rotation":{"angle":45.0,"axis":"y","origin":[1.7941126,4.4903693,11.274349]},"faces":{"down":{"uv":[0.99375,0.00625,0.00625,0.00625],"rotation":0,"texture":"#0","tintindex":0},"east":{"uv":[0.00625,0.00625,0.00625,1.30625],"rotation":0,"texture":"#0","tintindex":0},"north":{"uv":[1.38125,5.88125,2.36875,7.18125],"rotation":0,"texture":"#0","tintindex":0},"south":{"uv":[1.38125,5.88125,2.36875,7.18125],"rotation":0,"texture":"#0","tintindex":0},"up":{"uv":[0.99375,0.00625,0.00625,0.00625],"rotation":0,"texture":"#0","tintindex":0},"west":{"uv":[0.00625,0.00625,0.00625,1.30625],"rotation":0,"texture":"#0","tintindex":0}}},{"name":"cube","from":[3.7999997,-6.4598637,-11.156692],"to":[12.2,-0.4598632,-5.756692],"rotation":{"angle":45.0,"axis":"x","origin":[4.7,-18.212605,9.0193615]},"faces":{"down":{"uv":[6.55625,9.63125,5.69375,10.18125],"rotation":0,"texture":"#0","tintindex":0},"east":{"uv":[9.44375,10.50625,9.99375,11.11875],"rotation":0,"texture":"#0","tintindex":0},"north":{"uv":[9.44375,4.13125,10.30625,4.74375],"rotation":0,"texture":"#0","tintindex":0},"south":{"uv":[6.81875,9.44375,7.68125,10.05625],"rotation":0,"texture":"#0","tintindex":0},"up":{"uv":[8.55625,10.11875,7.69375,9.56875],"rotation":0,"texture":"#0","tintindex":0},"west":{"uv":[0.56875,10.56875,1.11875,11.18125],"rotation":0,"texture":"#0","tintindex":0}}},{"name":"cube","from":[4.3999996,4.3857827,-4.372858],"to":[4.3999996,7.9857817,5.8271422],"rotation":{"angle":0.0,"axis":"x","origin":[5.3,-18.212605,3.289209]},"faces":{"down":{"uv":[0.00625,0.00625,0.00625,1.05625],"rotation":0,"texture":"#0","tintindex":0},"east":{"uv":[9.31875,10.13125,10.36875,10.49375],"rotation":0,"texture":"#0","tintindex":0},"north":{"uv":[0.00625,0.00625,0.00625,0.36875],"rotation":0,"texture":"#0","tintindex":0},"south":{"uv":[0.00625,0.00625,0.00625,0.36875],"rotation":0,"texture":"#0","tintindex":0},"up":{"uv":[0.00625,1.05625,0.00625,0.00625],"rotation":0,"texture":"#0","tintindex":0},"west":{"uv":[9.31875,10.13125,10.36875,10.49375],"rotation":0,"texture":"#0","tintindex":0}}},{"name":"cube","from":[9.029561,-1.5325823,10.898024],"to":[18.629562,11.067419,10.898024],"rotation":{"angle":-45.0,"axis":"y","origin":[14.205888,4.4903693,11.274349]},"faces":{"down":{"uv":[0.00625,0.00625,0.99375,0.00625],"rotation":0,"texture":"#0","tintindex":0},"east":{"uv":[0.00625,0.00625,0.00625,1.30625],"rotation":0,"texture":"#0","tintindex":0},"north":{"uv":[2.36875,5.88125,1.38125,7.18125],"rotation":0,"texture":"#0","tintindex":0},"south":{"uv":[2.36875,5.88125,1.38125,7.18125],"rotation":0,"texture":"#0","tintindex":0},"up":{"uv":[0.00625,0.00625,0.99375,0.00625],"rotation":0,"texture":"#0","tintindex":0},"west":{"uv":[0.00625,0.00625,0.00625,1.30625],"rotation":0,"texture":"#0","tintindex":0}}},{"name":"cube","from":[11.6,4.3857827,-4.372858],"to":[11.6,7.9857817,5.8271422],"rotation":{"angle":0.0,"axis":"x","origin":[10.700001,-18.212605,3.289209]},"faces":{"down":{"uv":[0.00625,0.00625,0.00625,1.05625],"rotation":0,"texture":"#0","tintindex":0},"east":{"uv":[10.36875,10.13125,9.31875,10.49375],"rotation":0,"texture":"#0","tintindex":0},"north":{"uv":[0.00625,0.00625,0.00625,0.36875],"rotation":0,"texture":"#0","tintindex":0},"south":{"uv":[0.00625,0.00625,0.00625,0.36875],"rotation":0,"texture":"#0","tintindex":0},"up":{"uv":[0.00625,1.05625,0.00625,0.00625],"rotation":0,"texture":"#0","tintindex":0},"west":{"uv":[10.36875,10.13125,9.31875,10.49375],"rotation":0,"texture":"#0","tintindex":0}}},{"name":"cube","from":[4.3999996,4.3857827,-4.372858],"to":[11.6,7.9857817,-4.372858],"rotation":{"angle":0.0,"axis":"x","origin":[5.3,-18.212605,3.289209]},"faces":{"down":{"uv":[0.74375,0.00625,0.00625,0.00625],"rotation":0,"texture":"#0","tintindex":0},"east":{"uv":[0.00625,0.00625,0.00625,0.36875],"rotation":0,"texture":"#0","tintindex":0},"north":{"uv":[10.88125,2.81875,11.61875,3.18125],"rotation":0,"texture":"#0","tintindex":0},"south":{"uv":[10.88125,2.81875,11.61875,3.18125],"rotation":0,"texture":"#0","tintindex":0},"up":{"uv":[0.74375,0.00625,0.00625,0.00625],"rotation":0,"texture":"#0","tintindex":0},"west":{"uv":[0.00625,0.00625,0.00625,0.36875],"rotation":0,"texture":"#0","tintindex":0}}},{"name":"cube","from":[4.3999996,4.3857827,-4.372858],"to":[11.6,4.3857827,5.2271423],"rotation":{"angle":0.0,"axis":"x","origin":[5.3,-18.212605,3.289209]},"faces":{"down":{"uv":[4.05625,8.38125,3.31875,9.36875],"rotation":0,"texture":"#0","tintindex":0},"east":{"uv":[0.00625,0.00625,0.99375,0.00625],"rotation":0,"texture":"#0","tintindex":0},"north":{"uv":[0.00625,0.00625,0.74375,0.00625],"rotation":0,"texture":"#0","tintindex":0},"south":{"uv":[0.00625,0.00625,0.74375,0.00625],"rotation":0,"texture":"#0","tintindex":0},"up":{"uv":[0.74375,9.11875,0.00625,8.13125],"rotation":0,"texture":"#0","tintindex":0},"west":{"uv":[0.00625,0.00625,0.99375,0.00625],"rotation":0,"texture":"#0","tintindex":0}}}],"display":{"head":{"translation":[0.0,-6.4,0.0],"rotation":[0.0,0.0,0.0],"scale":[3.8095,3.8095,3.8095]}}}