{"file_name":"leftwing3","texture_size":[256,256],"textures":{"2629b5d6-2c01-6f22-6fdc-3e270484a7b1":"modelengine:entity/mortos2"},"elements":[{"name":"cube","from":[8.0,5.618066,7.17795],"to":[8.0,17.018066,20.377953],"rotation":{"angle":0.0,"axis":"x","origin":[8.0,11.318066,13.77795]},"faces":{"down":{"uv":[0.00625,0.00625,0.00625,1.36875],"rotation":0,"texture":"#2629b5d6-2c01-6f22-6fdc-3e270484a7b1","tintindex":0},"east":{"uv":[1.36875,5.88125,0.00625,7.05625],"rotation":0,"texture":"#2629b5d6-2c01-6f22-6fdc-3e270484a7b1","tintindex":0},"north":{"uv":[0.00625,0.00625,0.00625,1.18125],"rotation":0,"texture":"#2629b5d6-2c01-6f22-6fdc-3e270484a7b1","tintindex":0},"south":{"uv":[0.00625,0.00625,0.00625,1.18125],"rotation":0,"texture":"#2629b5d6-2c01-6f22-6fdc-3e270484a7b1","tintindex":0},"up":{"uv":[0.00625,1.36875,0.00625,0.00625],"rotation":0,"texture":"#2629b5d6-2c01-6f22-6fdc-3e270484a7b1","tintindex":0},"west":{"uv":[0.00625,5.88125,1.36875,7.05625],"rotation":0,"texture":"#2629b5d6-2c01-6f22-6fdc-3e270484a7b1","tintindex":0}}}],"display":{"head":{"translation":[0.0,-6.4,0.0],"rotation":[0.0,0.0,0.0],"scale":[3.8095,3.8095,3.8095]},"gui":{"translation":[0.0,0.0,0.0],"rotation":[35.0,225.0,0.0],"scale":[0.625,0.625,0.625]}}}