{"textures":{"0":"modelengine:entity/mortos2"},"elements":[{"name":"cube","from":[3.7999997,-4.0000005,4.3999996],"to":[7.4,1.9999998,11.0],"rotation":{"angle":0.0,"axis":"x","origin":[21.8,11.000002,12.8]},"faces":{"down":{"uv":[9.18125,11.06875,8.81875,11.74375],"rotation":0,"texture":"#0","tintindex":0},"east":{"uv":[4.00625,10.06875,4.68125,10.68125],"rotation":0,"texture":"#0","tintindex":0},"north":{"uv":[2.19375,11.13125,2.55625,11.74375],"rotation":0,"texture":"#0","tintindex":0},"south":{"uv":[6.13125,11.13125,6.49375,11.74375],"rotation":0,"texture":"#0","tintindex":0},"up":{"uv":[11.43125,2.24375,11.06875,1.56875],"rotation":0,"texture":"#0","tintindex":0},"west":{"uv":[6.56875,10.06875,7.24375,10.68125],"rotation":0,"texture":"#0","tintindex":0}}},{"name":"cube","from":[3.7999997,-6.4000006,7.4],"to":[7.4,-4.0000005,11.0],"rotation":{"angle":0.0,"axis":"x","origin":[21.8,11.000002,12.8]},"faces":{"down":{"uv":[10.74375,11.38125,10.38125,11.74375],"rotation":0,"texture":"#0","tintindex":0},"east":{"uv":[11.56875,10.00625,11.93125,10.24375],"rotation":0,"texture":"#0","tintindex":0},"north":{"uv":[5.75625,11.56875,6.11875,11.80625],"rotation":0,"texture":"#0","tintindex":0},"south":{"uv":[11.56875,10.25625,11.93125,10.49375],"rotation":0,"texture":"#0","tintindex":0},"up":{"uv":[11.74375,8.49375,11.38125,8.13125],"rotation":0,"texture":"#0","tintindex":0},"west":{"uv":[0.00625,11.63125,0.36875,11.86875],"rotation":0,"texture":"#0","tintindex":0}}},{"name":"cube","from":[1.9999998,1.9999998,4.3999996],"to":[8.0,11.600001,13.400001],"rotation":{"angle":0.0,"axis":"x","origin":[5.0,6.8,8.9]},"faces":{"down":{"uv":[3.43125,9.38125,2.81875,10.30625],"rotation":0,"texture":"#0","tintindex":0},"east":{"uv":[6.06875,7.69375,6.99375,8.68125],"rotation":0,"texture":"#0","tintindex":0},"north":{"uv":[2.19375,9.06875,2.80625,10.05625],"rotation":0,"texture":"#0","tintindex":0},"south":{"uv":[4.06875,9.06875,4.68125,10.05625],"rotation":0,"texture":"#0","tintindex":0},"up":{"uv":[9.74375,3.55625,9.13125,2.63125],"rotation":0,"texture":"#0","tintindex":0},"west":{"uv":[7.88125,0.00625,8.80625,0.99375],"rotation":0,"texture":"#0","tintindex":0}}}],"display":{"head":{"translation":[0.0,-6.4,0.0],"rotation":[0.0,0.0,0.0],"scale":[3.8095,3.8095,3.8095]}}}