{"textures":{"0":"modelengine:entity/mortos2"},"elements":[{"name":"cube","from":[-0.40000033,-0.10000038,2.8999999],"to":[8.0,11.3,11.900001],"rotation":{"angle":0.0,"axis":"x","origin":[8.6,3.7999997,8.0]},"faces":{"down":{"uv":[8.93125,5.88125,8.06875,6.80625],"rotation":0,"texture":"#0","tintindex":0},"east":{"uv":[2.69375,7.19375,3.61875,8.36875],"rotation":0,"texture":"#0","tintindex":0},"north":{"uv":[7.56875,1.94375,8.43125,3.11875],"rotation":0,"texture":"#0","tintindex":0},"south":{"uv":[7.56875,3.13125,8.43125,4.30625],"rotation":0,"texture":"#0","tintindex":0},"up":{"uv":[8.93125,5.86875,8.06875,4.94375],"rotation":0,"texture":"#0","tintindex":0},"west":{"uv":[3.63125,7.19375,4.55625,8.36875],"rotation":0,"texture":"#0","tintindex":0}}},{"name":"cube","from":[1.3999997,-6.1000004,2.8999999],"to":[6.2,-0.10000038,8.9],"rotation":{"angle":0.0,"axis":"x","origin":[8.6,3.7999997,8.0]},"faces":{"down":{"uv":[11.36875,7.88125,10.88125,8.49375],"rotation":0,"texture":"#0","tintindex":0},"east":{"uv":[10.25625,2.63125,10.86875,3.24375],"rotation":0,"texture":"#0","tintindex":0},"north":{"uv":[7.06875,1.94375,7.55625,2.55625],"rotation":0,"texture":"#0","tintindex":0},"south":{"uv":[1.69375,10.81875,2.18125,11.43125],"rotation":0,"texture":"#0","tintindex":0},"up":{"uv":[11.36875,5.24375,10.88125,4.63125],"rotation":0,"texture":"#0","tintindex":0},"west":{"uv":[10.25625,8.06875,10.86875,8.68125],"rotation":0,"texture":"#0","tintindex":0}}}],"display":{"head":{"translation":[0.0,-6.4,0.0],"rotation":[0.0,0.0,0.0],"scale":[3.8095,3.8095,3.8095]}}}