{"file_name":"neck2","texture_size":[256,256],"textures":{"2629b5d6-2c01-6f22-6fdc-3e270484a7b1":"modelengine:entity/mortos2"},"elements":[{"name":"cube","from":[8.0,11.0,0.19999981],"to":[8.0,14.6,5.6],"rotation":{"angle":0.0,"axis":"x","origin":[8.6,16.400002,2.8999999]},"faces":{"down":{"uv":[0.00625,0.00625,0.00625,0.55625],"rotation":0,"texture":"#2629b5d6-2c01-6f22-6fdc-3e270484a7b1","tintindex":0},"east":{"uv":[7.75625,8.50625,8.30625,8.86875],"rotation":0,"texture":"#2629b5d6-2c01-6f22-6fdc-3e270484a7b1","tintindex":0},"north":{"uv":[0.00625,0.00625,0.00625,0.36875],"rotation":0,"texture":"#2629b5d6-2c01-6f22-6fdc-3e270484a7b1","tintindex":0},"south":{"uv":[0.00625,0.00625,0.00625,0.36875],"rotation":0,"texture":"#2629b5d6-2c01-6f22-6fdc-3e270484a7b1","tintindex":0},"up":{"uv":[0.00625,0.55625,0.00625,0.00625],"rotation":0,"texture":"#2629b5d6-2c01-6f22-6fdc-3e270484a7b1","tintindex":0},"west":{"uv":[7.75625,8.50625,8.30625,8.86875],"rotation":0,"texture":"#2629b5d6-2c01-6f22-6fdc-3e270484a7b1","tintindex":0}}},{"name":"cube","from":[6.2,6.8,-2.2000003],"to":[9.8,9.8,8.0],"rotation":{"angle":0.0,"axis":"x","origin":[10.4,8.0,0.19999981]},"faces":{"down":{"uv":[2.80625,10.06875,2.44375,11.11875],"rotation":0,"texture":"#2629b5d6-2c01-6f22-6fdc-3e270484a7b1","tintindex":0},"east":{"uv":[10.25625,3.25625,11.30625,3.55625],"rotation":0,"texture":"#2629b5d6-2c01-6f22-6fdc-3e270484a7b1","tintindex":0},"north":{"uv":[1.00625,11.44375,1.36875,11.74375],"rotation":0,"texture":"#2629b5d6-2c01-6f22-6fdc-3e270484a7b1","tintindex":0},"south":{"uv":[11.44375,2.06875,11.80625,2.36875],"rotation":0,"texture":"#2629b5d6-2c01-6f22-6fdc-3e270484a7b1","tintindex":0},"up":{"uv":[5.55625,4.24375,5.19375,3.19375],"rotation":0,"texture":"#2629b5d6-2c01-6f22-6fdc-3e270484a7b1","tintindex":0},"west":{"uv":[10.63125,1.25625,11.68125,1.55625],"rotation":0,"texture":"#2629b5d6-2c01-6f22-6fdc-3e270484a7b1","tintindex":0}}},{"name":"cube","from":[5.0,5.0,0.19999981],"to":[11.0,11.0,5.6],"rotation":{"angle":0.0,"axis":"x","origin":[10.4,8.0,0.19999981]},"faces":{"down":{"uv":[11.24375,8.69375,10.63125,9.24375],"rotation":0,"texture":"#2629b5d6-2c01-6f22-6fdc-3e270484a7b1","tintindex":0},"east":{"uv":[1.13125,10.56875,1.68125,11.18125],"rotation":0,"texture":"#2629b5d6-2c01-6f22-6fdc-3e270484a7b1","tintindex":0},"north":{"uv":[10.19375,9.44375,10.80625,10.05625],"rotation":0,"texture":"#2629b5d6-2c01-6f22-6fdc-3e270484a7b1","tintindex":0},"south":{"uv":[10.25625,0.00625,10.86875,0.61875],"rotation":0,"texture":"#2629b5d6-2c01-6f22-6fdc-3e270484a7b1","tintindex":0},"up":{"uv":[11.24375,7.86875,10.63125,7.31875],"rotation":0,"texture":"#2629b5d6-2c01-6f22-6fdc-3e270484a7b1","tintindex":0},"west":{"uv":[10.63125,0.63125,11.18125,1.24375],"rotation":0,"texture":"#2629b5d6-2c01-6f22-6fdc-3e270484a7b1","tintindex":0}}}],"display":{"head":{"translation":[0.0,-6.4,0.0],"rotation":[0.0,0.0,0.0],"scale":[3.8095,3.8095,3.8095]},"gui":{"translation":[0.0,0.0,0.0],"rotation":[35.0,225.0,0.0],"scale":[0.625,0.625,0.625]}}}