{"textures":{"0":"modelengine:entity/mortos2"},"elements":[{"name":"cube","from":[3.7999997,3.8510518,-4.264875],"to":[7.4,6.8510523,5.9351244],"rotation":{"angle":0.0,"axis":"x","origin":[8.0,4.3999996,-10.000002]},"faces":{"down":{"uv":[2.80625,10.06875,2.44375,11.11875],"rotation":0,"texture":"#0","tintindex":0},"east":{"uv":[10.25625,3.25625,11.30625,3.55625],"rotation":0,"texture":"#0","tintindex":0},"north":{"uv":[1.00625,11.44375,1.36875,11.74375],"rotation":0,"texture":"#0","tintindex":0},"south":{"uv":[11.44375,2.06875,11.80625,2.36875],"rotation":0,"texture":"#0","tintindex":0},"up":{"uv":[5.55625,4.24375,5.19375,3.19375],"rotation":0,"texture":"#0","tintindex":0},"west":{"uv":[10.63125,1.25625,11.68125,1.55625],"rotation":0,"texture":"#0","tintindex":0}}},{"name":"cube","from":[5.6,8.051052,-1.8648748],"to":[5.6,11.651052,3.535124],"rotation":{"angle":0.0,"axis":"x","origin":[6.2,12.8,-7.300002]},"faces":{"down":{"uv":[0.00625,0.00625,0.00625,0.55625],"rotation":0,"texture":"#0","tintindex":0},"east":{"uv":[7.75625,8.50625,8.30625,8.86875],"rotation":0,"texture":"#0","tintindex":0},"north":{"uv":[0.00625,0.00625,0.00625,0.36875],"rotation":0,"texture":"#0","tintindex":0},"south":{"uv":[0.00625,0.00625,0.00625,0.36875],"rotation":0,"texture":"#0","tintindex":0},"up":{"uv":[0.00625,0.55625,0.00625,0.00625],"rotation":0,"texture":"#0","tintindex":0},"west":{"uv":[7.75625,8.50625,8.30625,8.86875],"rotation":0,"texture":"#0","tintindex":0}}},{"name":"cube","from":[2.6,2.0510519,-1.8648748],"to":[8.6,8.051052,3.535124],"rotation":{"angle":0.0,"axis":"x","origin":[8.0,4.3999996,-10.000002]},"faces":{"down":{"uv":[11.24375,8.69375,10.63125,9.24375],"rotation":0,"texture":"#0","tintindex":0},"east":{"uv":[1.13125,10.56875,1.68125,11.18125],"rotation":0,"texture":"#0","tintindex":0},"north":{"uv":[10.19375,9.44375,10.80625,10.05625],"rotation":0,"texture":"#0","tintindex":0},"south":{"uv":[10.25625,0.00625,10.86875,0.61875],"rotation":0,"texture":"#0","tintindex":0},"up":{"uv":[11.24375,7.86875,10.63125,7.31875],"rotation":0,"texture":"#0","tintindex":0},"west":{"uv":[10.63125,0.63125,11.18125,1.24375],"rotation":0,"texture":"#0","tintindex":0}}}],"display":{"head":{"translation":[0.0,-6.4,0.0],"rotation":[0.0,0.0,0.0],"scale":[3.8095,3.8095,3.8095]}}}