{"textures":{"0":"modelengine:entity/mortos2"},"elements":[{"name":"cube","from":[8.0,3.7999997,-2.2000003],"to":[14.6,10.4,8.0],"rotation":{"angle":22.5,"axis":"x","origin":[14.460973,1.3936677,1.9000001]},"faces":{"down":{"uv":[8.44375,3.00625,9.11875,4.05625],"rotation":0,"texture":"#0","tintindex":0},"east":{"uv":[9.43125,8.19375,8.38125,8.86875],"rotation":0,"texture":"#0","tintindex":0},"north":{"uv":[5.36875,9.69375,4.69375,10.36875],"rotation":0,"texture":"#0","tintindex":0},"south":{"uv":[0.68125,9.75625,0.00625,10.43125],"rotation":0,"texture":"#0","tintindex":0},"up":{"uv":[8.44375,2.99375,9.11875,1.94375],"rotation":0,"texture":"#0","tintindex":0},"west":{"uv":[9.43125,7.50625,8.38125,8.18125],"rotation":0,"texture":"#0","tintindex":0}}},{"name":"cube","from":[15.218231,-1.391623,-1.6000004],"to":[15.218231,5.208379,7.4],"rotation":{"angle":0.0,"axis":"x","origin":[14.460973,-1.6063323,1.9000001]},"faces":{"down":{"uv":[0.00625,0.00625,0.00625,0.93125],"rotation":0,"texture":"#0","tintindex":0},"east":{"uv":[8.68125,8.88125,7.75625,9.55625],"rotation":0,"texture":"#0","tintindex":0},"north":{"uv":[0.00625,0.00625,0.00625,0.68125],"rotation":0,"texture":"#0","tintindex":0},"south":{"uv":[0.00625,0.00625,0.00625,0.68125],"rotation":0,"texture":"#0","tintindex":0},"up":{"uv":[0.00625,0.93125,0.00625,0.00625],"rotation":0,"texture":"#0","tintindex":0},"west":{"uv":[8.68125,8.88125,7.75625,9.55625],"rotation":0,"texture":"#0","tintindex":0}}},{"name":"cube","from":[14.651048,5.543642,-1.6000004],"to":[14.651048,9.743643,7.4],"rotation":{"angle":45.0,"axis":"z","origin":[15.33934,6.0606613,2.8999999]},"faces":{"down":{"uv":[0.00625,0.00625,0.00625,0.93125],"rotation":0,"texture":"#0","tintindex":0},"east":{"uv":[11.05625,3.56875,10.13125,3.99375],"rotation":0,"texture":"#0","tintindex":0},"north":{"uv":[0.00625,0.00625,0.00625,0.43125],"rotation":0,"texture":"#0","tintindex":0},"south":{"uv":[0.00625,0.00625,0.00625,0.43125],"rotation":0,"texture":"#0","tintindex":0},"up":{"uv":[0.00625,0.93125,0.00625,0.00625],"rotation":0,"texture":"#0","tintindex":0},"west":{"uv":[11.05625,3.56875,10.13125,3.99375],"rotation":0,"texture":"#0","tintindex":0}}},{"name":"cube","from":[9.293874,-1.4694405,-1.6000004],"to":[14.093874,-1.4694405,7.4],"rotation":{"angle":22.5,"axis":"z","origin":[14.460144,1.3942227,1.9000001]},"faces":{"down":{"uv":[9.75625,2.63125,10.24375,3.55625],"rotation":0,"texture":"#0","tintindex":0},"east":{"uv":[0.93125,0.00625,0.00625,0.00625],"rotation":0,"texture":"#0","tintindex":0},"north":{"uv":[0.49375,0.00625,0.00625,0.00625],"rotation":0,"texture":"#0","tintindex":0},"south":{"uv":[0.49375,0.00625,0.00625,0.00625],"rotation":0,"texture":"#0","tintindex":0},"up":{"uv":[9.75625,3.55625,10.24375,2.63125],"rotation":0,"texture":"#0","tintindex":0},"west":{"uv":[0.93125,0.00625,0.00625,0.00625],"rotation":0,"texture":"#0","tintindex":0}}},{"name":"cube","from":[7.6740336,-4.777661,8.0],"to":[14.874034,-4.777661,21.2],"rotation":{"angle":22.5,"axis":"z","origin":[11.274034,-4.777661,14.6]},"faces":{"down":{"uv":[4.56875,7.69375,5.30625,9.05625],"rotation":0,"texture":"#0","tintindex":0},"east":{"uv":[1.36875,0.00625,0.00625,0.00625],"rotation":0,"texture":"#0","tintindex":0},"north":{"uv":[0.74375,0.00625,0.00625,0.00625],"rotation":0,"texture":"#0","tintindex":0},"south":{"uv":[0.74375,0.00625,0.00625,0.00625],"rotation":0,"texture":"#0","tintindex":0},"up":{"uv":[4.56875,9.05625,5.30625,7.69375],"rotation":0,"texture":"#0","tintindex":0},"west":{"uv":[1.36875,0.00625,0.00625,0.00625],"rotation":0,"texture":"#0","tintindex":0}}},{"name":"cube","from":[8.0,1.9999998,8.0],"to":[13.400001,8.6,23.600002],"rotation":{"angle":0.0,"axis":"x","origin":[6.2,-6.4000006,11.6]},"faces":{"down":{"uv":[1.63125,7.88125,2.18125,9.49375],"rotation":0,"texture":"#0","tintindex":0},"east":{"uv":[2.68125,7.19375,1.06875,7.86875],"rotation":0,"texture":"#0","tintindex":0},"north":{"uv":[11.05625,1.75625,10.50625,2.43125],"rotation":0,"texture":"#0","tintindex":0},"south":{"uv":[8.80625,10.50625,8.25625,11.18125],"rotation":0,"texture":"#0","tintindex":0},"up":{"uv":[1.06875,9.49375,1.61875,7.88125],"rotation":0,"texture":"#0","tintindex":0},"west":{"uv":[8.68125,1.25625,7.06875,1.93125],"rotation":0,"texture":"#0","tintindex":0}}},{"name":"cube","from":[12.993284,2.280523,8.0],"to":[12.993284,6.480524,21.2],"rotation":{"angle":22.5,"axis":"z","origin":[12.993284,6.480524,14.6]},"faces":{"down":{"uv":[0.00625,0.00625,0.00625,1.36875],"rotation":0,"texture":"#0","tintindex":0},"east":{"uv":[10.49375,2.19375,9.13125,2.61875],"rotation":0,"texture":"#0","tintindex":0},"north":{"uv":[0.00625,0.00625,0.00625,0.43125],"rotation":0,"texture":"#0","tintindex":0},"south":{"uv":[0.00625,0.00625,0.00625,0.43125],"rotation":0,"texture":"#0","tintindex":0},"up":{"uv":[0.00625,1.36875,0.00625,0.00625],"rotation":0,"texture":"#0","tintindex":0},"west":{"uv":[10.49375,2.19375,9.13125,2.61875],"rotation":0,"texture":"#0","tintindex":0}}},{"name":"cube","from":[14.6,-3.4000006,8.0],"to":[14.6,2.6,21.2],"rotation":{"angle":0.0,"axis":"x","origin":[4.3999996,-6.4000006,0.7999997]},"faces":{"down":{"uv":[0.00625,0.00625,0.00625,1.36875],"rotation":0,"texture":"#0","tintindex":0},"east":{"uv":[9.43125,4.31875,8.06875,4.93125],"rotation":0,"texture":"#0","tintindex":0},"north":{"uv":[0.00625,0.00625,0.00625,0.61875],"rotation":0,"texture":"#0","tintindex":0},"south":{"uv":[0.00625,0.00625,0.00625,0.61875],"rotation":0,"texture":"#0","tintindex":0},"up":{"uv":[0.00625,1.36875,0.00625,0.00625],"rotation":0,"texture":"#0","tintindex":0},"west":{"uv":[8.06875,4.31875,9.43125,4.93125],"rotation":0,"texture":"#0","tintindex":0}}}],"display":{"head":{"translation":[0.0,-6.4,0.0],"rotation":[0.0,0.0,0.0],"scale":[3.8095,3.8095,3.8095]}}}