{"file_name":"rightfoot","texture_size":[256,256],"textures":{"2629b5d6-2c01-6f22-6fdc-3e270484a7b1":"modelengine:entity/mortos2"},"elements":[{"name":"cube","from":[5.0,0.49999976,7.7],"to":[10.4,9.5,11.3],"rotation":{"angle":0.0,"axis":"x","origin":[2.6,18.2,-5.200001]},"faces":{"down":{"uv":[11.25625,11.25625,11.80625,11.61875],"rotation":0,"texture":"#2629b5d6-2c01-6f22-6fdc-3e270484a7b1","tintindex":0},"east":{"uv":[10.36875,10.50625,10.00625,11.43125],"rotation":0,"texture":"#2629b5d6-2c01-6f22-6fdc-3e270484a7b1","tintindex":0},"north":{"uv":[3.99375,9.38125,3.44375,10.30625],"rotation":0,"texture":"#2629b5d6-2c01-6f22-6fdc-3e270484a7b1","tintindex":0},"south":{"uv":[9.99375,7.31875,9.44375,8.24375],"rotation":0,"texture":"#2629b5d6-2c01-6f22-6fdc-3e270484a7b1","tintindex":0},"up":{"uv":[11.25625,9.18125,11.80625,8.81875],"rotation":0,"texture":"#2629b5d6-2c01-6f22-6fdc-3e270484a7b1","tintindex":0},"west":{"uv":[6.49375,10.19375,6.13125,11.11875],"rotation":0,"texture":"#2629b5d6-2c01-6f22-6fdc-3e270484a7b1","tintindex":0}}},{"name":"cube","from":[5.6,-3.5091887,5.645227],"to":[9.8,2.4908118,8.045227],"rotation":{"angle":45.0,"axis":"x","origin":[7.7,-1.4091883,6.8452272]},"faces":{"down":{"uv":[2.81875,11.50625,3.24375,11.74375],"rotation":0,"texture":"#2629b5d6-2c01-6f22-6fdc-3e270484a7b1","tintindex":0},"east":{"uv":[7.11875,11.25625,6.88125,11.86875],"rotation":0,"texture":"#2629b5d6-2c01-6f22-6fdc-3e270484a7b1","tintindex":0},"north":{"uv":[5.61875,4.25625,5.19375,4.86875],"rotation":0,"texture":"#2629b5d6-2c01-6f22-6fdc-3e270484a7b1","tintindex":0},"south":{"uv":[6.49375,2.56875,6.06875,3.18125],"rotation":0,"texture":"#2629b5d6-2c01-6f22-6fdc-3e270484a7b1","tintindex":0},"up":{"uv":[9.94375,11.68125,10.36875,11.44375],"rotation":0,"texture":"#2629b5d6-2c01-6f22-6fdc-3e270484a7b1","tintindex":0},"west":{"uv":[8.80625,11.19375,8.56875,11.80625],"rotation":0,"texture":"#2629b5d6-2c01-6f22-6fdc-3e270484a7b1","tintindex":0}}},{"name":"cube","from":[5.6,-5.9091883,5.645227],"to":[9.8,-3.5091887,8.045227],"rotation":{"angle":45.0,"axis":"x","origin":[7.7,-1.4091883,6.8452272]},"faces":{"down":{"uv":[5.31875,11.56875,5.74375,11.80625],"rotation":0,"texture":"#2629b5d6-2c01-6f22-6fdc-3e270484a7b1","tintindex":0},"east":{"uv":[9.43125,11.63125,9.19375,11.86875],"rotation":0,"texture":"#2629b5d6-2c01-6f22-6fdc-3e270484a7b1","tintindex":0},"north":{"uv":[7.55625,11.50625,7.13125,11.74375],"rotation":0,"texture":"#2629b5d6-2c01-6f22-6fdc-3e270484a7b1","tintindex":0},"south":{"uv":[7.99375,11.50625,7.56875,11.74375],"rotation":0,"texture":"#2629b5d6-2c01-6f22-6fdc-3e270484a7b1","tintindex":0},"up":{"uv":[3.25625,11.80625,3.68125,11.56875],"rotation":0,"texture":"#2629b5d6-2c01-6f22-6fdc-3e270484a7b1","tintindex":0},"west":{"uv":[11.86875,2.81875,11.63125,3.05625],"rotation":0,"texture":"#2629b5d6-2c01-6f22-6fdc-3e270484a7b1","tintindex":0}}}],"display":{"head":{"translation":[0.0,-6.4,0.0],"rotation":[0.0,0.0,0.0],"scale":[3.8095,3.8095,3.8095]},"gui":{"translation":[0.0,0.0,0.0],"rotation":[35.0,225.0,0.0],"scale":[0.625,0.625,0.625]}}}