{"file_name":"rightwing2","texture_size":[256,256],"textures":{"2629b5d6-2c01-6f22-6fdc-3e270484a7b1":"modelengine:entity/mortos2"},"elements":[{"name":"cube","from":[7.993483,-5.285718,8.012318],"to":[7.993483,11.857138,23.44089],"rotation":{"angle":0.0,"axis":"x","origin":[7.993483,3.2857094,15.7266035]},"faces":{"down":{"uv":[0.00625,0.00625,0.00625,2.24375],"rotation":0,"texture":"#2629b5d6-2c01-6f22-6fdc-3e270484a7b1","tintindex":0},"east":{"uv":[5.18125,2.50625,2.94375,4.99375],"rotation":0,"texture":"#2629b5d6-2c01-6f22-6fdc-3e270484a7b1","tintindex":0},"north":{"uv":[0.00625,0.00625,0.00625,2.49375],"rotation":0,"texture":"#2629b5d6-2c01-6f22-6fdc-3e270484a7b1","tintindex":0},"south":{"uv":[0.00625,0.00625,0.00625,2.49375],"rotation":0,"texture":"#2629b5d6-2c01-6f22-6fdc-3e270484a7b1","tintindex":0},"up":{"uv":[0.00625,2.24375,0.00625,0.00625],"rotation":0,"texture":"#2629b5d6-2c01-6f22-6fdc-3e270484a7b1","tintindex":0},"west":{"uv":[2.94375,2.50625,5.18125,4.99375],"rotation":0,"texture":"#2629b5d6-2c01-6f22-6fdc-3e270484a7b1","tintindex":0}}},{"name":"cube","from":[7.993483,11.857138,2.4408891],"to":[7.993483,19.142853,8.012318],"rotation":{"angle":0.0,"axis":"x","origin":[7.993483,15.499994,5.2266035]},"faces":{"down":{"uv":[0.00625,0.00625,0.00625,2.24375],"rotation":0,"texture":"#2629b5d6-2c01-6f22-6fdc-3e270484a7b1","tintindex":0},"east":{"uv":[12.80625,0.00625,12.00625,1.05625],"rotation":0,"texture":"#2629b5d6-2c01-6f22-6fdc-3e270484a7b1","tintindex":0},"north":{"uv":[0.00625,0.00625,0.00625,2.49375],"rotation":0,"texture":"#2629b5d6-2c01-6f22-6fdc-3e270484a7b1","tintindex":0},"south":{"uv":[0.00625,0.00625,0.00625,2.49375],"rotation":0,"texture":"#2629b5d6-2c01-6f22-6fdc-3e270484a7b1","tintindex":0},"up":{"uv":[0.00625,2.24375,0.00625,0.00625],"rotation":0,"texture":"#2629b5d6-2c01-6f22-6fdc-3e270484a7b1","tintindex":0},"west":{"uv":[12.00625,0.00625,12.80625,1.05625],"rotation":0,"texture":"#2629b5d6-2c01-6f22-6fdc-3e270484a7b1","tintindex":0}}},{"name":"cube","from":[7.993483,11.857138,8.012318],"to":[7.993483,32.0,28.155174],"rotation":{"angle":0.0,"axis":"z","origin":[7.993483,11.857138,8.012318]},"faces":{"down":{"uv":[0.00625,0.00625,0.00625,2.93125],"rotation":0,"texture":"#2629b5d6-2c01-6f22-6fdc-3e270484a7b1","tintindex":0},"east":{"uv":[2.93125,2.94375,0.00625,5.86875],"rotation":0,"texture":"#2629b5d6-2c01-6f22-6fdc-3e270484a7b1","tintindex":0},"north":{"uv":[0.00625,0.00625,0.00625,2.93125],"rotation":0,"texture":"#2629b5d6-2c01-6f22-6fdc-3e270484a7b1","tintindex":0},"south":{"uv":[0.00625,0.00625,0.00625,2.93125],"rotation":0,"texture":"#2629b5d6-2c01-6f22-6fdc-3e270484a7b1","tintindex":0},"up":{"uv":[0.00625,2.93125,0.00625,0.00625],"rotation":0,"texture":"#2629b5d6-2c01-6f22-6fdc-3e270484a7b1","tintindex":0},"west":{"uv":[0.00625,2.94375,2.93125,5.86875],"rotation":0,"texture":"#2629b5d6-2c01-6f22-6fdc-3e270484a7b1","tintindex":0}}}],"display":{"head":{"translation":[0.0,43.23514,0.0],"rotation":[0.0,0.0,0.0],"scale":[3.7333333,3.7333333,3.7333333]},"gui":{"translation":[0.0,0.0,0.0],"rotation":[35.0,225.0,0.0],"scale":[0.625,0.625,0.625]}}}