{"file_name":"lefthand","texture_size":[64,64],"textures":{"51deb2c2-8ab6-edb5-f6b4-ac05f15f5be3":"modelengine:entity/butcher"},"elements":[{"name":"cube","from":[7.1,6.8,6.2],"to":[8.9,8.0,8.0],"rotation":{"angle":0.0,"axis":"x","origin":[6.8,7.4,5.8999996]},"faces":{"down":{"uv":[3.25,11.75,2.5,12.5],"rotation":0,"texture":"#51deb2c2-8ab6-edb5-f6b4-ac05f15f5be3","tintindex":0},"east":{"uv":[11.25,8.5,12.0,9.0],"rotation":0,"texture":"#51deb2c2-8ab6-edb5-f6b4-ac05f15f5be3","tintindex":0},"north":{"uv":[11.0,5.75,11.75,6.25],"rotation":0,"texture":"#51deb2c2-8ab6-edb5-f6b4-ac05f15f5be3","tintindex":0},"south":{"uv":[11.75,5.75,12.5,6.25],"rotation":0,"texture":"#51deb2c2-8ab6-edb5-f6b4-ac05f15f5be3","tintindex":0},"up":{"uv":[12.5,2.75,11.75,2.0],"rotation":0,"texture":"#51deb2c2-8ab6-edb5-f6b4-ac05f15f5be3","tintindex":0},"west":{"uv":[11.75,10.25,12.5,10.75],"rotation":0,"texture":"#51deb2c2-8ab6-edb5-f6b4-ac05f15f5be3","tintindex":0}}},{"name":"cube","from":[6.8,4.3999996,5.8999996],"to":[9.2,6.8,8.3],"rotation":{"angle":0.0,"axis":"x","origin":[6.8,6.2,5.8999996]},"faces":{"down":{"uv":[12.0,0.0,11.0,1.0],"rotation":0,"texture":"#51deb2c2-8ab6-edb5-f6b4-ac05f15f5be3","tintindex":0},"east":{"uv":[2.0,10.75,3.0,11.75],"rotation":0,"texture":"#51deb2c2-8ab6-edb5-f6b4-ac05f15f5be3","tintindex":0},"north":{"uv":[1.0,10.75,2.0,11.75],"rotation":0,"texture":"#51deb2c2-8ab6-edb5-f6b4-ac05f15f5be3","tintindex":0},"south":{"uv":[3.0,10.75,4.0,11.75],"rotation":0,"texture":"#51deb2c2-8ab6-edb5-f6b4-ac05f15f5be3","tintindex":0},"up":{"uv":[8.5,11.75,7.5,10.75],"rotation":0,"texture":"#51deb2c2-8ab6-edb5-f6b4-ac05f15f5be3","tintindex":0},"west":{"uv":[4.0,10.75,5.0,11.75],"rotation":0,"texture":"#51deb2c2-8ab6-edb5-f6b4-ac05f15f5be3","tintindex":0}}},{"name":"cube","from":[6.8,3.1999998,5.8999996],"to":[8.0,4.3999996,8.3],"rotation":{"angle":0.0,"axis":"x","origin":[6.8,3.7999997,5.8999996]},"faces":{"down":{"uv":[12.5,4.25,12.0,5.25],"rotation":0,"texture":"#51deb2c2-8ab6-edb5-f6b4-ac05f15f5be3","tintindex":0},"east":{"uv":[6.25,3.25,7.25,3.75],"rotation":0,"texture":"#51deb2c2-8ab6-edb5-f6b4-ac05f15f5be3","tintindex":0},"north":{"uv":[7.25,3.25,7.75,3.75],"rotation":0,"texture":"#51deb2c2-8ab6-edb5-f6b4-ac05f15f5be3","tintindex":0},"south":{"uv":[12.0,5.25,12.5,5.75],"rotation":0,"texture":"#51deb2c2-8ab6-edb5-f6b4-ac05f15f5be3","tintindex":0},"up":{"uv":[2.0,10.0,1.5,9.0],"rotation":0,"texture":"#51deb2c2-8ab6-edb5-f6b4-ac05f15f5be3","tintindex":0},"west":{"uv":[9.25,7.75,10.25,8.25],"rotation":0,"texture":"#51deb2c2-8ab6-edb5-f6b4-ac05f15f5be3","tintindex":0}}},{"name":"cube","from":[8.0,3.1999998,5.8999996],"to":[9.2,4.3999996,7.1],"rotation":{"angle":0.0,"axis":"x","origin":[8.0,3.7999997,5.8999996]},"faces":{"down":{"uv":[11.5,12.0,11.0,12.5],"rotation":0,"texture":"#51deb2c2-8ab6-edb5-f6b4-ac05f15f5be3","tintindex":0},"east":{"uv":[12.0,6.25,12.5,6.75],"rotation":0,"texture":"#51deb2c2-8ab6-edb5-f6b4-ac05f15f5be3","tintindex":0},"north":{"uv":[6.25,12.0,6.75,12.5],"rotation":0,"texture":"#51deb2c2-8ab6-edb5-f6b4-ac05f15f5be3","tintindex":0},"south":{"uv":[12.0,8.5,12.5,9.0],"rotation":0,"texture":"#51deb2c2-8ab6-edb5-f6b4-ac05f15f5be3","tintindex":0},"up":{"uv":[11.0,12.5,10.5,12.0],"rotation":0,"texture":"#51deb2c2-8ab6-edb5-f6b4-ac05f15f5be3","tintindex":0},"west":{"uv":[10.0,12.0,10.5,12.5],"rotation":0,"texture":"#51deb2c2-8ab6-edb5-f6b4-ac05f15f5be3","tintindex":0}}}],"display":{"head":{"translation":[0.0,-6.4,0.0],"rotation":[0.0,0.0,0.0],"scale":[3.8095,3.8095,3.8095]},"gui":{"translation":[0.0,0.0,0.0],"rotation":[35.0,225.0,0.0],"scale":[0.625,0.625,0.625]}}}