{"file_name":"leftarm","texture_size":[64,64],"textures":{"51deb2c2-8ab6-edb5-f6b4-ac05f15f5be3":"modelengine:entity/butcher"},"elements":[{"name":"cube","from":[6.2,5.1799994,6.98],"to":[8.0,8.78,8.780001],"rotation":{"angle":0.0,"axis":"x","origin":[5.8999996,7.5799994,6.6800003]},"faces":{"down":{"uv":[2.5,11.75,1.75,12.5],"rotation":0,"texture":"#51deb2c2-8ab6-edb5-f6b4-ac05f15f5be3","tintindex":0},"east":{"uv":[12.25,10.75,13.0,12.25],"rotation":0,"texture":"#51deb2c2-8ab6-edb5-f6b4-ac05f15f5be3","tintindex":0},"north":{"uv":[14.0,0.0,14.75,1.5],"rotation":0,"texture":"#51deb2c2-8ab6-edb5-f6b4-ac05f15f5be3","tintindex":0},"south":{"uv":[0.0,13.25,0.75,14.75],"rotation":0,"texture":"#51deb2c2-8ab6-edb5-f6b4-ac05f15f5be3","tintindex":0},"up":{"uv":[4.25,9.25,3.5,8.5],"rotation":0,"texture":"#51deb2c2-8ab6-edb5-f6b4-ac05f15f5be3","tintindex":0},"west":{"uv":[12.5,1.0,13.25,2.5],"rotation":0,"texture":"#51deb2c2-8ab6-edb5-f6b4-ac05f15f5be3","tintindex":0}}}],"display":{"head":{"translation":[0.0,-6.4,0.0],"rotation":[0.0,0.0,0.0],"scale":[3.8095,3.8095,3.8095]},"gui":{"translation":[0.0,0.0,0.0],"rotation":[35.0,225.0,0.0],"scale":[0.625,0.625,0.625]}}}