{"file_name":"righthand","texture_size":[64,64],"textures":{"51deb2c2-8ab6-edb5-f6b4-ac05f15f5be3":"modelengine:entity/butcher"},"elements":[{"name":"cube","from":[7.1,6.8,6.2],"to":[8.9,8.0,8.0],"rotation":{"angle":0.0,"axis":"x","origin":[9.2,7.4,5.8999996]},"faces":{"down":{"uv":[2.5,11.75,3.25,12.5],"rotation":0,"texture":"#51deb2c2-8ab6-edb5-f6b4-ac05f15f5be3","tintindex":0},"east":{"uv":[12.5,10.25,11.75,10.75],"rotation":0,"texture":"#51deb2c2-8ab6-edb5-f6b4-ac05f15f5be3","tintindex":0},"north":{"uv":[11.75,5.75,11.0,6.25],"rotation":0,"texture":"#51deb2c2-8ab6-edb5-f6b4-ac05f15f5be3","tintindex":0},"south":{"uv":[12.5,5.75,11.75,6.25],"rotation":0,"texture":"#51deb2c2-8ab6-edb5-f6b4-ac05f15f5be3","tintindex":0},"up":{"uv":[11.75,2.75,12.5,2.0],"rotation":0,"texture":"#51deb2c2-8ab6-edb5-f6b4-ac05f15f5be3","tintindex":0},"west":{"uv":[12.0,8.5,11.25,9.0],"rotation":0,"texture":"#51deb2c2-8ab6-edb5-f6b4-ac05f15f5be3","tintindex":0}}},{"name":"cube","from":[6.8,4.3999996,5.8999996],"to":[9.2,6.8,8.3],"rotation":{"angle":0.0,"axis":"x","origin":[9.2,6.2,5.8999996]},"faces":{"down":{"uv":[11.0,0.0,12.0,1.0],"rotation":0,"texture":"#51deb2c2-8ab6-edb5-f6b4-ac05f15f5be3","tintindex":0},"east":{"uv":[5.0,10.75,4.0,11.75],"rotation":0,"texture":"#51deb2c2-8ab6-edb5-f6b4-ac05f15f5be3","tintindex":0},"north":{"uv":[2.0,10.75,1.0,11.75],"rotation":0,"texture":"#51deb2c2-8ab6-edb5-f6b4-ac05f15f5be3","tintindex":0},"south":{"uv":[4.0,10.75,3.0,11.75],"rotation":0,"texture":"#51deb2c2-8ab6-edb5-f6b4-ac05f15f5be3","tintindex":0},"up":{"uv":[7.5,11.75,8.5,10.75],"rotation":0,"texture":"#51deb2c2-8ab6-edb5-f6b4-ac05f15f5be3","tintindex":0},"west":{"uv":[3.0,10.75,2.0,11.75],"rotation":0,"texture":"#51deb2c2-8ab6-edb5-f6b4-ac05f15f5be3","tintindex":0}}},{"name":"cube","from":[8.0,3.1999998,5.8999996],"to":[9.2,4.3999996,8.3],"rotation":{"angle":0.0,"axis":"x","origin":[9.2,3.7999997,5.8999996]},"faces":{"down":{"uv":[12.0,4.25,12.5,5.25],"rotation":0,"texture":"#51deb2c2-8ab6-edb5-f6b4-ac05f15f5be3","tintindex":0},"east":{"uv":[10.25,7.75,9.25,8.25],"rotation":0,"texture":"#51deb2c2-8ab6-edb5-f6b4-ac05f15f5be3","tintindex":0},"north":{"uv":[7.75,3.25,7.25,3.75],"rotation":0,"texture":"#51deb2c2-8ab6-edb5-f6b4-ac05f15f5be3","tintindex":0},"south":{"uv":[12.5,5.25,12.0,5.75],"rotation":0,"texture":"#51deb2c2-8ab6-edb5-f6b4-ac05f15f5be3","tintindex":0},"up":{"uv":[1.5,10.0,2.0,9.0],"rotation":0,"texture":"#51deb2c2-8ab6-edb5-f6b4-ac05f15f5be3","tintindex":0},"west":{"uv":[7.25,3.25,6.25,3.75],"rotation":0,"texture":"#51deb2c2-8ab6-edb5-f6b4-ac05f15f5be3","tintindex":0}}},{"name":"cube","from":[6.8,3.1999998,5.8999996],"to":[8.0,4.3999996,7.1],"rotation":{"angle":0.0,"axis":"x","origin":[8.0,3.7999997,5.8999996]},"faces":{"down":{"uv":[11.0,12.0,11.5,12.5],"rotation":0,"texture":"#51deb2c2-8ab6-edb5-f6b4-ac05f15f5be3","tintindex":0},"east":{"uv":[10.5,12.0,10.0,12.5],"rotation":0,"texture":"#51deb2c2-8ab6-edb5-f6b4-ac05f15f5be3","tintindex":0},"north":{"uv":[6.75,12.0,6.25,12.5],"rotation":0,"texture":"#51deb2c2-8ab6-edb5-f6b4-ac05f15f5be3","tintindex":0},"south":{"uv":[12.5,8.5,12.0,9.0],"rotation":0,"texture":"#51deb2c2-8ab6-edb5-f6b4-ac05f15f5be3","tintindex":0},"up":{"uv":[10.5,12.5,11.0,12.0],"rotation":0,"texture":"#51deb2c2-8ab6-edb5-f6b4-ac05f15f5be3","tintindex":0},"west":{"uv":[12.5,6.25,12.0,6.75],"rotation":0,"texture":"#51deb2c2-8ab6-edb5-f6b4-ac05f15f5be3","tintindex":0}}},{"name":"cube","from":[7.4,3.7999997,4.7],"to":[8.0,5.0,9.5],"rotation":{"angle":0.0,"axis":"x","origin":[3.7999997,-2.2000003,5.8999996]},"faces":{"down":{"uv":[6.0,12.0,6.25,14.0],"rotation":0,"texture":"#51deb2c2-8ab6-edb5-f6b4-ac05f15f5be3","tintindex":0},"east":{"uv":[12.25,9.0,10.25,9.5],"rotation":0,"texture":"#51deb2c2-8ab6-edb5-f6b4-ac05f15f5be3","tintindex":0},"north":{"uv":[5.5,12.25,5.25,12.75],"rotation":0,"texture":"#51deb2c2-8ab6-edb5-f6b4-ac05f15f5be3","tintindex":0},"south":{"uv":[5.75,12.25,5.5,12.75],"rotation":0,"texture":"#51deb2c2-8ab6-edb5-f6b4-ac05f15f5be3","tintindex":0},"up":{"uv":[5.75,14.0,6.0,12.0],"rotation":0,"texture":"#51deb2c2-8ab6-edb5-f6b4-ac05f15f5be3","tintindex":0},"west":{"uv":[12.0,6.25,10.0,6.75],"rotation":0,"texture":"#51deb2c2-8ab6-edb5-f6b4-ac05f15f5be3","tintindex":0}}},{"name":"cube","from":[7.4,3.7999997,-1.3000002],"to":[8.0,5.6,-0.7000003],"rotation":{"angle":0.0,"axis":"x","origin":[3.7999997,-2.2000003,5.8999996]},"faces":{"down":{"uv":[10.75,9.5,11.0,9.75],"rotation":0,"texture":"#51deb2c2-8ab6-edb5-f6b4-ac05f15f5be3","tintindex":0},"east":{"uv":[5.25,12.25,5.0,13.0],"rotation":0,"texture":"#51deb2c2-8ab6-edb5-f6b4-ac05f15f5be3","tintindex":0},"north":{"uv":[0.5,12.25,0.25,13.0],"rotation":0,"texture":"#51deb2c2-8ab6-edb5-f6b4-ac05f15f5be3","tintindex":0},"south":{"uv":[1.0,12.25,0.75,13.0],"rotation":0,"texture":"#51deb2c2-8ab6-edb5-f6b4-ac05f15f5be3","tintindex":0},"up":{"uv":[8.5,11.0,8.75,10.75],"rotation":0,"texture":"#51deb2c2-8ab6-edb5-f6b4-ac05f15f5be3","tintindex":0},"west":{"uv":[0.75,12.25,0.5,13.0],"rotation":0,"texture":"#51deb2c2-8ab6-edb5-f6b4-ac05f15f5be3","tintindex":0}}},{"name":"cube","from":[7.4,4.3999996,-1.9000006],"to":[8.0,5.6,-1.3000002],"rotation":{"angle":0.0,"axis":"x","origin":[3.7999997,-2.2000003,5.8999996]},"faces":{"down":{"uv":[6.0,11.0,6.25,11.25],"rotation":0,"texture":"#51deb2c2-8ab6-edb5-f6b4-ac05f15f5be3","tintindex":0},"east":{"uv":[12.5,7.75,12.25,8.25],"rotation":0,"texture":"#51deb2c2-8ab6-edb5-f6b4-ac05f15f5be3","tintindex":0},"north":{"uv":[7.0,12.25,6.75,12.75],"rotation":0,"texture":"#51deb2c2-8ab6-edb5-f6b4-ac05f15f5be3","tintindex":0},"south":{"uv":[7.5,12.25,7.25,12.75],"rotation":0,"texture":"#51deb2c2-8ab6-edb5-f6b4-ac05f15f5be3","tintindex":0},"up":{"uv":[5.75,11.25,6.0,11.0],"rotation":0,"texture":"#51deb2c2-8ab6-edb5-f6b4-ac05f15f5be3","tintindex":0},"west":{"uv":[7.25,12.25,7.0,12.75],"rotation":0,"texture":"#51deb2c2-8ab6-edb5-f6b4-ac05f15f5be3","tintindex":0}}},{"name":"cube","from":[7.4,5.0,-2.5000005],"to":[8.0,5.6,-1.9000006],"rotation":{"angle":0.0,"axis":"x","origin":[3.7999997,-2.2000003,5.8999996]},"faces":{"down":{"uv":[8.75,12.25,9.0,12.5],"rotation":0,"texture":"#51deb2c2-8ab6-edb5-f6b4-ac05f15f5be3","tintindex":0},"east":{"uv":[12.5,8.25,12.25,8.5],"rotation":0,"texture":"#51deb2c2-8ab6-edb5-f6b4-ac05f15f5be3","tintindex":0},"north":{"uv":[11.25,10.75,11.0,11.0],"rotation":0,"texture":"#51deb2c2-8ab6-edb5-f6b4-ac05f15f5be3","tintindex":0},"south":{"uv":[12.0,3.5,11.75,3.75],"rotation":0,"texture":"#51deb2c2-8ab6-edb5-f6b4-ac05f15f5be3","tintindex":0},"up":{"uv":[8.5,12.5,8.75,12.25],"rotation":0,"texture":"#51deb2c2-8ab6-edb5-f6b4-ac05f15f5be3","tintindex":0},"west":{"uv":[11.5,10.75,11.25,11.0],"rotation":0,"texture":"#51deb2c2-8ab6-edb5-f6b4-ac05f15f5be3","tintindex":0}}},{"name":"cube","from":[7.4,3.1999998,-0.7000003],"to":[8.0,5.6,4.7],"rotation":{"angle":0.0,"axis":"x","origin":[3.7999997,-2.2000003,5.8999996]},"faces":{"down":{"uv":[8.25,11.75,8.5,14.0],"rotation":0,"texture":"#51deb2c2-8ab6-edb5-f6b4-ac05f15f5be3","tintindex":0},"east":{"uv":[11.5,6.75,9.25,7.75],"rotation":0,"texture":"#51deb2c2-8ab6-edb5-f6b4-ac05f15f5be3","tintindex":0},"north":{"uv":[7.0,7.25,6.75,8.25],"rotation":0,"texture":"#51deb2c2-8ab6-edb5-f6b4-ac05f15f5be3","tintindex":0},"south":{"uv":[0.25,12.25,0.0,13.25],"rotation":0,"texture":"#51deb2c2-8ab6-edb5-f6b4-ac05f15f5be3","tintindex":0},"up":{"uv":[4.75,14.0,5.0,11.75],"rotation":0,"texture":"#51deb2c2-8ab6-edb5-f6b4-ac05f15f5be3","tintindex":0},"west":{"uv":[11.0,0.0,8.75,1.0],"rotation":0,"texture":"#51deb2c2-8ab6-edb5-f6b4-ac05f15f5be3","tintindex":0}}}],"display":{"head":{"translation":[0.0,-6.4,0.0],"rotation":[0.0,0.0,0.0],"scale":[3.8095,3.8095,3.8095]},"gui":{"translation":[0.0,0.0,0.0],"rotation":[35.0,225.0,0.0],"scale":[0.625,0.625,0.625]}}}