{"file_name":"rightarm","texture_size":[64,64],"textures":{"51deb2c2-8ab6-edb5-f6b4-ac05f15f5be3":"modelengine:entity/butcher"},"elements":[{"name":"cube","from":[8.0,5.1799994,6.98],"to":[9.8,8.78,8.780001],"rotation":{"angle":0.0,"axis":"x","origin":[10.1,7.5799994,6.6800003]},"faces":{"down":{"uv":[1.75,11.75,2.5,12.5],"rotation":0,"texture":"#51deb2c2-8ab6-edb5-f6b4-ac05f15f5be3","tintindex":0},"east":{"uv":[13.25,1.0,12.5,2.5],"rotation":0,"texture":"#51deb2c2-8ab6-edb5-f6b4-ac05f15f5be3","tintindex":0},"north":{"uv":[14.75,0.0,14.0,1.5],"rotation":0,"texture":"#51deb2c2-8ab6-edb5-f6b4-ac05f15f5be3","tintindex":0},"south":{"uv":[0.75,13.25,0.0,14.75],"rotation":0,"texture":"#51deb2c2-8ab6-edb5-f6b4-ac05f15f5be3","tintindex":0},"up":{"uv":[3.5,9.25,4.25,8.5],"rotation":0,"texture":"#51deb2c2-8ab6-edb5-f6b4-ac05f15f5be3","tintindex":0},"west":{"uv":[13.0,10.75,12.25,12.25],"rotation":0,"texture":"#51deb2c2-8ab6-edb5-f6b4-ac05f15f5be3","tintindex":0}}}],"display":{"head":{"translation":[0.0,-6.4,0.0],"rotation":[0.0,0.0,0.0],"scale":[3.8095,3.8095,3.8095]},"gui":{"translation":[0.0,0.0,0.0],"rotation":[35.0,225.0,0.0],"scale":[0.625,0.625,0.625]}}}