{"file_name":"left_leg","texture_size":[64,64],"textures":{"a83d44cd-7a11-f92d-0fc8-3baad0cec20f":"modelengine:entity/undeadminer"},"elements":[{"name":"cube","from":[7.022873,1.0800247,8.166408],"to":[8.822873,5.2800245,9.966408],"rotation":{"angle":-22.5,"axis":"x","origin":[9.2,1.2951524,10.039316]},"faces":{"down":{"uv":[0.0,9.25,0.75,10.0],"rotation":0,"texture":"#a83d44cd-7a11-f92d-0fc8-3baad0cec20f","tintindex":0},"east":{"uv":[0.0,7.5,0.75,9.25],"rotation":0,"texture":"#a83d44cd-7a11-f92d-0fc8-3baad0cec20f","tintindex":0},"north":{"uv":[7.0,3.0,7.75,4.75],"rotation":0,"texture":"#a83d44cd-7a11-f92d-0fc8-3baad0cec20f","tintindex":0},"south":{"uv":[1.0,7.5,1.75,9.25],"rotation":0,"texture":"#a83d44cd-7a11-f92d-0fc8-3baad0cec20f","tintindex":0},"up":{"uv":[9.75,8.25,9.0,7.5],"rotation":0,"texture":"#a83d44cd-7a11-f92d-0fc8-3baad0cec20f","tintindex":0},"west":{"uv":[2.0,7.5,2.75,9.25],"rotation":0,"texture":"#a83d44cd-7a11-f92d-0fc8-3baad0cec20f","tintindex":0}}},{"name":"cube","from":[6.8,3.8957317,6.664873],"to":[9.2,8.095732,9.064873],"rotation":{"angle":0.0,"axis":"x","origin":[9.8,3.8957317,8.464873]},"faces":{"down":{"uv":[3.0,9.25,2.0,10.25],"rotation":0,"texture":"#a83d44cd-7a11-f92d-0fc8-3baad0cec20f","tintindex":0},"east":{"uv":[9.0,8.0,8.0,9.75],"rotation":0,"texture":"#a83d44cd-7a11-f92d-0fc8-3baad0cec20f","tintindex":0},"north":{"uv":[5.0,7.5,4.0,9.25],"rotation":0,"texture":"#a83d44cd-7a11-f92d-0fc8-3baad0cec20f","tintindex":0},"south":{"uv":[4.0,7.75,3.0,9.5],"rotation":0,"texture":"#a83d44cd-7a11-f92d-0fc8-3baad0cec20f","tintindex":0},"up":{"uv":[1.0,10.25,2.0,9.25],"rotation":0,"texture":"#a83d44cd-7a11-f92d-0fc8-3baad0cec20f","tintindex":0},"west":{"uv":[6.0,7.5,5.0,9.25],"rotation":0,"texture":"#a83d44cd-7a11-f92d-0fc8-3baad0cec20f","tintindex":0}}}],"display":{"head":{"translation":[0.0,-6.4,0.0],"rotation":[0.0,0.0,0.0],"scale":[3.8095,3.8095,3.8095]},"gui":{"translation":[0.0,0.0,0.0],"rotation":[35.0,225.0,0.0],"scale":[0.625,0.625,0.625]}}}