{"file_name":"rightleg","texture_size":[128,128],"textures":{"b43f9e59-b6f1-617e-edd2-f5b65d910234":"modelengine:entity/snappingturtle"},"elements":[{"name":"cube","from":[3.4158974,3.6207364,6.714466],"to":[9.415897,6.020736,9.114466],"rotation":{"angle":-22.5,"axis":"z","origin":[11.101416,1.487852,8.226134]},"faces":{"down":{"uv":[7.125,7.25,5.875,7.75],"rotation":0,"texture":"#b43f9e59-b6f1-617e-edd2-f5b65d910234","tintindex":0},"east":{"uv":[9.25,0.0,8.75,0.5],"rotation":0,"texture":"#b43f9e59-b6f1-617e-edd2-f5b65d910234","tintindex":0},"north":{"uv":[8.0,5.375,6.75,5.875],"rotation":0,"texture":"#b43f9e59-b6f1-617e-edd2-f5b65d910234","tintindex":0},"south":{"uv":[4.625,7.0,3.375,7.5],"rotation":0,"texture":"#b43f9e59-b6f1-617e-edd2-f5b65d910234","tintindex":0},"up":{"uv":[4.625,7.75,5.875,7.25],"rotation":0,"texture":"#b43f9e59-b6f1-617e-edd2-f5b65d910234","tintindex":0},"west":{"uv":[9.125,7.25,8.625,7.75],"rotation":0,"texture":"#b43f9e59-b6f1-617e-edd2-f5b65d910234","tintindex":0}}},{"name":"cube","from":[10.36042,4.1033998,6.714466],"to":[13.360419,5.9034,9.114466],"rotation":{"angle":0.0,"axis":"x","origin":[16.245937,1.9705153,8.226134]},"faces":{"down":{"uv":[9.125,0.875,8.5,1.375],"rotation":0,"texture":"#b43f9e59-b6f1-617e-edd2-f5b65d910234","tintindex":0},"east":{"uv":[5.875,9.0,5.375,9.375],"rotation":0,"texture":"#b43f9e59-b6f1-617e-edd2-f5b65d910234","tintindex":0},"north":{"uv":[9.375,3.375,8.75,3.75],"rotation":0,"texture":"#b43f9e59-b6f1-617e-edd2-f5b65d910234","tintindex":0},"south":{"uv":[9.375,7.75,8.75,8.125],"rotation":0,"texture":"#b43f9e59-b6f1-617e-edd2-f5b65d910234","tintindex":0},"up":{"uv":[2.75,9.0,3.375,8.5],"rotation":0,"texture":"#b43f9e59-b6f1-617e-edd2-f5b65d910234","tintindex":0},"west":{"uv":[4.5,9.0,4.0,9.375],"rotation":0,"texture":"#b43f9e59-b6f1-617e-edd2-f5b65d910234","tintindex":0}}},{"name":"cube","from":[12.160419,4.1033998,6.714466],"to":[15.160419,4.1033998,9.114466],"rotation":{"angle":-22.5,"axis":"z","origin":[16.245937,1.9705153,8.226134]},"faces":{"down":{"uv":[0.625,9.25,0.0,9.75],"rotation":0,"texture":"#b43f9e59-b6f1-617e-edd2-f5b65d910234","tintindex":0},"east":{"uv":[0.5,9.25,0.0,9.625],"rotation":0,"texture":"#b43f9e59-b6f1-617e-edd2-f5b65d910234","tintindex":0},"north":{"uv":[9.375,3.375,8.75,3.75],"rotation":0,"texture":"#b43f9e59-b6f1-617e-edd2-f5b65d910234","tintindex":0},"south":{"uv":[9.375,7.75,8.75,8.125],"rotation":0,"texture":"#b43f9e59-b6f1-617e-edd2-f5b65d910234","tintindex":0},"up":{"uv":[0.0,9.75,0.625,9.25],"rotation":0,"texture":"#b43f9e59-b6f1-617e-edd2-f5b65d910234","tintindex":0},"west":{"uv":[0.5,9.25,0.0,9.625],"rotation":0,"texture":"#b43f9e59-b6f1-617e-edd2-f5b65d910234","tintindex":0}}}],"display":{"head":{"translation":[0.0,-6.4,0.0],"rotation":[0.0,0.0,0.0],"scale":[3.8095,3.8095,3.8095]},"gui":{"translation":[0.0,0.0,0.0],"rotation":[35.0,225.0,0.0],"scale":[0.625,0.625,0.625]}}}