{"textures":{"0":"modelengine:entity/capra3"},"elements":[{"name":"cube","from":[5.722097,3.3238719,-0.07756925],"to":[9.922097,6.3238707,5.3224306],"rotation":{"angle":22.5,"axis":"x","origin":[7.822097,3.023872,2.6224308]},"faces":{"down":{"uv":[10.375,1.125,9.5,2.25],"rotation":0,"texture":"#0","tintindex":0},"east":{"uv":[10.375,1.5,11.5,2.125],"rotation":0,"texture":"#0","tintindex":0},"north":{"uv":[1.625,4.25,2.5,4.875],"rotation":0,"texture":"#0","tintindex":0},"south":{"uv":[11.25,6.75,12.125,7.375],"rotation":0,"texture":"#0","tintindex":0},"up":{"uv":[10.375,1.125,9.5,0.0],"rotation":0,"texture":"#0","tintindex":0},"west":{"uv":[10.375,7.375,11.5,8.0],"rotation":0,"texture":"#0","tintindex":0}}},{"name":"cube","from":[5.122097,17.045689,2.7646918],"to":[10.522097,22.44569,8.764692],"rotation":{"angle":0.0,"axis":"x","origin":[3.9220967,18.24569,2.7646918]},"faces":{"down":{"uv":[5.875,8.25,4.75,9.5],"rotation":0,"texture":"#0","tintindex":0},"east":{"uv":[8.25,0.0,9.5,1.125],"rotation":0,"texture":"#0","tintindex":0},"north":{"uv":[5.875,8.5,7.0,9.625],"rotation":0,"texture":"#0","tintindex":0},"south":{"uv":[7.0,8.5,8.125,9.625],"rotation":0,"texture":"#0","tintindex":0},"up":{"uv":[1.125,9.25,0.0,8.0],"rotation":0,"texture":"#0","tintindex":0},"west":{"uv":[8.25,1.125,9.5,2.25],"rotation":0,"texture":"#0","tintindex":0}}},{"name":"cube","from":[1.5220968,12.245689,2.7646918],"to":[14.122097,17.045689,9.364693],"rotation":{"angle":0.0,"axis":"x","origin":[-0.27790332,18.24569,2.7646918]},"faces":{"down":{"uv":[5.125,1.375,2.5,2.75],"rotation":0,"texture":"#0","tintindex":0},"east":{"uv":[8.25,6.0,9.625,7.0],"rotation":0,"texture":"#0","tintindex":0},"north":{"uv":[3.25,4.875,5.875,5.875],"rotation":0,"texture":"#0","tintindex":0},"south":{"uv":[5.125,0.0,7.75,1.0],"rotation":0,"texture":"#0","tintindex":0},"up":{"uv":[5.125,1.375,2.5,0.0],"rotation":0,"texture":"#0","tintindex":0},"west":{"uv":[8.5,2.25,9.875,3.25],"rotation":0,"texture":"#0","tintindex":0}}},{"name":"cube","from":[3.9220967,13.445689,2.1646917],"to":[11.722097,18.24569,9.964692],"rotation":{"angle":0.0,"axis":"x","origin":[-0.27790332,18.24569,2.7646918]},"faces":{"down":{"uv":[3.25,4.875,1.625,6.5],"rotation":0,"texture":"#0","tintindex":0},"east":{"uv":[6.625,2.0,8.25,3.0],"rotation":0,"texture":"#0","tintindex":0},"north":{"uv":[6.625,1.0,8.25,2.0],"rotation":0,"texture":"#0","tintindex":0},"south":{"uv":[6.625,6.375,8.25,7.375],"rotation":0,"texture":"#0","tintindex":0},"up":{"uv":[1.625,5.875,0.0,4.25],"rotation":0,"texture":"#0","tintindex":0},"west":{"uv":[6.875,3.0,8.5,4.0],"rotation":0,"texture":"#0","tintindex":0}}},{"name":"cube","from":[11.516572,18.078936,2.1646917],"to":[15.116572,18.078936,9.964692],"rotation":{"angle":22.5,"axis":"z","origin":[14.216573,18.078936,6.0646915]},"faces":{"down":{"uv":[1.875,8.375,1.125,10.0],"rotation":0,"texture":"#0","tintindex":0},"east":{"uv":[0.0,0.0,1.625,0.0],"rotation":0,"texture":"#0","tintindex":0},"north":{"uv":[0.0,0.0,0.75,0.0],"rotation":0,"texture":"#0","tintindex":0},"south":{"uv":[0.0,0.0,0.75,0.0],"rotation":0,"texture":"#0","tintindex":0},"up":{"uv":[1.875,10.0,1.125,8.375],"rotation":0,"texture":"#0","tintindex":0},"west":{"uv":[0.0,0.0,1.625,0.0],"rotation":0,"texture":"#0","tintindex":0}}},{"name":"cube","from":[0.5605917,18.19374,2.1646917],"to":[4.1605916,18.19374,9.964692],"rotation":{"angle":-22.5,"axis":"z","origin":[1.1834278,18.078936,6.0646915]},"faces":{"down":{"uv":[1.125,8.375,1.875,10.0],"rotation":0,"texture":"#0","tintindex":0},"east":{"uv":[1.625,0.0,0.0,0.0],"rotation":0,"texture":"#0","tintindex":0},"north":{"uv":[0.75,0.0,0.0,0.0],"rotation":0,"texture":"#0","tintindex":0},"south":{"uv":[0.75,0.0,0.0,0.0],"rotation":0,"texture":"#0","tintindex":0},"up":{"uv":[1.125,10.0,1.875,8.375],"rotation":0,"texture":"#0","tintindex":0},"west":{"uv":[1.625,0.0,0.0,0.0],"rotation":0,"texture":"#0","tintindex":0}}},{"name":"cube","from":[3.9220967,7.500367,4.323221],"to":[11.722097,12.300367,4.323221],"rotation":{"angle":22.5,"axis":"x","origin":[5.122097,18.300367,6.1232214]},"faces":{"down":{"uv":[1.625,0.0,0.0,0.0],"rotation":0,"texture":"#0","tintindex":0},"east":{"uv":[0.0,0.0,0.0,1.0],"rotation":0,"texture":"#0","tintindex":0},"north":{"uv":[7.0,4.0,8.625,5.0],"rotation":0,"texture":"#0","tintindex":0},"south":{"uv":[7.0,4.0,8.625,5.0],"rotation":0,"texture":"#0","tintindex":0},"up":{"uv":[1.625,0.0,0.0,0.0],"rotation":0,"texture":"#0","tintindex":0},"west":{"uv":[0.0,0.0,0.0,1.0],"rotation":0,"texture":"#0","tintindex":0}}},{"name":"cube","from":[3.9220967,7.500136,7.8056083],"to":[11.722097,12.300136,7.8056083],"rotation":{"angle":-22.5,"axis":"x","origin":[5.122097,18.300137,6.005608]},"faces":{"down":{"uv":[1.625,0.0,0.0,0.0],"rotation":0,"texture":"#0","tintindex":0},"east":{"uv":[0.0,0.0,0.0,1.0],"rotation":0,"texture":"#0","tintindex":0},"north":{"uv":[8.625,4.0,7.0,5.0],"rotation":0,"texture":"#0","tintindex":0},"south":{"uv":[8.625,4.0,7.0,5.0],"rotation":0,"texture":"#0","tintindex":0},"up":{"uv":[1.625,0.0,0.0,0.0],"rotation":0,"texture":"#0","tintindex":0},"west":{"uv":[0.0,0.0,0.0,1.0],"rotation":0,"texture":"#0","tintindex":0}}},{"name":"cube","from":[4.5220966,7.9824333,5.3842783],"to":[11.122097,15.7824335,10.784279],"rotation":{"angle":22.5,"axis":"x","origin":[2.722097,17.582434,1.184278]},"faces":{"down":{"uv":[3.375,7.5,2.0,8.625],"rotation":0,"texture":"#0","tintindex":0},"east":{"uv":[4.625,5.875,5.75,7.5],"rotation":0,"texture":"#0","tintindex":0},"north":{"uv":[5.5,3.125,6.875,4.75],"rotation":0,"texture":"#0","tintindex":0},"south":{"uv":[3.25,5.875,4.625,7.5],"rotation":0,"texture":"#0","tintindex":0},"up":{"uv":[8.0,8.5,6.625,7.375],"rotation":0,"texture":"#0","tintindex":0},"west":{"uv":[5.875,4.75,7.0,6.375],"rotation":0,"texture":"#0","tintindex":0}}}],"display":{"head":{"translation":[0.0,-6.4,0.0],"rotation":[0.0,0.0,0.0],"scale":[3.8095,3.8095,3.8095]}}}