{"textures":{"0":"modelengine:entity/capra3"},"elements":[{"name":"cube","from":[6.7625003,2.7249494,8.941037],"to":[9.1625,8.12495,12.541038],"rotation":{"angle":-45.0,"axis":"x","origin":[5.946823,4.8267064,9.909492]},"faces":{"down":{"uv":[7.625,12.0,8.125,12.75],"rotation":0,"texture":"#0","tintindex":0},"east":{"uv":[7.0,10.375,6.25,11.5],"rotation":0,"texture":"#0","tintindex":0},"north":{"uv":[6.25,11.5,5.75,12.625],"rotation":0,"texture":"#0","tintindex":0},"south":{"uv":[6.75,11.5,6.25,12.625],"rotation":0,"texture":"#0","tintindex":0},"up":{"uv":[7.125,12.75,7.625,12.0],"rotation":0,"texture":"#0","tintindex":0},"west":{"uv":[6.25,10.375,5.5,11.5],"rotation":0,"texture":"#0","tintindex":0}}},{"name":"cube","from":[6.7625003,-0.6265223,5.0925093],"to":[9.1625,2.3734777,11.69251],"rotation":{"angle":-45.0,"axis":"x","origin":[7.296823,5.675235,9.060963]},"faces":{"down":{"uv":[2.375,10.625,2.875,12.0],"rotation":0,"texture":"#0","tintindex":0},"east":{"uv":[3.25,10.0,1.875,10.625],"rotation":0,"texture":"#0","tintindex":0},"north":{"uv":[1.625,5.875,1.125,6.5],"rotation":0,"texture":"#0","tintindex":0},"south":{"uv":[12.5,10.375,12.0,11.0],"rotation":0,"texture":"#0","tintindex":0},"up":{"uv":[1.875,12.0,2.375,10.625],"rotation":0,"texture":"#0","tintindex":0},"west":{"uv":[11.25,3.25,9.875,3.875],"rotation":0,"texture":"#0","tintindex":0}}},{"name":"cube","from":[8.2625,-3.6265225,5.0925093],"to":[8.2625,-0.6265223,11.69251],"rotation":{"angle":-45.0,"axis":"x","origin":[7.296823,5.675235,9.060963]},"faces":{"down":{"uv":[0.0,0.0,0.0,1.375],"rotation":0,"texture":"#0","tintindex":0},"east":{"uv":[10.25,3.875,11.625,4.5],"rotation":0,"texture":"#0","tintindex":0},"north":{"uv":[0.0,0.0,0.0,0.625],"rotation":0,"texture":"#0","tintindex":0},"south":{"uv":[0.0,0.0,0.0,0.625],"rotation":0,"texture":"#0","tintindex":0},"up":{"uv":[0.0,1.375,0.0,0.0],"rotation":0,"texture":"#0","tintindex":0},"west":{"uv":[11.625,3.875,10.25,4.5],"rotation":0,"texture":"#0","tintindex":0}}},{"name":"cube","from":[5.8625,-2.5213242,6.9821115],"to":[10.0625,0.47867584,11.182112],"rotation":{"angle":0.0,"axis":"x","origin":[8.1125,-0.7213247,9.082111]},"faces":{"down":{"uv":[10.5,5.125,11.375,6.0],"rotation":0,"texture":"#0","tintindex":0},"east":{"uv":[12.5,4.5,11.625,5.125],"rotation":0,"texture":"#0","tintindex":0},"north":{"uv":[12.375,1.5,11.5,2.125],"rotation":0,"texture":"#0","tintindex":0},"south":{"uv":[12.5,3.875,11.625,4.5],"rotation":0,"texture":"#0","tintindex":0},"up":{"uv":[10.375,7.375,11.25,6.5],"rotation":0,"texture":"#0","tintindex":0},"west":{"uv":[12.375,7.375,11.5,8.0],"rotation":0,"texture":"#0","tintindex":0}}}],"display":{"head":{"translation":[0.0,-6.4,0.0],"rotation":[0.0,0.0,0.0],"scale":[3.8095,3.8095,3.8095]}}}