{"textures":{"0":"modelengine:entity/capra3"},"elements":[{"name":"cube","from":[3.8743825,0.4154954,5.619675],"to":[7.4743824,4.0154953,11.019675],"rotation":{"angle":22.5,"axis":"x","origin":[10.558706,6.5699396,9.768272]},"faces":{"down":{"uv":[0.0,10.25,0.75,11.375],"rotation":0,"texture":"#0","tintindex":0},"east":{"uv":[11.5,0.75,10.375,1.5],"rotation":0,"texture":"#0","tintindex":0},"north":{"uv":[0.75,11.375,0.0,12.125],"rotation":0,"texture":"#0","tintindex":0},"south":{"uv":[12.125,2.125,11.375,2.875],"rotation":0,"texture":"#0","tintindex":0},"up":{"uv":[8.0,11.25,8.75,10.125],"rotation":0,"texture":"#0","tintindex":0},"west":{"uv":[11.5,0.0,10.375,0.75],"rotation":0,"texture":"#0","tintindex":0}}},{"name":"cube","from":[3.8743825,-0.27333474,10.882658],"to":[3.8743825,8.7266655,15.08266],"rotation":{"angle":22.5,"axis":"x","origin":[9.3587055,5.881109,11.431255]},"faces":{"down":{"uv":[0.0,0.0,0.0,0.875],"rotation":0,"texture":"#0","tintindex":0},"east":{"uv":[5.75,6.375,6.625,8.25],"rotation":0,"texture":"#0","tintindex":0},"north":{"uv":[0.0,0.0,0.0,1.875],"rotation":0,"texture":"#0","tintindex":0},"south":{"uv":[0.0,0.0,0.0,1.875],"rotation":0,"texture":"#0","tintindex":0},"up":{"uv":[0.0,0.875,0.0,0.0],"rotation":0,"texture":"#0","tintindex":0},"west":{"uv":[6.625,6.375,5.75,8.25],"rotation":0,"texture":"#0","tintindex":0}}},{"name":"cube","from":[3.8743825,4.0154953,5.0196753],"to":[8.074382,9.415497,11.619676],"rotation":{"angle":22.5,"axis":"x","origin":[10.558706,6.5699396,9.768272]},"faces":{"down":{"uv":[2.75,8.625,3.625,10.0],"rotation":0,"texture":"#0","tintindex":0},"east":{"uv":[9.375,7.375,8.0,8.5],"rotation":0,"texture":"#0","tintindex":0},"north":{"uv":[4.5,9.625,3.625,10.75],"rotation":0,"texture":"#0","tintindex":0},"south":{"uv":[10.5,5.375,9.625,6.5],"rotation":0,"texture":"#0","tintindex":0},"up":{"uv":[1.875,10.0,2.75,8.625],"rotation":0,"texture":"#0","tintindex":0},"west":{"uv":[4.75,7.5,3.375,8.625],"rotation":0,"texture":"#0","tintindex":0}}},{"name":"cube","from":[3.8743825,-3.3215213,6.308505],"to":[7.4743824,0.27847862,9.908505],"rotation":{"angle":22.5,"axis":"x","origin":[10.558706,8.232923,10.457102]},"faces":{"down":{"uv":[5.0,11.5,5.75,12.25],"rotation":0,"texture":"#0","tintindex":0},"east":{"uv":[12.25,0.75,11.5,1.5],"rotation":0,"texture":"#0","tintindex":0},"north":{"uv":[5.0,11.375,4.25,12.125],"rotation":0,"texture":"#0","tintindex":0},"south":{"uv":[12.25,0.0,11.5,0.75],"rotation":0,"texture":"#0","tintindex":0},"up":{"uv":[2.875,12.25,3.625,11.5],"rotation":0,"texture":"#0","tintindex":0},"west":{"uv":[12.125,5.125,11.375,5.875],"rotation":0,"texture":"#0","tintindex":0}}}],"display":{"head":{"translation":[0.0,-6.4,0.0],"rotation":[0.0,0.0,0.0],"scale":[3.8095,3.8095,3.8095]}}}