{"textures":{"0":"modelengine:entity/capra3"},"elements":[{"name":"cube","from":[7.3590026,3.809235,6.8983946],"to":[9.159002,8.009235,9.898394],"rotation":{"angle":0.0,"axis":"x","origin":[9.482424,29.665024,5.894599]},"faces":{"down":{"uv":[2.625,12.25,3.0,12.875],"rotation":0,"texture":"#0","tintindex":0},"east":{"uv":[1.375,11.625,0.75,12.5],"rotation":0,"texture":"#0","tintindex":0},"north":{"uv":[0.75,12.125,0.375,13.0],"rotation":0,"texture":"#0","tintindex":0},"south":{"uv":[4.625,12.125,4.25,13.0],"rotation":0,"texture":"#0","tintindex":0},"up":{"uv":[3.25,10.625,3.625,10.0],"rotation":0,"texture":"#0","tintindex":0},"west":{"uv":[12.125,9.5,11.5,10.375],"rotation":0,"texture":"#0","tintindex":0}}},{"name":"cube","from":[7.3590026,0.8092351,6.8983946],"to":[10.959002,3.809235,9.898394],"rotation":{"angle":0.0,"axis":"x","origin":[9.482424,29.665024,5.894599]},"faces":{"down":{"uv":[1.875,12.0,2.625,12.625],"rotation":0,"texture":"#0","tintindex":0},"east":{"uv":[12.625,5.875,12.0,6.5],"rotation":0,"texture":"#0","tintindex":0},"north":{"uv":[12.5,8.0,11.75,8.625],"rotation":0,"texture":"#0","tintindex":0},"south":{"uv":[11.375,11.875,10.625,12.5],"rotation":0,"texture":"#0","tintindex":0},"up":{"uv":[11.375,12.5,12.125,11.875],"rotation":0,"texture":"#0","tintindex":0},"west":{"uv":[12.625,2.875,12.0,3.5],"rotation":0,"texture":"#0","tintindex":0}}},{"name":"cube","from":[9.159002,4.9383974,6.934678],"to":[10.959002,6.7383976,9.934678],"rotation":{"angle":22.5,"axis":"x","origin":[9.182423,5.965022,8.594599]},"faces":{"down":{"uv":[5.0,12.25,5.375,12.875],"rotation":0,"texture":"#0","tintindex":0},"east":{"uv":[11.375,8.625,10.75,9.0],"rotation":0,"texture":"#0","tintindex":0},"north":{"uv":[8.125,6.0,7.75,6.375],"rotation":0,"texture":"#0","tintindex":0},"south":{"uv":[9.375,7.0,9.0,7.375],"rotation":0,"texture":"#0","tintindex":0},"up":{"uv":[3.0,12.875,3.375,12.25],"rotation":0,"texture":"#0","tintindex":0},"west":{"uv":[11.125,6.0,10.5,6.375],"rotation":0,"texture":"#0","tintindex":0}}}],"display":{"head":{"translation":[0.0,-6.4,0.0],"rotation":[0.0,0.0,0.0],"scale":[3.8095,3.8095,3.8095]}}}