{"textures":{"0":"modelengine:entity/capra3"},"elements":[{"name":"cube","from":[6.716693,4.3807807,4.41255],"to":[9.716694,7.9807806,8.012549],"rotation":{"angle":0.0,"axis":"x","origin":[8.855543,18.68533,3.4560876]},"faces":{"down":{"uv":[11.75,11.125,12.375,11.875],"rotation":0,"texture":"#0","tintindex":0},"east":{"uv":[8.75,11.25,8.0,12.0],"rotation":0,"texture":"#0","tintindex":0},"north":{"uv":[10.0,11.625,9.375,12.375],"rotation":0,"texture":"#0","tintindex":0},"south":{"uv":[10.625,11.625,10.0,12.375],"rotation":0,"texture":"#0","tintindex":0},"up":{"uv":[3.625,12.5,4.25,11.75],"rotation":0,"texture":"#0","tintindex":0},"west":{"uv":[12.0,6.0,11.25,6.75],"rotation":0,"texture":"#0","tintindex":0}}},{"name":"cube","from":[5.5166926,-1.0192194,3.2125497],"to":[9.716694,3.1807806,8.012549],"rotation":{"angle":0.0,"axis":"x","origin":[8.855543,18.68533,3.4560876]},"faces":{"down":{"uv":[5.375,15.0,6.25,16.0],"rotation":0,"texture":"#0","tintindex":0},"east":{"uv":[3.0,15.125,2.0,16.0],"rotation":0,"texture":"#0","tintindex":0},"north":{"uv":[0.875,15.125,0.0,16.0],"rotation":0,"texture":"#0","tintindex":0},"south":{"uv":[1.75,15.125,0.875,16.0],"rotation":0,"texture":"#0","tintindex":0},"up":{"uv":[4.5,16.0,5.375,15.0],"rotation":0,"texture":"#0","tintindex":0},"west":{"uv":[4.25,15.125,3.25,16.0],"rotation":0,"texture":"#0","tintindex":0}}},{"name":"cube","from":[6.716693,-0.4192195,4.41255],"to":[8.516693,4.3807807,6.8125496],"rotation":{"angle":0.0,"axis":"x","origin":[8.855543,18.68533,3.4560876]},"faces":{"down":{"uv":[5.375,12.25,5.75,12.75],"rotation":0,"texture":"#0","tintindex":0},"east":{"uv":[1.875,11.625,1.375,12.625],"rotation":0,"texture":"#0","tintindex":0},"north":{"uv":[5.5,1.0,5.125,2.0],"rotation":0,"texture":"#0","tintindex":0},"south":{"uv":[7.125,12.0,6.75,13.0],"rotation":0,"texture":"#0","tintindex":0},"up":{"uv":[9.375,8.5,9.75,8.0],"rotation":0,"texture":"#0","tintindex":0},"west":{"uv":[8.25,0.0,7.75,1.0],"rotation":0,"texture":"#0","tintindex":0}}}],"display":{"head":{"translation":[0.0,-6.4,0.0],"rotation":[0.0,0.0,0.0],"scale":[3.8095,3.8095,3.8095]}}}