{"textures":{"0":"modelengine:entity/capra3"},"elements":[{"name":"cube","from":[6.2833066,4.3807807,4.41255],"to":[9.283308,7.9807806,8.012549],"rotation":{"angle":0.0,"axis":"x","origin":[7.144456,18.68533,3.4560876]},"faces":{"down":{"uv":[12.375,11.125,11.75,11.875],"rotation":0,"texture":"#0","tintindex":0},"east":{"uv":[11.25,6.0,12.0,6.75],"rotation":0,"texture":"#0","tintindex":0},"north":{"uv":[9.375,11.625,10.0,12.375],"rotation":0,"texture":"#0","tintindex":0},"south":{"uv":[10.0,11.625,10.625,12.375],"rotation":0,"texture":"#0","tintindex":0},"up":{"uv":[4.25,12.5,3.625,11.75],"rotation":0,"texture":"#0","tintindex":0},"west":{"uv":[8.0,11.25,8.75,12.0],"rotation":0,"texture":"#0","tintindex":0}}},{"name":"cube","from":[7.483307,-0.4192195,4.41255],"to":[9.283308,4.3807807,6.8125496],"rotation":{"angle":0.0,"axis":"x","origin":[7.144456,18.68533,3.4560876]},"faces":{"down":{"uv":[5.75,12.25,5.375,12.75],"rotation":0,"texture":"#0","tintindex":0},"east":{"uv":[7.75,0.0,8.25,1.0],"rotation":0,"texture":"#0","tintindex":0},"north":{"uv":[5.125,1.0,5.5,2.0],"rotation":0,"texture":"#0","tintindex":0},"south":{"uv":[6.75,12.0,7.125,13.0],"rotation":0,"texture":"#0","tintindex":0},"up":{"uv":[9.75,8.5,9.375,8.0],"rotation":0,"texture":"#0","tintindex":0},"west":{"uv":[1.375,11.625,1.875,12.625],"rotation":0,"texture":"#0","tintindex":0}}},{"name":"cube","from":[6.2833066,-1.0192194,3.2125497],"to":[10.483307,3.1807806,8.012549],"rotation":{"angle":0.0,"axis":"x","origin":[8.3833065,1.0807805,5.61255]},"faces":{"down":{"uv":[6.25,15.0,5.375,16.0],"rotation":0,"texture":"#0","tintindex":0},"east":{"uv":[3.25,15.125,4.25,16.0],"rotation":0,"texture":"#0","tintindex":0},"north":{"uv":[0.0,15.125,0.875,16.0],"rotation":0,"texture":"#0","tintindex":0},"south":{"uv":[0.875,15.125,1.75,16.0],"rotation":0,"texture":"#0","tintindex":0},"up":{"uv":[5.375,16.0,4.5,15.0],"rotation":0,"texture":"#0","tintindex":0},"west":{"uv":[2.0,15.125,3.0,16.0],"rotation":0,"texture":"#0","tintindex":0}}}],"display":{"head":{"translation":[0.0,-6.4,0.0],"rotation":[0.0,0.0,0.0],"scale":[3.8095,3.8095,3.8095]}}}