{"textures":{"0":"modelengine:entity/capra3"},"elements":[{"name":"cube","from":[6.8374996,2.7249494,8.941037],"to":[9.2375,8.12495,12.541038],"rotation":{"angle":-45.0,"axis":"x","origin":[10.053177,4.8267064,9.909492]},"faces":{"down":{"uv":[8.125,12.0,7.625,12.75],"rotation":0,"texture":"#0","tintindex":0},"east":{"uv":[5.5,10.375,6.25,11.5],"rotation":0,"texture":"#0","tintindex":0},"north":{"uv":[5.75,11.5,6.25,12.625],"rotation":0,"texture":"#0","tintindex":0},"south":{"uv":[6.25,11.5,6.75,12.625],"rotation":0,"texture":"#0","tintindex":0},"up":{"uv":[7.625,12.75,7.125,12.0],"rotation":0,"texture":"#0","tintindex":0},"west":{"uv":[6.25,10.375,7.0,11.5],"rotation":0,"texture":"#0","tintindex":0}}},{"name":"cube","from":[6.8374996,-0.6265223,5.0925093],"to":[9.2375,2.3734777,11.69251],"rotation":{"angle":-45.0,"axis":"x","origin":[8.7031765,5.675235,9.060963]},"faces":{"down":{"uv":[2.875,10.625,2.375,12.0],"rotation":0,"texture":"#0","tintindex":0},"east":{"uv":[9.875,3.25,11.25,3.875],"rotation":0,"texture":"#0","tintindex":0},"north":{"uv":[1.125,5.875,1.625,6.5],"rotation":0,"texture":"#0","tintindex":0},"south":{"uv":[12.0,10.375,12.5,11.0],"rotation":0,"texture":"#0","tintindex":0},"up":{"uv":[2.375,12.0,1.875,10.625],"rotation":0,"texture":"#0","tintindex":0},"west":{"uv":[1.875,10.0,3.25,10.625],"rotation":0,"texture":"#0","tintindex":0}}},{"name":"cube","from":[7.7375,-3.6265225,5.0925093],"to":[7.7375,-0.6265223,11.69251],"rotation":{"angle":-45.0,"axis":"x","origin":[8.7031765,5.675235,9.060963]},"faces":{"down":{"uv":[0.0,0.0,0.0,1.375],"rotation":0,"texture":"#0","tintindex":0},"east":{"uv":[10.25,3.875,11.625,4.5],"rotation":0,"texture":"#0","tintindex":0},"north":{"uv":[0.0,0.0,0.0,0.625],"rotation":0,"texture":"#0","tintindex":0},"south":{"uv":[0.0,0.0,0.0,0.625],"rotation":0,"texture":"#0","tintindex":0},"up":{"uv":[0.0,1.375,0.0,0.0],"rotation":0,"texture":"#0","tintindex":0},"west":{"uv":[11.625,3.875,10.25,4.5],"rotation":0,"texture":"#0","tintindex":0}}},{"name":"cube","from":[5.9375,-2.5213242,6.9821115],"to":[10.137501,0.47867584,11.182112],"rotation":{"angle":0.0,"axis":"x","origin":[7.8875,-0.7213247,9.082111]},"faces":{"down":{"uv":[11.375,5.125,10.5,6.0],"rotation":0,"texture":"#0","tintindex":0},"east":{"uv":[11.5,7.375,12.375,8.0],"rotation":0,"texture":"#0","tintindex":0},"north":{"uv":[11.5,1.5,12.375,2.125],"rotation":0,"texture":"#0","tintindex":0},"south":{"uv":[11.625,3.875,12.5,4.5],"rotation":0,"texture":"#0","tintindex":0},"up":{"uv":[11.25,7.375,10.375,6.5],"rotation":0,"texture":"#0","tintindex":0},"west":{"uv":[11.625,4.5,12.5,5.125],"rotation":0,"texture":"#0","tintindex":0}}}],"display":{"head":{"translation":[0.0,-6.4,0.0],"rotation":[0.0,0.0,0.0],"scale":[3.8095,3.8095,3.8095]}}}