{
	"file_name": "torso",
	"texture_size": [
		128,
		128
	],
	"textures": {
		"9797f5c0-94b3-d281-a3fb-9244813c3931": "modelengine:entity/texture2"
	},
	"elements": [
		{
			"name": "cube",
			"from": [
				0.7999997,
				3.199999,
				-3.918571
			],
			"to": [
				13.400001,
				8.599999,
				12.281429
			],
			"rotation": {
				"angle": 0.0,
				"axis": "x",
				"origin": [
					8.0,
					13.999999,
					8.081429
				]
			},
			"faces": {
				"down": {
					"uv": [
						2.625,
						3.75,
						5.25,
						7.125
					],
					"rotation": 0,
					"texture": "#9797f5c0-94b3-d281-a3fb-9244813c3931",
					"tintindex": 0
				},
				"east": {
					"uv": [
						0.0,
						7.125,
						3.375,
						8.25
					],
					"rotation": 0,
					"texture": "#9797f5c0-94b3-d281-a3fb-9244813c3931",
					"tintindex": 0
				},
				"north": {
					"uv": [
						0.0,
						8.25,
						2.625,
						9.375
					],
					"rotation": 0,
					"texture": "#9797f5c0-94b3-d281-a3fb-9244813c3931",
					"tintindex": 0
				},
				"south": {
					"uv": [
						8.5,
						7.75,
						11.125,
						8.875
					],
					"rotation": 0,
					"texture": "#9797f5c0-94b3-d281-a3fb-9244813c3931",
					"tintindex": 0
				},
				"up": {
					"uv": [
						2.625,
						7.125,
						0.0,
						3.75
					],
					"rotation": 0,
					"texture": "#9797f5c0-94b3-d281-a3fb-9244813c3931",
					"tintindex": 0
				},
				"west": {
					"uv": [
						7.125,
						0.0,
						10.5,
						1.125
					],
					"rotation": 0,
					"texture": "#9797f5c0-94b3-d281-a3fb-9244813c3931",
					"tintindex": 0
				}
			}
		},
		{
			"name": "cube",
			"from": [
				2.6,
				8.599999,
				-2.1185713
			],
			"to": [
				11.6,
				10.4,
				10.481428
			],
			"rotation": {
				"angle": 0.0,
				"axis": "x",
				"origin": [
					8.0,
					13.999999,
					8.081429
				]
			},
			"faces": {
				"down": {
					"uv": [
						5.25,
						2.625,
						7.125,
						5.25
					],
					"rotation": 0,
					"texture": "#9797f5c0-94b3-d281-a3fb-9244813c3931",
					"tintindex": 0
				},
				"east": {
					"uv": [
						9.0,
						6.125,
						11.625,
						6.5
					],
					"rotation": 0,
					"texture": "#9797f5c0-94b3-d281-a3fb-9244813c3931",
					"tintindex": 0
				},
				"north": {
					"uv": [
						7.125,
						4.875,
						9.0,
						5.25
					],
					"rotation": 0,
					"texture": "#9797f5c0-94b3-d281-a3fb-9244813c3931",
					"tintindex": 0
				},
				"south": {
					"uv": [
						6.125,
						9.0,
						8.0,
						9.375
					],
					"rotation": 0,
					"texture": "#9797f5c0-94b3-d281-a3fb-9244813c3931",
					"tintindex": 0
				},
				"up": {
					"uv": [
						7.125,
						2.625,
						5.25,
						0.0
					],
					"rotation": 0,
					"texture": "#9797f5c0-94b3-d281-a3fb-9244813c3931",
					"tintindex": 0
				},
				"west": {
					"uv": [
						9.0,
						6.5,
						11.625,
						6.875
					],
					"rotation": 0,
					"texture": "#9797f5c0-94b3-d281-a3fb-9244813c3931",
					"tintindex": 0
				}
			}
		},
		{
			"name": "cube",
			"from": [
				3.7999997,
				10.4,
				-1.5185723
			],
			"to": [
				10.4,
				16.4,
				9.881429
			],
			"rotation": {
				"angle": 0.0,
				"axis": "x",
				"origin": [
					8.0,
					13.999999,
					8.081429
				]
			},
			"faces": {
				"down": {
					"uv": [
						4.75,
						7.75,
						6.125,
						10.125
					],
					"rotation": 0,
					"texture": "#9797f5c0-94b3-d281-a3fb-9244813c3931",
					"tintindex": 0
				},
				"east": {
					"uv": [
						7.125,
						3.625,
						9.5,
						4.875
					],
					"rotation": 0,
					"texture": "#9797f5c0-94b3-d281-a3fb-9244813c3931",
					"tintindex": 0
				},
				"north": {
					"uv": [
						8.5,
						8.875,
						9.875,
						10.125
					],
					"rotation": 0,
					"texture": "#9797f5c0-94b3-d281-a3fb-9244813c3931",
					"tintindex": 0
				},
				"south": {
					"uv": [
						9.0,
						4.875,
						10.375,
						6.125
					],
					"rotation": 0,
					"texture": "#9797f5c0-94b3-d281-a3fb-9244813c3931",
					"tintindex": 0
				},
				"up": {
					"uv": [
						4.75,
						9.5,
						3.375,
						7.125
					],
					"rotation": 0,
					"texture": "#9797f5c0-94b3-d281-a3fb-9244813c3931",
					"tintindex": 0
				},
				"west": {
					"uv": [
						6.125,
						7.75,
						8.5,
						9.0
					],
					"rotation": 0,
					"texture": "#9797f5c0-94b3-d281-a3fb-9244813c3931",
					"tintindex": 0
				}
			}
		},
		{
			"name": "cube",
			"from": [
				0.7999997,
				16.4,
				-4.5185714
			],
			"to": [
				13.400001,
				22.400002,
				13.481428
			],
			"rotation": {
				"angle": 0.0,
				"axis": "x",
				"origin": [
					8.0,
					13.999999,
					8.081429
				]
			},
			"faces": {
				"down": {
					"uv": [
						2.625,
						0.0,
						5.25,
						3.75
					],
					"rotation": 0,
					"texture": "#9797f5c0-94b3-d281-a3fb-9244813c3931",
					"tintindex": 0
				},
				"east": {
					"uv": [
						5.25,
						5.25,
						9.0,
						6.5
					],
					"rotation": 0,
					"texture": "#9797f5c0-94b3-d281-a3fb-9244813c3931",
					"tintindex": 0
				},
				"north": {
					"uv": [
						7.125,
						1.125,
						9.75,
						2.375
					],
					"rotation": 0,
					"texture": "#9797f5c0-94b3-d281-a3fb-9244813c3931",
					"tintindex": 0
				},
				"south": {
					"uv": [
						7.125,
						2.375,
						9.75,
						3.625
					],
					"rotation": 0,
					"texture": "#9797f5c0-94b3-d281-a3fb-9244813c3931",
					"tintindex": 0
				},
				"up": {
					"uv": [
						2.625,
						3.75,
						0.0,
						0.0
					],
					"rotation": 0,
					"texture": "#9797f5c0-94b3-d281-a3fb-9244813c3931",
					"tintindex": 0
				},
				"west": {
					"uv": [
						5.25,
						6.5,
						9.0,
						7.75
					],
					"rotation": 0,
					"texture": "#9797f5c0-94b3-d281-a3fb-9244813c3931",
					"tintindex": 0
				}
			}
		},
		{
			"name": "cube",
			"from": [
				2.6,
				22.400002,
				3.2814286
			],
			"to": [
				5.0,
				23.599998,
				5.681429
			],
			"rotation": {
				"angle": 0.0,
				"axis": "x",
				"origin": [
					8.0,
					13.999999,
					8.081429
				]
			},
			"faces": {
				"down": {
					"uv": [
						9.0,
						6.875,
						9.5,
						7.375
					],
					"rotation": 0,
					"texture": "#9797f5c0-94b3-d281-a3fb-9244813c3931",
					"tintindex": 0
				},
				"east": {
					"uv": [
						1.0,
						9.375,
						1.5,
						9.625
					],
					"rotation": 0,
					"texture": "#9797f5c0-94b3-d281-a3fb-9244813c3931",
					"tintindex": 0
				},
				"north": {
					"uv": [
						9.0,
						7.375,
						9.5,
						7.625
					],
					"rotation": 0,
					"texture": "#9797f5c0-94b3-d281-a3fb-9244813c3931",
					"tintindex": 0
				},
				"south": {
					"uv": [
						1.5,
						9.375,
						2.0,
						9.625
					],
					"rotation": 0,
					"texture": "#9797f5c0-94b3-d281-a3fb-9244813c3931",
					"tintindex": 0
				},
				"up": {
					"uv": [
						5.25,
						7.625,
						4.75,
						7.125
					],
					"rotation": 0,
					"texture": "#9797f5c0-94b3-d281-a3fb-9244813c3931",
					"tintindex": 0
				},
				"west": {
					"uv": [
						2.0,
						9.375,
						2.5,
						9.625
					],
					"rotation": 0,
					"texture": "#9797f5c0-94b3-d281-a3fb-9244813c3931",
					"tintindex": 0
				}
			}
		},
		{
			"name": "cube",
			"from": [
				9.2,
				22.400002,
				3.2814286
			],
			"to": [
				11.6,
				23.599998,
				5.681429
			],
			"rotation": {
				"angle": 0.0,
				"axis": "x",
				"origin": [
					14.6,
					13.999999,
					8.081429
				]
			},
			"faces": {
				"down": {
					"uv": [
						0.5,
						9.375,
						1.0,
						9.875
					],
					"rotation": 0,
					"texture": "#9797f5c0-94b3-d281-a3fb-9244813c3931",
					"tintindex": 0
				},
				"east": {
					"uv": [
						6.625,
						9.375,
						7.125,
						9.625
					],
					"rotation": 0,
					"texture": "#9797f5c0-94b3-d281-a3fb-9244813c3931",
					"tintindex": 0
				},
				"north": {
					"uv": [
						6.125,
						9.375,
						6.625,
						9.625
					],
					"rotation": 0,
					"texture": "#9797f5c0-94b3-d281-a3fb-9244813c3931",