{"textures":{"0":"modelengine:entity/cc_aether"},"elements":[{"name":"cube","from":[6.727208,8.527207,8.0],"to":[25.927208,27.727211,8.6],"rotation":{"angle":45.0,"axis":"z","origin":[8.0,9.8,8.0]},"faces":{"down":{"uv":[3.137255,9.819608,0.627451,9.898039],"rotation":0,"texture":"#0","tintindex":0},"east":{"uv":[9.819608,1.5686275,9.898039,4.0784316],"rotation":0,"texture":"#0","tintindex":0},"north":{"uv":[0.0,0.0,9.989216,9.839216],"rotation":0,"texture":"#0","tintindex":0},"south":{"uv":[0.0,9.909804,9.959805,0.0],"rotation":0,"texture":"#0","tintindex":0},"up":{"uv":[0.627451,9.960785,3.137255,9.882353],"rotation":0,"texture":"#0","tintindex":0},"west":{"uv":[9.882353,1.5686275,9.960785,4.0784316],"rotation":0,"texture":"#0","tintindex":0}}}],"display":{"head":{"translation":[0.0,-6.4,0.0],"rotation":[0.0,0.0,0.0],"scale":[3.8095,3.8095,3.8095]}}}