{"textures":{"0":"modelengine:entity/cc_aetherblock"},"elements":[{"name":"cube","from":[3.199998,-11.837466,-6.4000006],"to":[32.0,16.962536,22.400002],"rotation":{"angle":45.0,"axis":"z","origin":[4.47279,-10.564675,6.2]},"faces":{"down":{"uv":[0.0,0.0,3.989706,3.989706],"rotation":0,"texture":"#0","tintindex":0},"east":{"uv":[0.0,0.0,3.989706,3.989706],"rotation":0,"texture":"#0","tintindex":0},"north":{"uv":[3.989706,0.0,0.0,3.989706],"rotation":0,"texture":"#0","tintindex":0},"south":{"uv":[3.989706,3.989706,0.0,0.0],"rotation":0,"texture":"#0","tintindex":0},"up":{"uv":[3.989706,0.0,0.0,3.989706],"rotation":0,"texture":"#0","tintindex":0},"west":{"uv":[0.0,3.989706,3.989706,0.0],"rotation":0,"texture":"#0","tintindex":0}}}],"display":{"head":{"translation":[13.168252,-6.4,0.0],"rotation":[0.0,0.0,0.0],"scale":[3.8095,3.8095,3.8095]}}}