{"textures":{"0":"modelengine:entity/cc_spider"},"elements":[{"name":"cube","from":[8.0,3.7999997,6.2],"to":[9.8,8.6,9.8],"rotation":{"angle":0.0,"axis":"x","origin":[-4.6000004,6.2,12.2]},"faces":{"down":{"uv":[10.3125,6.1875,10.125,6.5625],"rotation":0,"texture":"#0","tintindex":0},"east":{"uv":[0.0,9.375,0.375,10.0625],"rotation":0,"texture":"#0","tintindex":0},"north":{"uv":[7.3125,9.8125,7.5,10.5],"rotation":0,"texture":"#0","tintindex":0},"south":{"uv":[7.5,9.8125,7.6875,10.5],"rotation":0,"texture":"#0","tintindex":0},"up":{"uv":[6.25,10.5,6.0625,10.125],"rotation":0,"texture":"#0","tintindex":0},"west":{"uv":[0.375,9.375,0.75,10.0625],"rotation":0,"texture":"#0","tintindex":0}}},{"name":"cube","from":[6.8411045,1.673351,6.8],"to":[8.641105,4.0733504,9.2],"rotation":{"angle":-22.5,"axis":"z","origin":[8.9,1.3999997,8.0]},"faces":{"down":{"uv":[10.5625,3.1875,10.375,3.4375],"rotation":0,"texture":"#0","tintindex":0},"east":{"uv":[10.3125,5.75,10.5625,6.0],"rotation":0,"texture":"#0","tintindex":0},"north":{"uv":[5.6875,10.3125,5.875,10.5625],"rotation":0,"texture":"#0","tintindex":0},"south":{"uv":[9.0625,10.3125,9.25,10.5625],"rotation":0,"texture":"#0","tintindex":0},"up":{"uv":[2.375,10.625,2.1875,10.375],"rotation":0,"texture":"#0","tintindex":0},"west":{"uv":[10.3125,6.0,10.5625,6.25],"rotation":0,"texture":"#0","tintindex":0}}},{"name":"cube","from":[7.441105,-0.7266495,7.4],"to":[8.641105,1.673351,8.6],"rotation":{"angle":-22.5,"axis":"z","origin":[8.9,1.3999997,8.0]},"faces":{"down":{"uv":[10.5,6.5625,10.375,6.6875],"rotation":0,"texture":"#0","tintindex":0},"east":{"uv":[9.9375,3.6875,10.0625,3.9375],"rotation":0,"texture":"#0","tintindex":0},"north":{"uv":[5.5,4.6875,5.625,4.9375],"rotation":0,"texture":"#0","tintindex":0},"south":{"uv":[8.75,10.0625,8.875,10.3125],"rotation":0,"texture":"#0","tintindex":0},"up":{"uv":[6.625,10.5,6.5,10.375],"rotation":0,"texture":"#0","tintindex":0},"west":{"uv":[0.3125,10.375,0.4375,10.625],"rotation":0,"texture":"#0","tintindex":0}}}],"display":{"head":{"translation":[0.0,-6.4,0.0],"rotation":[0.0,0.0,0.0],"scale":[3.8095,3.8095,3.8095]}}}