{"textures":{"0":"modelengine:entity/cc_spider"},"elements":[{"name":"cube","from":[7.4,8.0,4.3999996],"to":[9.2,9.8,8.6],"rotation":{"angle":0.0,"axis":"x","origin":[4.3999996,7.4,41.600002]},"faces":{"down":{"uv":[6.0625,10.125,5.875,10.5625],"rotation":0,"texture":"#0","tintindex":0},"east":{"uv":[10.0625,5.5625,10.5,5.75],"rotation":0,"texture":"#0","tintindex":0},"north":{"uv":[10.375,3.625,10.5625,3.8125],"rotation":0,"texture":"#0","tintindex":0},"south":{"uv":[10.375,3.8125,10.5625,4.0],"rotation":0,"texture":"#0","tintindex":0},"up":{"uv":[10.3125,6.1875,10.125,5.75],"rotation":0,"texture":"#0","tintindex":0},"west":{"uv":[5.4375,10.125,5.875,10.3125],"rotation":0,"texture":"#0","tintindex":0}}},{"name":"cube","from":[6.8,8.0,-3.4000006],"to":[9.8,9.8,4.3999996],"rotation":{"angle":0.0,"axis":"x","origin":[4.3999996,7.4,41.600002]},"faces":{"down":{"uv":[1.375,9.375,1.0625,10.1875],"rotation":0,"texture":"#0","tintindex":0},"east":{"uv":[4.625,2.5625,5.4375,2.75],"rotation":0,"texture":"#0","tintindex":0},"north":{"uv":[10.375,2.4375,10.6875,2.625],"rotation":0,"texture":"#0","tintindex":0},"south":{"uv":[10.375,2.625,10.6875,2.8125],"rotation":0,"texture":"#0","tintindex":0},"up":{"uv":[1.0625,10.1875,0.75,9.375],"rotation":0,"texture":"#0","tintindex":0},"west":{"uv":[7.4375,1.8125,8.25,2.0],"rotation":0,"texture":"#0","tintindex":0}}}],"display":{"head":{"translation":[0.0,-6.4,0.0],"rotation":[0.0,0.0,0.0],"scale":[3.8095,3.8095,3.8095]}}}