{"textures":{"0":"modelengine:entity/cc_spider"},"elements":[{"name":"cube","from":[7.16,8.369455,-5.4431095],"to":[8.96,9.569456,8.356891],"rotation":{"angle":0.0,"axis":"x","origin":[8.360001,9.119455,20.056892]},"faces":{"down":{"uv":[2.875,9.3125,2.6875,10.75],"rotation":0,"texture":"#0","tintindex":0},"east":{"uv":[9.6875,7.0625,11.125,7.1875],"rotation":0,"texture":"#0","tintindex":0},"north":{"uv":[6.4375,9.6875,6.625,9.8125],"rotation":0,"texture":"#0","tintindex":0},"south":{"uv":[10.375,4.125,10.5625,4.25],"rotation":0,"texture":"#0","tintindex":0},"up":{"uv":[2.75,8.5,2.5625,7.0625],"rotation":0,"texture":"#0","tintindex":0},"west":{"uv":[9.6875,7.1875,11.125,7.3125],"rotation":0,"texture":"#0","tintindex":0}}}],"display":{"head":{"translation":[0.0,-6.4,0.0],"rotation":[0.0,0.0,0.0],"scale":[3.8095,3.8095,3.8095]}}}