{"textures":{"0":"modelengine:entity/cc_spider"},"elements":[{"name":"cube","from":[6.35,8.0,0.20000196],"to":[9.35,11.0,9.200003],"rotation":{"angle":0.0,"axis":"x","origin":[-0.25000024,8.0,15.800002]},"faces":{"down":{"uv":[9.5625,9.0625,9.25,10.0],"rotation":0,"texture":"#0","tintindex":0},"east":{"uv":[7.9375,9.1875,8.875,9.5],"rotation":0,"texture":"#0","tintindex":0},"north":{"uv":[8.3125,10.0625,8.625,10.375],"rotation":0,"texture":"#0","tintindex":0},"south":{"uv":[9.3125,10.0625,9.625,10.375],"rotation":0,"texture":"#0","tintindex":0},"up":{"uv":[1.9375,10.125,1.625,9.1875],"rotation":0,"texture":"#0","tintindex":0},"west":{"uv":[9.25,8.75,10.1875,9.0625],"rotation":0,"texture":"#0","tintindex":0}}},{"name":"cube","from":[5.75,8.0,-8.199998],"to":[9.950001,11.0,-3.999998],"rotation":{"angle":0.0,"axis":"x","origin":[-0.25000024,8.0,15.800002]},"faces":{"down":{"uv":[10.125,6.625,9.6875,7.0625],"rotation":0,"texture":"#0","tintindex":0},"east":{"uv":[9.875,0.9375,10.3125,1.25],"rotation":0,"texture":"#0","tintindex":0},"north":{"uv":[9.875,0.625,10.3125,0.9375],"rotation":0,"texture":"#0","tintindex":0},"south":{"uv":[9.875,1.25,10.3125,1.5625],"rotation":0,"texture":"#0","tintindex":0},"up":{"uv":[10.125,6.625,9.6875,6.1875],"rotation":0,"texture":"#0","tintindex":0},"west":{"uv":[3.75,9.9375,4.1875,10.25],"rotation":0,"texture":"#0","tintindex":0}}},{"name":"cube","from":[5.75,8.0,-16.0],"to":[9.950001,11.0,-12.999999],"rotation":{"angle":0.0,"axis":"x","origin":[-0.25000024,8.0,15.800002]},"faces":{"down":{"uv":[10.4375,9.625,10.0,9.9375],"rotation":0,"texture":"#0","tintindex":0},"east":{"uv":[9.625,10.0625,9.9375,10.375],"rotation":0,"texture":"#0","tintindex":0},"north":{"uv":[4.1875,9.9375,4.625,10.25],"rotation":0,"texture":"#0","tintindex":0},"south":{"uv":[10.0,7.5625,10.4375,7.875],"rotation":0,"texture":"#0","tintindex":0},"up":{"uv":[9.3125,10.3125,8.875,10.0],"rotation":0,"texture":"#0","tintindex":0},"west":{"uv":[1.5625,10.125,1.875,10.4375],"rotation":0,"texture":"#0","tintindex":0}}},{"name":"cube","from":[6.5,8.6,-15.159997],"to":[9.2,10.4,0.20000196],"rotation":{"angle":0.0,"axis":"x","origin":[-0.25000024,8.0,15.800002]},"faces":{"down":{"uv":[3.75,8.875,3.4375,10.5],"rotation":0,"texture":"#0","tintindex":0},"east":{"uv":[4.6875,9.25,6.3125,9.4375],"rotation":0,"texture":"#0","tintindex":0},"north":{"uv":[10.375,2.0625,10.6875,2.25],"rotation":0,"texture":"#0","tintindex":0},"south":{"uv":[10.375,2.25,10.6875,2.4375],"rotation":0,"texture":"#0","tintindex":0},"up":{"uv":[3.4375,10.5,3.125,8.875],"rotation":0,"texture":"#0","tintindex":0},"west":{"uv":[6.3125,9.25,7.9375,9.4375],"rotation":0,"texture":"#0","tintindex":0}}}],"display":{"head":{"translation":[0.0,-6.4,-2.2400086],"rotation":[0.0,0.0,0.0],"scale":[3.8095,3.8095,3.8095]}}}