{"textures":{"0":"modelengine:entity/cc_spider"},"elements":[{"name":"cube","from":[7.16,8.369455,7.6431093],"to":[8.96,9.569456,21.443111],"rotation":{"angle":0.0,"axis":"x","origin":[8.360001,9.119455,-4.0568914]},"faces":{"down":{"uv":[2.875,10.75,2.6875,9.3125],"rotation":0,"texture":"#0","tintindex":0},"east":{"uv":[11.125,7.0625,9.6875,7.1875],"rotation":0,"texture":"#0","tintindex":0},"north":{"uv":[10.5625,4.125,10.375,4.25],"rotation":0,"texture":"#0","tintindex":0},"south":{"uv":[6.625,9.6875,6.4375,9.8125],"rotation":0,"texture":"#0","tintindex":0},"up":{"uv":[2.75,7.0625,2.5625,8.5],"rotation":0,"texture":"#0","tintindex":0},"west":{"uv":[11.125,7.1875,9.6875,7.3125],"rotation":0,"texture":"#0","tintindex":0}}}],"display":{"head":{"translation":[0.0,-6.4,0.0],"rotation":[0.0,0.0,0.0],"scale":[3.8095,3.8095,3.8095]}}}