{"textures":{"0":"modelengine:entity/cc_spider"},"elements":[{"name":"cube","from":[6.35,8.0,6.799998],"to":[9.35,11.0,15.799999],"rotation":{"angle":0.0,"axis":"x","origin":[-0.25000024,8.0,0.19999743]},"faces":{"down":{"uv":[9.5625,10.0,9.25,9.0625],"rotation":0,"texture":"#0","tintindex":0},"east":{"uv":[8.875,9.1875,7.9375,9.5],"rotation":0,"texture":"#0","tintindex":0},"north":{"uv":[9.625,10.0625,9.3125,10.375],"rotation":0,"texture":"#0","tintindex":0},"south":{"uv":[8.625,10.0625,8.3125,10.375],"rotation":0,"texture":"#0","tintindex":0},"up":{"uv":[1.9375,9.1875,1.625,10.125],"rotation":0,"texture":"#0","tintindex":0},"west":{"uv":[10.1875,8.75,9.25,9.0625],"rotation":0,"texture":"#0","tintindex":0}}},{"name":"cube","from":[5.75,8.0,20.0],"to":[9.950001,11.0,24.199997],"rotation":{"angle":0.0,"axis":"x","origin":[-0.25000024,8.0,0.19999743]},"faces":{"down":{"uv":[10.125,7.0625,9.6875,6.625],"rotation":0,"texture":"#0","tintindex":0},"east":{"uv":[10.3125,0.9375,9.875,1.25],"rotation":0,"texture":"#0","tintindex":0},"north":{"uv":[10.3125,1.25,9.875,1.5625],"rotation":0,"texture":"#0","tintindex":0},"south":{"uv":[10.3125,0.625,9.875,0.9375],"rotation":0,"texture":"#0","tintindex":0},"up":{"uv":[10.125,6.1875,9.6875,6.625],"rotation":0,"texture":"#0","tintindex":0},"west":{"uv":[4.1875,9.9375,3.75,10.25],"rotation":0,"texture":"#0","tintindex":0}}},{"name":"cube","from":[5.75,8.0,29.0],"to":[9.950001,11.0,32.0],"rotation":{"angle":0.0,"axis":"x","origin":[-0.25000024,8.0,0.19999743]},"faces":{"down":{"uv":[10.4375,9.9375,10.0,9.625],"rotation":0,"texture":"#0","tintindex":0},"east":{"uv":[9.9375,10.0625,9.625,10.375],"rotation":0,"texture":"#0","tintindex":0},"north":{"uv":[10.4375,7.5625,10.0,7.875],"rotation":0,"texture":"#0","tintindex":0},"south":{"uv":[4.625,9.9375,4.1875,10.25],"rotation":0,"texture":"#0","tintindex":0},"up":{"uv":[9.3125,10.0,8.875,10.3125],"rotation":0,"texture":"#0","tintindex":0},"west":{"uv":[1.875,10.125,1.5625,10.4375],"rotation":0,"texture":"#0","tintindex":0}}},{"name":"cube","from":[6.5,8.6,15.799999],"to":[9.2,10.4,31.159996],"rotation":{"angle":0.0,"axis":"x","origin":[-0.25000024,8.0,0.19999743]},"faces":{"down":{"uv":[3.75,10.5,3.4375,8.875],"rotation":0,"texture":"#0","tintindex":0},"east":{"uv":[6.3125,9.25,4.6875,9.4375],"rotation":0,"texture":"#0","tintindex":0},"north":{"uv":[10.6875,2.25,10.375,2.4375],"rotation":0,"texture":"#0","tintindex":0},"south":{"uv":[10.6875,2.0625,10.375,2.25],"rotation":0,"texture":"#0","tintindex":0},"up":{"uv":[3.4375,8.875,3.125,10.5],"rotation":0,"texture":"#0","tintindex":0},"west":{"uv":[7.9375,9.25,6.3125,9.4375],"rotation":0,"texture":"#0","tintindex":0}}}],"display":{"head":{"translation":[0.0,-6.4,2.2400086],"rotation":[0.0,0.0,0.0],"scale":[3.8095,3.8095,3.8095]}}}