{"textures":{"0":"modelengine:entity/vs_stag"},"elements":[{"name":"cube","from":[8.77231,11.736598,7.496],"to":[9.61231,17.1126,8.504],"rotation":{"angle":-45.0,"axis":"z","origin":[7.9323106,13.794599,8.0]},"faces":{"down":{"uv":[4.0,12.0,3.75,12.25],"rotation":0,"texture":"#0","tintindex":0},"east":{"uv":[10.375,2.25,10.625,3.875],"rotation":0,"texture":"#0","tintindex":0},"north":{"uv":[10.25,10.125,10.5,11.75],"rotation":0,"texture":"#0","tintindex":0},"south":{"uv":[4.75,10.375,5.0,12.0],"rotation":0,"texture":"#0","tintindex":0},"up":{"uv":[12.25,3.5,12.0,3.25],"rotation":0,"texture":"#0","tintindex":0},"west":{"uv":[5.0,10.375,5.25,12.0],"rotation":0,"texture":"#0","tintindex":0}}},{"name":"cube","from":[7.5963106,13.794599,4.5559998],"to":[8.436311,14.550599,8.504],"rotation":{"angle":22.5,"axis":"x","origin":[8.478311,14.172599,3.3799994]},"faces":{"down":{"uv":[8.5,10.75,8.25,11.875],"rotation":0,"texture":"#0","tintindex":0},"east":{"uv":[10.75,2.0,11.875,2.25],"rotation":0,"texture":"#0","tintindex":0},"north":{"uv":[12.0,3.75,12.25,4.0],"rotation":0,"texture":"#0","tintindex":0},"south":{"uv":[4.0,12.0,4.25,12.25],"rotation":0,"texture":"#0","tintindex":0},"up":{"uv":[8.25,11.875,8.0,10.75],"rotation":0,"texture":"#0","tintindex":0},"west":{"uv":[10.75,7.0,11.875,7.25],"rotation":0,"texture":"#0","tintindex":0}}},{"name":"cube","from":[10.284311,12.660599,5.522],"to":[11.1243105,13.4166,7.37],"rotation":{"angle":-22.5,"axis":"y","origin":[9.19231,14.634599,3.3799994]},"faces":{"down":{"uv":[9.75,11.75,9.5,12.25],"rotation":0,"texture":"#0","tintindex":0},"east":{"uv":[11.75,3.5,12.25,3.75],"rotation":0,"texture":"#0","tintindex":0},"north":{"uv":[12.0,4.0,12.25,4.25],"rotation":0,"texture":"#0","tintindex":0},"south":{"uv":[4.25,12.0,4.5,12.25],"rotation":0,"texture":"#0","tintindex":0},"up":{"uv":[9.5,12.25,9.25,11.75],"rotation":0,"texture":"#0","tintindex":0},"west":{"uv":[11.75,7.75,12.25,8.0],"rotation":0,"texture":"#0","tintindex":0}}},{"name":"cube","from":[10.49431,12.660599,4.681999],"to":[10.91431,13.4166,5.6899996],"rotation":{"angle":-22.5,"axis":"y","origin":[9.19231,14.634599,3.3799994]},"faces":{"down":{"uv":[12.25,10.125,12.125,10.375],"rotation":0,"texture":"#0","tintindex":0},"east":{"uv":[12.0,4.25,12.25,4.5],"rotation":0,"texture":"#0","tintindex":0},"north":{"uv":[8.375,12.125,8.5,12.375],"rotation":0,"texture":"#0","tintindex":0},"south":{"uv":[12.125,9.625,12.25,9.875],"rotation":0,"texture":"#0","tintindex":0},"up":{"uv":[12.25,10.125,12.125,9.875],"rotation":0,"texture":"#0","tintindex":0},"west":{"uv":[12.0,4.5,12.25,4.75],"rotation":0,"texture":"#0","tintindex":0}}},{"name":"cube","from":[12.174311,22.11396,2.644999],"to":[12.795911,22.6734,5.5665197],"rotation":{"angle":45.0,"axis":"x","origin":[12.82699,22.020718,4.57196]},"faces":{"down":{"uv":[10.25,11.75,10.125,12.625],"rotation":0,"texture":"#0","tintindex":0},"east":{"uv":[11.75,8.875,12.625,9.0],"rotation":0,"texture":"#0","tintindex":0},"north":{"uv":[12.125,12.125,12.25,12.25],"rotation":0,"texture":"#0","tintindex":0},"south":{"uv":[12.25,0.25,12.375,0.375],"rotation":0,"texture":"#0","tintindex":0},"up":{"uv":[10.125,12.625,10.0,11.75],"rotation":0,"texture":"#0","tintindex":0},"west":{"uv":[11.75,9.0,12.625,9.125],"rotation":0,"texture":"#0","tintindex":0}}},{"name":"cube","from":[12.174311,21.740997,5.4421997],"to":[12.795911,22.300442,8.36372],"rotation":{"angle":22.5,"axis":"x","origin":[12.82699,22.020718,4.57196]},"faces":{"down":{"uv":[10.5,11.75,10.375,12.625],"rotation":0,"texture":"#0","tintindex":0},"east":{"uv":[11.875,0.0,12.75,0.125],"rotation":0,"texture":"#0","tintindex":0},"north":{"uv":[12.25,0.375,12.375,0.5],"rotation":0,"texture":"#0","tintindex":0},"south":{"uv":[12.25,0.5,12.375,0.625],"rotation":0,"texture":"#0","tintindex":0},"up":{"uv":[10.375,12.625,10.25,11.75],"rotation":0,"texture":"#0","tintindex":0},"west":{"uv":[11.875,0.125,12.75,0.25],"rotation":0,"texture":"#0","tintindex":0}}},{"name":"cube","from":[7.5963106,14.298598,0.77599907],"to":[8.436311,15.0546,4.723999],"rotation":{"angle":45.0,"axis":"x","origin":[8.478311,14.172599,3.3799994]},"faces":{"down":{"uv":[11.125,2.25,10.875,3.375],"rotation":0,"texture":"#0","tintindex":0},"east":{"uv":[10.75,7.25,11.875,7.5],"rotation":0,"texture":"#0","tintindex":0},"north":{"uv":[4.75,12.0,5.0,12.25],"rotation":0,"texture":"#0","tintindex":0},"south":{"uv":[12.0,4.75,12.25,5.0],"rotation":0,"texture":"#0","tintindex":0},"up":{"uv":[11.0,11.0,10.75,9.875],"rotation":0,"texture":"#0","tintindex":0},"west":{"uv":[10.75,9.625,11.875,9.875],"rotation":0,"texture":"#0","tintindex":0}}},{"name":"cube","from":[11.922311,15.726599,7.496],"to":[16.54231,16.482597,8.504],"rotation":{"angle":22.5,"axis":"z","origin":[14.02231,13.794599,8.0]},"faces":{"down":{"uv":[11.625,5.25,10.25,5.5],"rotation":0,"texture":"#0","tintindex":0},"east":{"uv":[5.0,12.0,5.25,12.25],"rotation":0,"texture":"#0","tintindex":0},"north":{"uv":[10.25,0.0,11.625,0.25],"rotation":0,"texture":"#0","tintindex":0},"south":{"uv":[10.25,0.25,11.625,0.5],"rotation":0,"texture":"#0","tintindex":0},"up":{"uv":[11.625,0.75,10.25,0.5],"rotation":0,"texture":"#0","tintindex":0},"west":{"uv":[12.0,5.0,12.25,5.25],"rotation":0,"texture":"#0","tintindex":0}}},{"name":"cube","from":[10.2423115,12.114598,7.496],"to":[13.182311,12.8706,8.504],"rotation":{"angle":-22.5,"axis":"z","origin":[14.02231,13.794599,8.0]},"faces":{"down":{"uv":[12.0,4.0,11.125,4.25],"rotation":0,"texture":"#0","tintindex":0},"east":{"uv":[12.0,5.25,12.25,5.5],"rotation":0,"texture":"#0","tintindex":0},"north":{"uv":[11.125,3.0,12.0,3.25],"rotation":0,"texture":"#0","tintindex":0},"south":{"uv":[11.125,3.25,12.0,3.5],"rotation":0,"texture":"#0","tintindex":0},"up":{"uv":[12.0,4.0,11.125,3.75],"rotation":0,"texture":"#0","tintindex":0},"west":{"uv":[12.0,5.5,12.25,5.75],"rotation":0,"texture":"#0","tintindex":0}}},{"name":"cube","from":[12.552311,12.534599,7.496],"to":[15.4923115,13.290598,8.504],"rotation":{"angle":0.0,"axis":"x","origin":[14.02231,13.794599,8.0]},"faces":{"down":{"uv":[12.125,6.625,11.25,6.875],"rotation":0,"texture":"#0","tintindex":0},"east":{"uv":[6.0,12.0,6.25,12.25],"rotation":0,"texture":"#0","tintindex":0},"north":{"uv":[11.25,5.875,12.125,6.125],"rotation":0,"texture":"#0","tintindex":0},"south":{"uv":[11.25,6.125,12.125,6.375],"rotation":0,"texture":"#0","tintindex":0},"up":{"uv":[12.125,6.625,11.25,6.375],"rotation":0,"texture":"#0","tintindex":0},"west":{"uv":[12.0,7.375,12.25,7.625],"rotation":0,"texture":"#0","tintindex":0}}},{"name":"cube","from":[16.96231,14.676599,7.496],"to":[19.902313,15.432598,8.504],"rotation":{"angle":45.0,"axis":"z","origin":[14.02231,13.794599,8.0]},"faces":{"down":{"uv":[12.25,10.875,11.375,11.125],"rotation":0,"texture":"#0","tintindex":0},"east":{"uv":[12.0,8.375,12.25,8.625],"rotation":0,"texture":"#0","tintindex":0},"north":{"uv":[11.25,8.125,12.125,8.375],"rotation":0,"texture":"#0","tintindex":0},"south":{"uv":[11.25,9.25,12.125,9.5],"rotation":0,"texture":"#0","tintindex":0},"up":{"uv":[11.375,11.5,10.5,11.25],"rotation":0,"texture":"#0","tintindex":0},"west":{"uv":[12.0,8.625,12.25,8.875],"rotation":0,"texture":"#0","tintindex":0}}},{"name":"cube","from":[10.930622,14.801001,7.496],"to":[11.770621,18.917002,8.504],"rotation":{"angle":-22.5,"axis":"z","origin":[11.644621,15.725001,8.0]},"faces":{"down":{"uv":[12.375,5.875,12.125,6.125],"rotation":0,"texture":"#0","tintindex":0},"east":{"uv":[4.0,10.75,4.25,12.0],"rotation":0,"texture":"#0","tintindex":0},"north":{"uv":[3.75,10.75,4.0,12.0],"rotation":0,"texture":"#0","tintindex":0},"south":{"uv":[4.25,10.75,4.5,12.0],"rotation":0,"texture":"#0","tintindex":0},"up":{"uv":[2.5,12.375,2.25,12.125],"rotation":0,"texture":"#0","tintindex":0},"west":{"uv":[6.0,10.75,6.25,12.0],"rotation":0,"texture":"#0","tintindex":0}}},{"name":"cube","from":[12.148622,18.665,7.496],"to":[12.988622,24.881,8.504],"rotation":{"angle":0.0,"axis":"x",