{"textures":{"0":"modelengine:entity/vs_stag"},"elements":[{"name":"cube","from":[6.103301,7.1022844,7.28],"to":[7.303301,14.782284,8.719999],"rotation":{"angle":45.0,"axis":"z","origin":[8.503301,10.042283,8.0]},"faces":{"down":{"uv":[12.125,9.625,11.875,9.875],"rotation":0,"texture":"#0","tintindex":0},"east":{"uv":[9.5,10.125,9.75,11.75],"rotation":0,"texture":"#0","tintindex":0},"north":{"uv":[9.25,10.125,9.5,11.75],"rotation":0,"texture":"#0","tintindex":0},"south":{"uv":[9.75,10.125,10.0,11.75],"rotation":0,"texture":"#0","tintindex":0},"up":{"uv":[10.125,1.75,9.875,1.5],"rotation":0,"texture":"#0","tintindex":0},"west":{"uv":[10.0,10.125,10.25,11.75],"rotation":0,"texture":"#0","tintindex":0}}},{"name":"cube","from":[7.783301,10.042283,3.08],"to":[8.983301,11.122282,8.719999],"rotation":{"angle":22.5,"axis":"x","origin":[7.723301,10.582284,1.4000003]},"faces":{"down":{"uv":[6.5,10.75,6.25,11.875],"rotation":0,"texture":"#0","tintindex":0},"east":{"uv":[6.375,2.75,7.5,3.0],"rotation":0,"texture":"#0","tintindex":0},"north":{"uv":[1.75,12.0,2.0,12.25],"rotation":0,"texture":"#0","tintindex":0},"south":{"uv":[2.0,12.0,2.25,12.25],"rotation":0,"texture":"#0","tintindex":0},"up":{"uv":[5.0,8.875,4.75,7.75],"rotation":0,"texture":"#0","tintindex":0},"west":{"uv":[10.625,3.5,11.75,3.75],"rotation":0,"texture":"#0","tintindex":0}}},{"name":"cube","from":[3.9433005,8.422282,4.4599996],"to":[5.1433005,9.502285,7.1000004],"rotation":{"angle":22.5,"axis":"y","origin":[6.7033005,11.242283,1.4000003]},"faces":{"down":{"uv":[12.0,8.375,11.75,8.875],"rotation":0,"texture":"#0","tintindex":0},"east":{"uv":[5.0,7.0,5.5,7.25],"rotation":0,"texture":"#0","tintindex":0},"north":{"uv":[12.0,2.5,12.25,2.75],"rotation":0,"texture":"#0","tintindex":0},"south":{"uv":[2.75,12.0,3.0,12.25],"rotation":0,"texture":"#0","tintindex":0},"up":{"uv":[9.5,3.75,9.25,3.25],"rotation":0,"texture":"#0","tintindex":0},"west":{"uv":[11.5,7.5,12.0,7.75],"rotation":0,"texture":"#0","tintindex":0}}},{"name":"cube","from":[4.2433004,8.422282,3.2599995],"to":[4.8433003,9.502285,4.7000003],"rotation":{"angle":22.5,"axis":"y","origin":[6.7033005,11.242283,1.4000003]},"faces":{"down":{"uv":[8.5,11.875,8.375,12.125],"rotation":0,"texture":"#0","tintindex":0},"east":{"uv":[12.0,2.75,12.25,3.0],"rotation":0,"texture":"#0","tintindex":0},"north":{"uv":[10.125,2.25,10.25,2.5],"rotation":0,"texture":"#0","tintindex":0},"south":{"uv":[11.5,4.625,11.625,4.875],"rotation":0,"texture":"#0","tintindex":0},"up":{"uv":[11.625,5.125,11.5,4.875],"rotation":0,"texture":"#0","tintindex":0},"west":{"uv":[12.0,3.0,12.25,3.25],"rotation":0,"texture":"#0","tintindex":0}}},{"name":"cube","from":[1.5553006,21.927086,0.35000038],"to":[2.4433005,22.726284,4.5236],"rotation":{"angle":45.0,"axis":"x","origin":[1.510901,21.793884,3.1028]},"faces":{"down":{"uv":[10.0,11.75,9.875,12.625],"rotation":0,"texture":"#0","tintindex":0},"east":{"uv":[11.625,5.75,12.5,5.875],"rotation":0,"texture":"#0","tintindex":0},"north":{"uv":[12.0,12.125,12.125,12.25],"rotation":0,"texture":"#0","tintindex":0},"south":{"uv":[12.125,12.0,12.25,12.125],"rotation":0,"texture":"#0","tintindex":0},"up":{"uv":[9.875,12.625,9.75,11.75],"rotation":0,"texture":"#0","tintindex":0},"west":{"uv":[11.75,8.0,12.625,8.125],"rotation":0,"texture":"#0","tintindex":0}}},{"name":"cube","from":[1.5553006,21.394283,4.346],"to":[2.4433005,22.193485,8.5196],"rotation":{"angle":22.5,"axis":"x","origin":[1.510901,21.793884,3.1028]},"faces":{"down":{"uv":[7.5,11.75,7.375,12.625],"rotation":0,"texture":"#0","tintindex":0},"east":{"uv":[7.375,1.75,8.25,1.875],"rotation":0,"texture":"#0","tintindex":0},"north":{"uv":[11.875,7.375,12.0,7.5],"rotation":0,"texture":"#0","tintindex":0},"south":{"uv":[12.125,11.875,12.25,12.0],"rotation":0,"texture":"#0","tintindex":0},"up":{"uv":[10.375,3.125,10.25,2.25],"rotation":0,"texture":"#0","tintindex":0},"west":{"uv":[11.5,9.125,12.375,9.25],"rotation":0,"texture":"#0","tintindex":0}}},{"name":"cube","from":[7.783301,10.762283,-2.3200006],"to":[8.983301,11.842283,3.3199997],"rotation":{"angle":45.0,"axis":"x","origin":[7.723301,10.582284,1.4000003]},"faces":{"down":{"uv":[8.0,10.75,7.75,11.875],"rotation":0,"texture":"#0","tintindex":0},"east":{"uv":[10.75,1.5,11.875,1.75],"rotation":0,"texture":"#0","tintindex":0},"north":{"uv":[12.0,2.25,12.25,2.5],"rotation":0,"texture":"#0","tintindex":0},"south":{"uv":[2.5,12.0,2.75,12.25],"rotation":0,"texture":"#0","tintindex":0},"up":{"uv":[6.75,11.875,6.5,10.75],"rotation":0,"texture":"#0","tintindex":0},"west":{"uv":[10.75,1.75,11.875,2.0],"rotation":0,"texture":"#0","tintindex":0}}},{"name":"cube","from":[-3.7966995,12.802284,7.28],"to":[2.8033006,13.882284,8.719999],"rotation":{"angle":-22.5,"axis":"z","origin":[-0.19669938,10.042283,8.0]},"faces":{"down":{"uv":[11.5,9.0,10.125,9.25],"rotation":0,"texture":"#0","tintindex":0},"east":{"uv":[11.875,11.375,12.125,11.625],"rotation":0,"texture":"#0","tintindex":0},"north":{"uv":[9.875,9.375,11.25,9.625],"rotation":0,"texture":"#0","tintindex":0},"south":{"uv":[10.125,8.5,11.5,8.75],"rotation":0,"texture":"#0","tintindex":0},"up":{"uv":[11.5,9.0,10.125,8.75],"rotation":0,"texture":"#0","tintindex":0},"west":{"uv":[11.625,11.875,11.875,12.125],"rotation":0,"texture":"#0","tintindex":0}}},{"name":"cube","from":[1.0033007,7.642283,7.28],"to":[5.2033005,8.722282,8.719999],"rotation":{"angle":22.5,"axis":"z","origin":[-0.19669938,10.042283,8.0]},"faces":{"down":{"uv":[12.0,1.0,11.125,1.25],"rotation":0,"texture":"#0","tintindex":0},"east":{"uv":[12.0,0.75,12.25,1.0],"rotation":0,"texture":"#0","tintindex":0},"north":{"uv":[10.5,11.0,11.375,11.25],"rotation":0,"texture":"#0","tintindex":0},"south":{"uv":[11.0,10.625,11.875,10.875],"rotation":0,"texture":"#0","tintindex":0},"up":{"uv":[12.0,1.0,11.125,0.75],"rotation":0,"texture":"#0","tintindex":0},"west":{"uv":[12.0,1.0,12.25,1.25],"rotation":0,"texture":"#0","tintindex":0}}},{"name":"cube","from":[-2.2966995,8.242283,7.28],"to":[1.9033006,9.322283,8.719999],"rotation":{"angle":0.0,"axis":"x","origin":[-0.19669938,10.042283,8.0]},"faces":{"down":{"uv":[12.0,2.75,11.125,3.0],"rotation":0,"texture":"#0","tintindex":0},"east":{"uv":[12.0,1.25,12.25,1.5],"rotation":0,"texture":"#0","tintindex":0},"north":{"uv":[11.125,1.25,12.0,1.5],"rotation":0,"texture":"#0","tintindex":0},"south":{"uv":[11.125,2.25,12.0,2.5],"rotation":0,"texture":"#0","tintindex":0},"up":{"uv":[12.0,2.75,11.125,2.5],"rotation":0,"texture":"#0","tintindex":0},"west":{"uv":[1.5,12.0,1.75,12.25],"rotation":0,"texture":"#0","tintindex":0}}},{"name":"cube","from":[-8.5967,11.302284,7.28],"to":[-4.3966994,12.382284,8.719999],"rotation":{"angle":-45.0,"axis":"z","origin":[-0.19669938,10.042283,8.0]},"faces":{"down":{"uv":[11.875,10.375,11.0,10.625],"rotation":0,"texture":"#0","tintindex":0},"east":{"uv":[11.875,11.625,12.125,11.875],"rotation":0,"texture":"#0","tintindex":0},"north":{"uv":[10.875,7.875,11.75,8.125],"rotation":0,"texture":"#0","tintindex":0},"south":{"uv":[11.0,9.875,11.875,10.125],"rotation":0,"texture":"#0","tintindex":0},"up":{"uv":[11.875,10.375,11.0,10.125],"rotation":0,"texture":"#0","tintindex":0},"west":{"uv":[11.875,11.875,12.125,12.125],"rotation":0,"texture":"#0","tintindex":0}}},{"name":"cube","from":[3.0199997,11.48,7.28],"to":[4.22,17.36,8.719999],"rotation":{"angle":22.5,"axis":"z","origin":[3.1999998,12.8,8.0]},"faces":{"down":{"uv":[12.125,10.125,11.875,10.375],"rotation":0,"texture":"#0","tintindex":0},"east":{"uv":[7.25,10.5,7.5,11.75],"rotation":0,"texture":"#0","tintindex":0},"north":{"uv":[7.0,10.5,7.25,11.75],"rotation":0,"texture":"#0","tintindex":0},"south":{"uv":[10.5,9.625,10.75,10.875],"rotation":0,"texture":"#0","tintindex":0},"up":{"uv":[12.125,10.125,11.875,9.875],"rotation":0,"texture":"#0","tintindex":0},"west":{"uv":[10.625,2.25,10.875,3.5],"rotation":0,"texture":"#0","tintindex":0}}},{"name":"cube","from":[1.2799993,17.0,7.28],"to":[2.48,25.880001,8.719999],"rotation":{"angle":0.0,