{"textures":{"0":"modelengine:entity/vs_stag"},"elements":[{"name":"cube","from":[9.103301,7.1022844,7.28],"to":[10.303301,14.782284,8.719999],"rotation":{"angle":-45.0,"axis":"z","origin":[7.903301,10.042286,8.0]},"faces":{"down":{"uv":[4.0,12.0,3.75,12.25],"rotation":0,"texture":"#0","tintindex":0},"east":{"uv":[10.375,2.25,10.625,3.875],"rotation":0,"texture":"#0","tintindex":0},"north":{"uv":[10.25,10.125,10.5,11.75],"rotation":0,"texture":"#0","tintindex":0},"south":{"uv":[4.75,10.375,5.0,12.0],"rotation":0,"texture":"#0","tintindex":0},"up":{"uv":[12.25,3.5,12.0,3.25],"rotation":0,"texture":"#0","tintindex":0},"west":{"uv":[5.0,10.375,5.25,12.0],"rotation":0,"texture":"#0","tintindex":0}}},{"name":"cube","from":[7.4233007,10.042286,3.08],"to":[8.623301,11.122285,8.719999],"rotation":{"angle":22.5,"axis":"x","origin":[8.683301,10.582284,1.4000003]},"faces":{"down":{"uv":[8.5,10.75,8.25,11.875],"rotation":0,"texture":"#0","tintindex":0},"east":{"uv":[10.75,2.0,11.875,2.25],"rotation":0,"texture":"#0","tintindex":0},"north":{"uv":[12.0,3.75,12.25,4.0],"rotation":0,"texture":"#0","tintindex":0},"south":{"uv":[4.0,12.0,4.25,12.25],"rotation":0,"texture":"#0","tintindex":0},"up":{"uv":[8.25,11.875,8.0,10.75],"rotation":0,"texture":"#0","tintindex":0},"west":{"uv":[10.75,7.0,11.875,7.25],"rotation":0,"texture":"#0","tintindex":0}}},{"name":"cube","from":[11.263301,8.422285,4.4599996],"to":[12.463302,9.502285,7.1000004],"rotation":{"angle":-22.5,"axis":"y","origin":[9.7033,11.242286,1.4000003]},"faces":{"down":{"uv":[9.75,11.75,9.5,12.25],"rotation":0,"texture":"#0","tintindex":0},"east":{"uv":[11.75,3.5,12.25,3.75],"rotation":0,"texture":"#0","tintindex":0},"north":{"uv":[12.0,4.0,12.25,4.25],"rotation":0,"texture":"#0","tintindex":0},"south":{"uv":[4.25,12.0,4.5,12.25],"rotation":0,"texture":"#0","tintindex":0},"up":{"uv":[9.5,12.25,9.25,11.75],"rotation":0,"texture":"#0","tintindex":0},"west":{"uv":[11.75,7.75,12.25,8.0],"rotation":0,"texture":"#0","tintindex":0}}},{"name":"cube","from":[11.563301,8.422285,3.2599995],"to":[12.163301,9.502285,4.7000003],"rotation":{"angle":-22.5,"axis":"y","origin":[9.7033,11.242286,1.4000003]},"faces":{"down":{"uv":[12.25,10.125,12.125,10.375],"rotation":0,"texture":"#0","tintindex":0},"east":{"uv":[12.0,4.25,12.25,4.5],"rotation":0,"texture":"#0","tintindex":0},"north":{"uv":[8.375,12.125,8.5,12.375],"rotation":0,"texture":"#0","tintindex":0},"south":{"uv":[12.125,9.625,12.25,9.875],"rotation":0,"texture":"#0","tintindex":0},"up":{"uv":[12.25,10.125,12.125,9.875],"rotation":0,"texture":"#0","tintindex":0},"west":{"uv":[12.0,4.5,12.25,4.75],"rotation":0,"texture":"#0","tintindex":0}}},{"name":"cube","from":[13.963302,21.927086,0.35000038],"to":[14.851301,22.726284,4.5236],"rotation":{"angle":45.0,"axis":"x","origin":[14.8957,21.793884,3.1028]},"faces":{"down":{"uv":[10.25,11.75,10.125,12.625],"rotation":0,"texture":"#0","tintindex":0},"east":{"uv":[11.75,8.875,12.625,9.0],"rotation":0,"texture":"#0","tintindex":0},"north":{"uv":[12.125,12.125,12.25,12.25],"rotation":0,"texture":"#0","tintindex":0},"south":{"uv":[12.25,0.25,12.375,0.375],"rotation":0,"texture":"#0","tintindex":0},"up":{"uv":[10.125,12.625,10.0,11.75],"rotation":0,"texture":"#0","tintindex":0},"west":{"uv":[11.75,9.0,12.625,9.125],"rotation":0,"texture":"#0","tintindex":0}}},{"name":"cube","from":[13.963302,21.394283,4.346],"to":[14.851301,22.193485,8.5196],"rotation":{"angle":22.5,"axis":"x","origin":[14.8957,21.793884,3.1028]},"faces":{"down":{"uv":[10.5,11.75,10.375,12.625],"rotation":0,"texture":"#0","tintindex":0},"east":{"uv":[11.875,0.0,12.75,0.125],"rotation":0,"texture":"#0","tintindex":0},"north":{"uv":[12.25,0.375,12.375,0.5],"rotation":0,"texture":"#0","tintindex":0},"south":{"uv":[12.25,0.5,12.375,0.625],"rotation":0,"texture":"#0","tintindex":0},"up":{"uv":[10.375,12.625,10.25,11.75],"rotation":0,"texture":"#0","tintindex":0},"west":{"uv":[11.875,0.125,12.75,0.25],"rotation":0,"texture":"#0","tintindex":0}}},{"name":"cube","from":[7.4233007,10.762283,-2.3200006],"to":[8.623301,11.842285,3.3199997],"rotation":{"angle":45.0,"axis":"x","origin":[8.683301,10.582284,1.4000003]},"faces":{"down":{"uv":[11.125,2.25,10.875,3.375],"rotation":0,"texture":"#0","tintindex":0},"east":{"uv":[10.75,7.25,11.875,7.5],"rotation":0,"texture":"#0","tintindex":0},"north":{"uv":[4.75,12.0,5.0,12.25],"rotation":0,"texture":"#0","tintindex":0},"south":{"uv":[12.0,4.75,12.25,5.0],"rotation":0,"texture":"#0","tintindex":0},"up":{"uv":[11.0,11.0,10.75,9.875],"rotation":0,"texture":"#0","tintindex":0},"west":{"uv":[10.75,9.625,11.875,9.875],"rotation":0,"texture":"#0","tintindex":0}}},{"name":"cube","from":[13.603301,12.802284,7.28],"to":[20.2033,13.882284,8.719999],"rotation":{"angle":22.5,"axis":"z","origin":[16.603302,10.042286,8.0]},"faces":{"down":{"uv":[11.625,5.25,10.25,5.5],"rotation":0,"texture":"#0","tintindex":0},"east":{"uv":[5.0,12.0,5.25,12.25],"rotation":0,"texture":"#0","tintindex":0},"north":{"uv":[10.25,0.0,11.625,0.25],"rotation":0,"texture":"#0","tintindex":0},"south":{"uv":[10.25,0.25,11.625,0.5],"rotation":0,"texture":"#0","tintindex":0},"up":{"uv":[11.625,0.75,10.25,0.5],"rotation":0,"texture":"#0","tintindex":0},"west":{"uv":[12.0,5.0,12.25,5.25],"rotation":0,"texture":"#0","tintindex":0}}},{"name":"cube","from":[11.203301,7.6422853,7.28],"to":[15.403301,8.722284,8.719999],"rotation":{"angle":-22.5,"axis":"z","origin":[16.603302,10.042286,8.0]},"faces":{"down":{"uv":[12.0,4.0,11.125,4.25],"rotation":0,"texture":"#0","tintindex":0},"east":{"uv":[12.0,5.25,12.25,5.5],"rotation":0,"texture":"#0","tintindex":0},"north":{"uv":[11.125,3.0,12.0,3.25],"rotation":0,"texture":"#0","tintindex":0},"south":{"uv":[11.125,3.25,12.0,3.5],"rotation":0,"texture":"#0","tintindex":0},"up":{"uv":[12.0,4.0,11.125,3.75],"rotation":0,"texture":"#0","tintindex":0},"west":{"uv":[12.0,5.5,12.25,5.75],"rotation":0,"texture":"#0","tintindex":0}}},{"name":"cube","from":[14.503301,8.242285,7.28],"to":[18.7033,9.322285,8.719999],"rotation":{"angle":0.0,"axis":"x","origin":[16.603302,10.042286,8.0]},"faces":{"down":{"uv":[12.125,6.625,11.25,6.875],"rotation":0,"texture":"#0","tintindex":0},"east":{"uv":[6.0,12.0,6.25,12.25],"rotation":0,"texture":"#0","tintindex":0},"north":{"uv":[11.25,5.875,12.125,6.125],"rotation":0,"texture":"#0","tintindex":0},"south":{"uv":[11.25,6.125,12.125,6.375],"rotation":0,"texture":"#0","tintindex":0},"up":{"uv":[12.125,6.625,11.25,6.375],"rotation":0,"texture":"#0","tintindex":0},"west":{"uv":[12.0,7.375,12.25,7.625],"rotation":0,"texture":"#0","tintindex":0}}},{"name":"cube","from":[20.803303,11.302284,7.28],"to":[25.003304,12.382284,8.719999],"rotation":{"angle":45.0,"axis":"z","origin":[16.603302,10.042286,8.0]},"faces":{"down":{"uv":[12.25,10.875,11.375,11.125],"rotation":0,"texture":"#0","tintindex":0},"east":{"uv":[12.0,8.375,12.25,8.625],"rotation":0,"texture":"#0","tintindex":0},"north":{"uv":[11.25,8.125,12.125,8.375],"rotation":0,"texture":"#0","tintindex":0},"south":{"uv":[11.25,9.25,12.125,9.5],"rotation":0,"texture":"#0","tintindex":0},"up":{"uv":[11.375,11.5,10.5,11.25],"rotation":0,"texture":"#0","tintindex":0},"west":{"uv":[12.0,8.625,12.25,8.875],"rotation":0,"texture":"#0","tintindex":0}}},{"name":"cube","from":[12.186602,11.480002,7.28],"to":[13.386601,17.36,8.719999],"rotation":{"angle":-22.5,"axis":"z","origin":[13.206602,12.8,8.0]},"faces":{"down":{"uv":[12.375,5.875,12.125,6.125],"rotation":0,"texture":"#0","tintindex":0},"east":{"uv":[4.0,10.75,4.25,12.0],"rotation":0,"texture":"#0","tintindex":0},"north":{"uv":[3.75,10.75,4.0,12.0],"rotation":0,"texture":"#0","tintindex":0},"south":{"uv":[4.25,10.75,4.5,12.0],"rotation":0,"texture":"#0","tintindex":0},"up":{"uv":[2.5,12.375,2.25,12.125],"rotation":0,"texture":"#0","tintindex":0},"west":{"uv":[6.0,10.75,6.25,12.0],"rotation":0,"texture":"#0","tintindex":0}}},{"name":"cube","from":[13.926602,17.0,7.28],"to":[15.126602,25.880001,8.719999],"rotation":{"angle":0.0,