{"textures":{"0":"modelengine:entity/ghoul2"},"elements":[{"name":"cube","from":[6.652277,4.202798,7.03353],"to":[8.962277,8.402799,9.133531],"rotation":{"angle":0.0,"axis":"x","origin":[12.322277,12.350799,6.40353]},"faces":{"down":{"uv":[9.4375,1.625,8.75,2.25],"rotation":0,"texture":"#0","tintindex":0},"east":{"uv":[5.125,5.375,5.75,6.625],"rotation":0,"texture":"#0","tintindex":0},"north":{"uv":[2.875,5.0,3.5625,6.25],"rotation":0,"texture":"#0","tintindex":0},"south":{"uv":[3.625,5.0,4.3125,6.25],"rotation":0,"texture":"#0","tintindex":0},"up":{"uv":[6.9375,2.375,6.25,1.75],"rotation":0,"texture":"#0","tintindex":0},"west":{"uv":[0.0,5.5,0.625,6.75],"rotation":0,"texture":"#0","tintindex":0}}},{"name":"cube","from":[5.392277,4.622798,7.45353],"to":[6.442277,7.1427984,8.71353],"rotation":{"angle":22.5,"axis":"z","origin":[12.322277,12.350799,6.40353]},"faces":{"down":{"uv":[10.5625,10.25,10.25,10.625],"rotation":0,"texture":"#0","tintindex":0},"east":{"uv":[4.0,9.75,4.375,10.5],"rotation":0,"texture":"#0","tintindex":0},"north":{"uv":[1.125,9.875,1.4375,10.625],"rotation":0,"texture":"#0","tintindex":0},"south":{"uv":[1.5,9.875,1.8125,10.625],"rotation":0,"texture":"#0","tintindex":0},"up":{"uv":[10.5625,10.25,10.25,9.875],"rotation":0,"texture":"#0","tintindex":0},"west":{"uv":[9.75,4.25,10.125,5.0],"rotation":0,"texture":"#0","tintindex":0}}},{"name":"cube","from":[6.232277,1.6827981,6.61353],"to":[7.282277,4.202798,7.8735304],"rotation":{"angle":0.0,"axis":"x","origin":[12.322277,12.350799,6.40353]},"faces":{"down":{"uv":[10.1875,10.25,9.875,10.625],"rotation":0,"texture":"#0","tintindex":0},"east":{"uv":[8.75,9.625,9.125,10.375],"rotation":0,"texture":"#0","tintindex":0},"north":{"uv":[0.375,9.875,0.6875,10.625],"rotation":0,"texture":"#0","tintindex":0},"south":{"uv":[0.75,9.875,1.0625,10.625],"rotation":0,"texture":"#0","tintindex":0},"up":{"uv":[10.5625,9.875,10.25,9.5],"rotation":0,"texture":"#0","tintindex":0},"west":{"uv":[9.125,9.625,9.5,10.375],"rotation":0,"texture":"#0","tintindex":0}}},{"name":"cube","from":[6.232277,1.6827981,8.2935295],"to":[7.492277,4.202798,9.55353],"rotation":{"angle":0.0,"axis":"x","origin":[12.322277,12.350799,6.40353]},"faces":{"down":{"uv":[5.125,8.125,4.75,8.5],"rotation":0,"texture":"#0","tintindex":0},"east":{"uv":[9.75,0.625,10.125,1.375],"rotation":0,"texture":"#0","tintindex":0},"north":{"uv":[9.5,9.625,9.875,10.375],"rotation":0,"texture":"#0","tintindex":0},"south":{"uv":[3.0,9.75,3.375,10.5],"rotation":0,"texture":"#0","tintindex":0},"up":{"uv":[8.25,3.25,7.875,2.875],"rotation":0,"texture":"#0","tintindex":0},"west":{"uv":[9.75,3.5,10.125,4.25],"rotation":0,"texture":"#0","tintindex":0}}}],"display":{"head":{"translation":[0.0,-6.4,0.0],"rotation":[0.0,0.0,0.0],"scale":[3.8095,3.8095,3.8095]}}}