{"textures":{"0":"modelengine:entity/ghoul2"},"elements":[{"name":"cube","from":[6.0701,7.2413116,7.3649597],"to":[9.8501,9.173311,9.3398],"rotation":{"angle":0.0,"axis":"x","origin":[7.5821,16.313313,8.0374565]},"faces":{"down":{"uv":[7.125,7.375,6.0,7.9375],"rotation":0,"texture":"#0","tintindex":0},"east":{"uv":[3.375,9.375,3.9375,9.9375],"rotation":0,"texture":"#0","tintindex":0},"north":{"uv":[7.125,3.25,8.25,3.8125],"rotation":0,"texture":"#0","tintindex":0},"south":{"uv":[7.25,0.0,8.375,0.5625],"rotation":0,"texture":"#0","tintindex":0},"up":{"uv":[2.0,7.9375,0.875,7.375],"rotation":0,"texture":"#0","tintindex":0},"west":{"uv":[9.375,9.0,9.9375,9.5625],"rotation":0,"texture":"#0","tintindex":0}}},{"name":"cube","from":[10.0359,7.354731,7.3658],"to":[12.0834,9.286732,9.338961],"rotation":{"angle":-22.5,"axis":"z","origin":[7.7678995,17.266731,8.0374565]},"faces":{"down":{"uv":[9.75,3.5,9.125,4.0625],"rotation":0,"texture":"#0","tintindex":0},"east":{"uv":[9.5,1.625,10.0625,2.1875],"rotation":0,"texture":"#0","tintindex":0},"north":{"uv":[8.875,2.875,9.5,3.4375],"rotation":0,"texture":"#0","tintindex":0},"south":{"uv":[5.5,9.0,6.125,9.5625],"rotation":0,"texture":"#0","tintindex":0},"up":{"uv":[9.375,9.5625,8.75,9.0],"rotation":0,"texture":"#0","tintindex":0},"west":{"uv":[9.5,2.25,10.0625,2.8125],"rotation":0,"texture":"#0","tintindex":0}}},{"name":"cube","from":[3.932712,6.87255,7.365457],"to":[5.980212,8.80455,9.339457],"rotation":{"angle":22.5,"axis":"z","origin":[6.9882126,16.784552,8.0374565]},"faces":{"down":{"uv":[9.75,7.75,9.125,8.3125],"rotation":0,"texture":"#0","tintindex":0},"east":{"uv":[9.5,2.875,10.0625,3.4375],"rotation":0,"texture":"#0","tintindex":0},"north":{"uv":[4.125,9.125,4.75,9.6875],"rotation":0,"texture":"#0","tintindex":0},"south":{"uv":[9.125,4.125,9.75,4.6875],"rotation":0,"texture":"#0","tintindex":0},"up":{"uv":[9.75,5.3125,9.125,4.75],"rotation":0,"texture":"#0","tintindex":0},"west":{"uv":[9.625,5.375,10.1875,5.9375],"rotation":0,"texture":"#0","tintindex":0}}}],"display":{"head":{"translation":[0.0,-6.4,0.0],"rotation":[0.0,0.0,0.0],"scale":[3.8095,3.8095,3.8095]}}}