{"file_name":"left_bandage2","texture_size":[128,128],"textures":{"8a9809cf-24b4-763d-6715-ca3b2f6b9044":"modelengine:entity/ghoul2"},"elements":[{"name":"cube","from":[7.970014,6.811986,7.97],"to":[7.970014,8.911985,10.91],"rotation":{"angle":0.0,"axis":"x","origin":[13.640015,14.959987,1.0399995]},"faces":{"down":{"uv":[0.0,0.0,0.0,0.875],"rotation":0,"texture":"#8a9809cf-24b4-763d-6715-ca3b2f6b9044","tintindex":0},"east":{"uv":[8.375,0.0,9.25,0.625],"rotation":0,"texture":"#8a9809cf-24b4-763d-6715-ca3b2f6b9044","tintindex":0},"north":{"uv":[0.0,0.0,0.0,0.625],"rotation":0,"texture":"#8a9809cf-24b4-763d-6715-ca3b2f6b9044","tintindex":0},"south":{"uv":[0.0,0.0,0.0,0.625],"rotation":0,"texture":"#8a9809cf-24b4-763d-6715-ca3b2f6b9044","tintindex":0},"up":{"uv":[0.0,0.875,0.0,0.0],"rotation":0,"texture":"#8a9809cf-24b4-763d-6715-ca3b2f6b9044","tintindex":0},"west":{"uv":[8.375,7.125,9.25,7.75],"rotation":0,"texture":"#8a9809cf-24b4-763d-6715-ca3b2f6b9044","tintindex":0}}}],"display":{"head":{"translation":[0.0,-6.4,0.0],"rotation":[0.0,0.0,0.0],"scale":[3.8095,3.8095,3.8095]},"gui":{"translation":[0.0,0.0,0.0],"rotation":[35.0,225.0,0.0],"scale":[0.625,0.625,0.625]}}}