{"textures":{"0":"modelengine:entity/dragonfly"},"elements":[{"name":"cube","from":[6.2074995,6.5188456,6.3157263],"to":[9.8075,8.918846,8.115726],"rotation":{"angle":0.0,"axis":"x","origin":[7.5275,6.5188456,3.915726]},"faces":{"down":{"uv":[7.9995,5.0005,6.5005,5.7495],"rotation":0,"texture":"#0","tintindex":0},"east":{"uv":[4.2505,5.7505,4.9995,6.7495],"rotation":0,"texture":"#0","tintindex":0},"north":{"uv":[5.0005,5.7505,6.4995,6.7495],"rotation":0,"texture":"#0","tintindex":0},"south":{"uv":[7.2505,5.7505,8.7495,6.7495],"rotation":0,"texture":"#0","tintindex":0},"up":{"uv":[6.4995,5.7495,5.0005,5.0005],"rotation":0,"texture":"#0","tintindex":0},"west":{"uv":[6.5005,5.7505,7.2495,6.7495],"rotation":0,"texture":"#0","tintindex":0}}},{"name":"cube","from":[6.8075,6.5188456,8.115726],"to":[9.2075,8.918846,9.915726],"rotation":{"angle":0.0,"axis":"x","origin":[7.5275,6.5188456,6.3157263]},"faces":{"down":{"uv":[6.7495,6.7505,5.7505,7.4995],"rotation":0,"texture":"#0","tintindex":0},"east":{"uv":[4.0005,7.5005,4.7495,8.4995],"rotation":0,"texture":"#0","tintindex":0},"north":{"uv":[4.7505,7.5005,5.7495,8.4995],"rotation":0,"texture":"#0","tintindex":0},"south":{"uv":[6.5005,7.5005,7.4995,8.4995],"rotation":0,"texture":"#0","tintindex":0},"up":{"uv":[5.7495,7.4995,4.7505,6.7505],"rotation":0,"texture":"#0","tintindex":0},"west":{"uv":[5.7505,7.5005,6.4995,8.4995],"rotation":0,"texture":"#0","tintindex":0}}},{"name":"cube","from":[7.4075,7.1188455,5.115726],"to":[8.6075,8.318846,6.3157263],"rotation":{"angle":0.0,"axis":"x","origin":[7.5275,6.5188456,2.715726]},"faces":{"down":{"uv":[1.4995,5.0E-4,1.0005,0.4995],"rotation":0,"texture":"#0","tintindex":0},"east":{"uv":[5.0E-4,0.5005,0.4995,0.9995],"rotation":0,"texture":"#0","tintindex":0},"north":{"uv":[0.5005,0.5005,0.9995,0.9995],"rotation":0,"texture":"#0","tintindex":0},"south":{"uv":[1.5005,0.5005,1.9995,0.9995],"rotation":0,"texture":"#0","tintindex":0},"up":{"uv":[0.9995,0.4995,0.5005,5.0E-4],"rotation":0,"texture":"#0","tintindex":0},"west":{"uv":[1.0005,0.5005,1.4995,0.9995],"rotation":0,"texture":"#0","tintindex":0}}},{"name":"cube","from":[7.1675,6.93433,9.918743],"to":[8.967501,8.73433,17.118744],"rotation":{"angle":0.0,"axis":"x","origin":[7.1675,6.2143297,8.478744]},"faces":{"down":{"uv":[4.4995,5.0E-4,3.7505,2.9995],"rotation":0,"texture":"#0","tintindex":0},"east":{"uv":[5.0E-4,3.0005,2.9995,3.7495],"rotation":0,"texture":"#0","tintindex":0},"north":{"uv":[3.0005,3.0005,3.7495,3.7495],"rotation":0,"texture":"#0","tintindex":0},"south":{"uv":[6.7505,3.0005,7.4995,3.7495],"rotation":0,"texture":"#0","tintindex":0},"up":{"uv":[3.7495,2.9995,3.0005,5.0E-4],"rotation":0,"texture":"#0","tintindex":0},"west":{"uv":[3.7505,3.0005,6.7495,3.7495],"rotation":0,"texture":"#0","tintindex":0}}},{"name":"cube","from":[7.1675,7.6772175,16.263994],"to":[8.967501,9.477218,19.263996],"rotation":{"angle":22.5,"axis":"x","origin":[7.1675,6.957217,14.823996]},"faces":{"down":{"uv":[2.7495,5.7505,2.0005,6.9995],"rotation":0,"texture":"#0","tintindex":0},"east":{"uv":[5.0E-4,7.0005,1.2495,7.7495],"rotation":0,"texture":"#0","tintindex":0},"north":{"uv":[1.2505,7.0005,1.9995,7.7495],"rotation":0,"texture":"#0","tintindex":0},"south":{"uv":[3.2505,7.0005,3.9995,7.7495],"rotation":0,"texture":"#0","tintindex":0},"up":{"uv":[1.9995,6.9995,1.2505,5.7505],"rotation":0,"texture":"#0","tintindex":0},"west":{"uv":[2.0005,7.0005,3.2495,7.7495],"rotation":0,"texture":"#0","tintindex":0}}}],"display":{"head":{"translation":[0.0,-6.4,0.0],"rotation":[0.0,0.0,0.0],"scale":[3.8095,3.8095,3.8095]}}}