{"textures":{"0":"modelengine:entity/dragonfly"},"elements":[{"name":"cube","from":[13.848058,3.574303,7.5845957],"to":[14.508059,6.8743033,8.244596],"rotation":{"angle":45.0,"axis":"z","origin":[9.935125,-0.073666334,5.9836793]},"faces":{"down":{"uv":[1.5005,1.0005,1.7495,1.2495],"rotation":0,"texture":"#0","tintindex":0},"east":{"uv":[1.7495,1.2505,1.5005,2.4995],"rotation":0,"texture":"#0","tintindex":0},"north":{"uv":[1.4995,1.2505,1.2505,2.4995],"rotation":0,"texture":"#0","tintindex":0},"south":{"uv":[1.9995,1.2505,1.7505,2.4995],"rotation":0,"texture":"#0","tintindex":0},"up":{"uv":[1.2505,1.2495,1.4995,1.0005],"rotation":0,"texture":"#0","tintindex":0},"west":{"uv":[1.2495,1.2505,1.0005,2.4995],"rotation":0,"texture":"#0","tintindex":0}}},{"name":"cube","from":[6.2391357,2.3955636,7.5845957],"to":[6.8991356,6.355564,8.244596],"rotation":{"angle":-22.5,"axis":"z","origin":[7.1952953,-3.2280588,5.9836793]},"faces":{"down":{"uv":[0.5005,1.0005,0.7495,1.2495],"rotation":0,"texture":"#0","tintindex":0},"east":{"uv":[0.7495,1.2505,0.5005,2.7495],"rotation":0,"texture":"#0","tintindex":0},"north":{"uv":[0.4995,1.2505,0.2505,2.7495],"rotation":0,"texture":"#0","tintindex":0},"south":{"uv":[0.9995,1.2505,0.7505,2.7495],"rotation":0,"texture":"#0","tintindex":0},"up":{"uv":[0.2505,1.2495,0.4995,1.0005],"rotation":0,"texture":"#0","tintindex":0},"west":{"uv":[0.2495,1.2505,5.0E-4,2.7495],"rotation":0,"texture":"#0","tintindex":0}}},{"name":"cube","from":[7.8006625,0.36393166,7.5839357],"to":[9.120663,3.0039315,7.5839357],"rotation":{"angle":-22.5,"axis":"z","origin":[6.7768216,2.6603096,7.9630194]},"faces":{"down":{"uv":[2.5005,2.0005,2.9995,2.0005],"rotation":0,"texture":"#0","tintindex":0},"east":{"uv":[2.5005,2.0005,2.5005,2.9995],"rotation":0,"texture":"#0","tintindex":0},"north":{"uv":[2.4995,2.0005,2.0005,2.9995],"rotation":0,"texture":"#0","tintindex":0},"south":{"uv":[2.9995,2.0005,2.5005,2.9995],"rotation":0,"texture":"#0","tintindex":0},"up":{"uv":[2.0005,2.0005,2.4995,2.0005],"rotation":0,"texture":"#0","tintindex":0},"west":{"uv":[2.0005,2.0005,2.0005,2.9995],"rotation":0,"texture":"#0","tintindex":0}}}],"display":{"head":{"translation":[0.0,-6.4,0.0],"rotation":[0.0,0.0,0.0],"scale":[3.8095,3.8095,3.8095]}}}