{"textures":{"0":"modelengine:entity/dragonfly"},"elements":[{"name":"cube","from":[8.706999,8.084521,5.9839997],"to":[18.786999,8.084521,9.584],"rotation":{"angle":0.0,"axis":"x","origin":[8.124472,4.2215495,5.9839997]},"faces":{"down":{"uv":[8.0005,1.2505,11.4995,2.4995],"rotation":0,"texture":"#0","tintindex":0},"east":{"uv":[9.2495,2.5005,8.0005,2.5005],"rotation":0,"texture":"#0","tintindex":0},"north":{"uv":[7.9995,2.5005,4.5005,2.5005],"rotation":0,"texture":"#0","tintindex":0},"south":{"uv":[12.7495,2.5005,9.2505,2.5005],"rotation":0,"texture":"#0","tintindex":0},"up":{"uv":[4.5005,2.4995,7.9995,1.2505],"rotation":0,"texture":"#0","tintindex":0},"west":{"uv":[4.4995,2.5005,3.2505,2.5005],"rotation":0,"texture":"#0","tintindex":0}}},{"name":"cube","from":[7.3808284,8.44703,6.821598],"to":[17.460829,8.44703,10.421598],"rotation":{"angle":-45.0,"axis":"y","origin":[8.124472,4.0055494,9.440001]},"faces":{"down":{"uv":[8.0005,5.0E-4,11.4995,1.2495],"rotation":0,"texture":"#0","tintindex":0},"east":{"uv":[9.2495,1.2505,8.0005,1.2505],"rotation":0,"texture":"#0","tintindex":0},"north":{"uv":[7.9995,1.2505,4.5005,1.2505],"rotation":0,"texture":"#0","tintindex":0},"south":{"uv":[12.7495,1.2505,9.2505,1.2505],"rotation":0,"texture":"#0","tintindex":0},"up":{"uv":[4.5005,1.2495,7.9995,5.0E-4],"rotation":0,"texture":"#0","tintindex":0},"west":{"uv":[4.4995,1.2505,3.2505,1.2505],"rotation":0,"texture":"#0","tintindex":0}}}],"display":{"head":{"translation":[0.0,-6.4,0.0],"rotation":[0.0,0.0,0.0],"scale":[3.8095,3.8095,3.8095]}}}