{"file_name":"slashfx","texture_size":[128,128],"textures":{"5e3e1294-6be2-b6f8-6a57-e44c0b8e88cd":"modelengine:entity/slashfx"},"elements":[{"name":"cube","from":[-16.0,8.0,-16.0],"to":[32.0,8.0,32.0],"rotation":{"angle":0.0,"axis":"x","origin":[8.430936,8.0,12.203611]},"faces":{"down":{"uv":[16.0,0.0,0.0,16.0],"rotation":0,"texture":"#5e3e1294-6be2-b6f8-6a57-e44c0b8e88cd","tintindex":0},"east":{"uv":[0.0,0.0,16.0,0.0],"rotation":0,"texture":"#5e3e1294-6be2-b6f8-6a57-e44c0b8e88cd","tintindex":0},"north":{"uv":[0.0,0.0,16.0,0.0],"rotation":0,"texture":"#5e3e1294-6be2-b6f8-6a57-e44c0b8e88cd","tintindex":0},"south":{"uv":[0.0,0.0,16.0,0.0],"rotation":0,"texture":"#5e3e1294-6be2-b6f8-6a57-e44c0b8e88cd","tintindex":0},"up":{"uv":[16.0,16.0,0.0,0.0],"rotation":0,"texture":"#5e3e1294-6be2-b6f8-6a57-e44c0b8e88cd","tintindex":0},"west":{"uv":[0.0,0.0,16.0,0.0],"rotation":0,"texture":"#5e3e1294-6be2-b6f8-6a57-e44c0b8e88cd","tintindex":0}}}],"display":{"head":{"translation":[-10.38893,-6.4,-19.330322],"rotation":[0.0,0.0,0.0],"scale":[3.8095,3.8095,3.8095]},"gui":{"translation":[0.0,0.0,0.0],"rotation":[35.0,225.0,0.0],"scale":[0.625,0.625,0.625]}}}