{"file_name":"blacksmith","texture_size":[64,64],"textures":{"d1ce3803-9cfc-1aba-cecd-097537b8f678":"modelengine:entity/blacksmith"},"elements":[{"name":"cube","from":[5.0,10.799582,6.0956345],"to":[11.0,13.799581,9.695635],"rotation":{"angle":-22.5,"axis":"x","origin":[8.0,9.982825,6.956605]},"faces":{"down":{"uv":[9.5,6.0,7.0,7.5],"rotation":0,"texture":"#d1ce3803-9cfc-1aba-cecd-097537b8f678","tintindex":0},"east":{"uv":[9.5,4.5,11.0,5.75],"rotation":0,"texture":"#d1ce3803-9cfc-1aba-cecd-097537b8f678","tintindex":0},"north":{"uv":[0.0,8.25,2.5,9.5],"rotation":0,"texture":"#d1ce3803-9cfc-1aba-cecd-097537b8f678","tintindex":0},"south":{"uv":[8.75,0.0,11.25,1.25],"rotation":0,"texture":"#d1ce3803-9cfc-1aba-cecd-097537b8f678","tintindex":0},"up":{"uv":[9.5,6.0,7.0,4.5],"rotation":0,"texture":"#d1ce3803-9cfc-1aba-cecd-097537b8f678","tintindex":0},"west":{"uv":[9.5,5.75,11.0,7.0],"rotation":0,"texture":"#d1ce3803-9cfc-1aba-cecd-097537b8f678","tintindex":0}}},{"name":"cube","from":[5.0,6.3855896,4.9745793],"to":[11.0,11.78559,9.17458],"rotation":{"angle":0.0,"axis":"x","origin":[8.0,9.982825,6.956605]},"faces":{"down":{"uv":[5.0,4.5,2.5,6.25],"rotation":0,"texture":"#d1ce3803-9cfc-1aba-cecd-097537b8f678","tintindex":0},"east":{"uv":[7.0,0.0,8.75,2.25],"rotation":0,"texture":"#d1ce3803-9cfc-1aba-cecd-097537b8f678","tintindex":0},"north":{"uv":[0.0,0.0,2.5,2.25],"rotation":0,"texture":"#d1ce3803-9cfc-1aba-cecd-097537b8f678","tintindex":0},"south":{"uv":[0.0,2.25,2.5,4.5],"rotation":0,"texture":"#d1ce3803-9cfc-1aba-cecd-097537b8f678","tintindex":0},"up":{"uv":[2.5,6.25,0.0,4.5],"rotation":0,"texture":"#d1ce3803-9cfc-1aba-cecd-097537b8f678","tintindex":0},"west":{"uv":[7.0,2.25,8.75,4.5],"rotation":0,"texture":"#d1ce3803-9cfc-1aba-cecd-097537b8f678","tintindex":0}}},{"name":"cube","from":[6.8,13.799581,6.6956344],"to":[9.2,14.999581,9.695635],"rotation":{"angle":-22.5,"axis":"x","origin":[8.0,9.982825,6.956605]},"faces":{"down":{"uv":[12.25,0.0,11.25,1.25],"rotation":0,"texture":"#d1ce3803-9cfc-1aba-cecd-097537b8f678","tintindex":0},"east":{"uv":[13.25,2.5,14.5,3.0],"rotation":0,"texture":"#d1ce3803-9cfc-1aba-cecd-097537b8f678","tintindex":0},"north":{"uv":[9.5,8.5,10.5,9.0],"rotation":0,"texture":"#d1ce3803-9cfc-1aba-cecd-097537b8f678","tintindex":0},"south":{"uv":[13.5,1.5,14.5,2.0],"rotation":0,"texture":"#d1ce3803-9cfc-1aba-cecd-097537b8f678","tintindex":0},"up":{"uv":[12.0,6.75,11.0,5.5],"rotation":0,"texture":"#d1ce3803-9cfc-1aba-cecd-097537b8f678","tintindex":0},"west":{"uv":[13.25,7.0,14.5,7.5],"rotation":0,"texture":"#d1ce3803-9cfc-1aba-cecd-097537b8f678","tintindex":0}}},{"name":"cube","from":[5.0,5.18559,9.17458],"to":[11.0,10.58559,10.974579],"rotation":{"angle":0.0,"axis":"x","origin":[8.0,9.982825,6.956605]},"faces":{"down":{"uv":[13.0,8.5,10.5,9.25],"rotation":0,"texture":"#d1ce3803-9cfc-1aba-cecd-097537b8f678","tintindex":0},"east":{"uv":[4.75,10.75,5.5,13.0],"rotation":0,"texture":"#d1ce3803-9cfc-1aba-cecd-097537b8f678","tintindex":0},"north":{"uv":[2.5,0.0,5.0,2.25],"rotation":0,"texture":"#d1ce3803-9cfc-1aba-cecd-097537b8f678","tintindex":0},"south":{"uv":[2.5,2.25,5.0,4.5],"rotation":0,"texture":"#d1ce3803-9cfc-1aba-cecd-097537b8f678","tintindex":0},"up":{"uv":[12.75,4.0,10.25,3.25],"rotation":0,"texture":"#d1ce3803-9cfc-1aba-cecd-097537b8f678","tintindex":0},"west":{"uv":[7.5,10.75,8.25,13.0],"rotation":0,"texture":"#d1ce3803-9cfc-1aba-cecd-097537b8f678","tintindex":0}}},{"name":"cube","from":[5.0,3.40958,6.0422344],"to":[11.0,7.00958,6.0422344],"rotation":{"angle":22.5,"axis":"x","origin":[8.0,9.982825,6.956605]},"faces":{"down":{"uv":[2.5,0.0,0.0,0.0],"rotation":0,"texture":"#d1ce3803-9cfc-1aba-cecd-097537b8f678","tintindex":0},"east":{"uv":[0.0,0.0,0.0,1.5],"rotation":0,"texture":"#d1ce3803-9cfc-1aba-cecd-097537b8f678","tintindex":0},"north":{"uv":[7.0,7.5,9.5,9.0],"rotation":0,"texture":"#d1ce3803-9cfc-1aba-cecd-097537b8f678","tintindex":0},"south":{"uv":[4.0,8.0,6.5,9.5],"rotation":0,"texture":"#d1ce3803-9cfc-1aba-cecd-097537b8f678","tintindex":0},"up":{"uv":[2.5,0.0,0.0,0.0],"rotation":0,"texture":"#d1ce3803-9cfc-1aba-cecd-097537b8f678","tintindex":0},"west":{"uv":[0.0,0.0,0.0,1.5],"rotation":0,"texture":"#d1ce3803-9cfc-1aba-cecd-097537b8f678","tintindex":0}}}],"display":{"head":{"translation":[0.0,-6.4,0.0],"rotation":[0.0,0.0,0.0],"scale":[3.8095,3.8095,3.8095]},"gui":{"translation":[0.0,0.0,0.0],"rotation":[35.0,225.0,0.0],"scale":[0.625,0.625,0.625]}}}