{"file_name":"lefthand","texture_size":[64,64],"textures":{"d1ce3803-9cfc-1aba-cecd-097537b8f678":"modelengine:entity/blacksmith"},"elements":[{"name":"cube","from":[7.7,1.6999998,3.7999997],"to":[8.9,3.4999998,9.8],"rotation":{"angle":0.0,"axis":"x","origin":[8.1875,3.2749999,3.7624998]},"faces":{"down":{"uv":[9.25,11.75,8.75,14.25],"rotation":0,"texture":"#d1ce3803-9cfc-1aba-cecd-097537b8f678","tintindex":0},"east":{"uv":[10.5,9.25,13.0,10.0],"rotation":0,"texture":"#d1ce3803-9cfc-1aba-cecd-097537b8f678","tintindex":0},"north":{"uv":[14.0,8.25,14.5,9.0],"rotation":0,"texture":"#d1ce3803-9cfc-1aba-cecd-097537b8f678","tintindex":0},"south":{"uv":[14.0,9.0,14.5,9.75],"rotation":0,"texture":"#d1ce3803-9cfc-1aba-cecd-097537b8f678","tintindex":0},"up":{"uv":[8.75,14.25,8.25,11.75],"rotation":0,"texture":"#d1ce3803-9cfc-1aba-cecd-097537b8f678","tintindex":0},"west":{"uv":[10.5,10.0,13.0,10.75],"rotation":0,"texture":"#d1ce3803-9cfc-1aba-cecd-097537b8f678","tintindex":0}}},{"name":"cube","from":[7.7,0.49999976,2.6],"to":[8.9,4.7,3.7999997],"rotation":{"angle":0.0,"axis":"x","origin":[8.1875,3.2749999,3.7624998]},"faces":{"down":{"uv":[14.75,6.0,14.25,6.5],"rotation":0,"texture":"#d1ce3803-9cfc-1aba-cecd-097537b8f678","tintindex":0},"east":{"uv":[7.0,12.5,7.5,14.25],"rotation":0,"texture":"#d1ce3803-9cfc-1aba-cecd-097537b8f678","tintindex":0},"north":{"uv":[4.25,12.5,4.75,14.25],"rotation":0,"texture":"#d1ce3803-9cfc-1aba-cecd-097537b8f678","tintindex":0},"south":{"uv":[2.5,12.75,3.0,14.5],"rotation":0,"texture":"#d1ce3803-9cfc-1aba-cecd-097537b8f678","tintindex":0},"up":{"uv":[14.75,6.0,14.25,5.5],"rotation":0,"texture":"#d1ce3803-9cfc-1aba-cecd-097537b8f678","tintindex":0},"west":{"uv":[3.0,12.75,3.5,14.5],"rotation":0,"texture":"#d1ce3803-9cfc-1aba-cecd-097537b8f678","tintindex":0}}},{"name":"cube","from":[8.0,1.3999997,-4.6000004],"to":[8.6,3.7999997,2.6],"rotation":{"angle":0.0,"axis":"x","origin":[8.1875,3.2749999,3.7624998]},"faces":{"down":{"uv":[13.25,11.5,13.0,14.5],"rotation":0,"texture":"#d1ce3803-9cfc-1aba-cecd-097537b8f678","tintindex":0},"east":{"uv":[8.75,1.25,11.75,2.25],"rotation":0,"texture":"#d1ce3803-9cfc-1aba-cecd-097537b8f678","tintindex":0},"north":{"uv":[3.5,11.5,3.75,12.5],"rotation":0,"texture":"#d1ce3803-9cfc-1aba-cecd-097537b8f678","tintindex":0},"south":{"uv":[2.25,14.0,2.5,15.0],"rotation":0,"texture":"#d1ce3803-9cfc-1aba-cecd-097537b8f678","tintindex":0},"up":{"uv":[13.25,11.5,13.0,8.5],"rotation":0,"texture":"#d1ce3803-9cfc-1aba-cecd-097537b8f678","tintindex":0},"west":{"uv":[8.75,2.25,11.75,3.25],"rotation":0,"texture":"#d1ce3803-9cfc-1aba-cecd-097537b8f678","tintindex":0}}},{"name":"cube","from":[8.0,1.9999998,-5.8],"to":[8.6,3.1999998,-4.6000004],"rotation":{"angle":0.0,"axis":"x","origin":[8.1875,3.2749999,3.7624998]},"faces":{"down":{"uv":[9.0,14.25,8.75,14.75],"rotation":0,"texture":"#d1ce3803-9cfc-1aba-cecd-097537b8f678","tintindex":0},"east":{"uv":[14.25,6.5,14.75,7.0],"rotation":0,"texture":"#d1ce3803-9cfc-1aba-cecd-097537b8f678","tintindex":0},"north":{"uv":[14.25,7.5,14.5,8.0],"rotation":0,"texture":"#d1ce3803-9cfc-1aba-cecd-097537b8f678","tintindex":0},"south":{"uv":[8.25,14.25,8.5,14.75],"rotation":0,"texture":"#d1ce3803-9cfc-1aba-cecd-097537b8f678","tintindex":0},"up":{"uv":[8.75,14.75,8.5,14.25],"rotation":0,"texture":"#d1ce3803-9cfc-1aba-cecd-097537b8f678","tintindex":0},"west":{"uv":[6.75,14.25,7.25,14.75],"rotation":0,"texture":"#d1ce3803-9cfc-1aba-cecd-097537b8f678","tintindex":0}}},{"name":"cube","from":[6.5,0.7999997,5.0],"to":[8.3,2.6,8.6],"rotation":{"angle":0.0,"axis":"x","origin":[8.1875,3.2749999,3.7624998]},"faces":{"down":{"uv":[13.0,12.25,12.25,13.75],"rotation":0,"texture":"#d1ce3803-9cfc-1aba-cecd-097537b8f678","tintindex":0},"east":{"uv":[10.75,12.0,12.25,12.75],"rotation":0,"texture":"#d1ce3803-9cfc-1aba-cecd-097537b8f678","tintindex":0},"north":{"uv":[13.5,6.25,14.25,7.0],"rotation":0,"texture":"#d1ce3803-9cfc-1aba-cecd-097537b8f678","tintindex":0},"south":{"uv":[13.5,7.5,14.25,8.25],"rotation":0,"texture":"#d1ce3803-9cfc-1aba-cecd-097537b8f678","tintindex":0},"up":{"uv":[13.0,12.25,12.25,10.75],"rotation":0,"texture":"#d1ce3803-9cfc-1aba-cecd-097537b8f678","tintindex":0},"west":{"uv":[12.25,0.0,13.75,0.75],"rotation":0,"texture":"#d1ce3803-9cfc-1aba-cecd-097537b8f678","tintindex":0}}},{"name":"cube","from":[6.5,2.6,5.0],"to":[9.5,6.8,8.6],"rotation":{"angle":0.0,"axis":"x","origin":[8.1875,3.2749999,3.7624998]},"faces":{"down":{"uv":[3.75,10.0,2.5,11.5],"rotation":0,"texture":"#d1ce3803-9cfc-1aba-cecd-097537b8f678","tintindex":0},"east":{"uv":[2.5,8.25,4.0,10.0],"rotation":0,"texture":"#d1ce3803-9cfc-1aba-cecd-097537b8f678","tintindex":0},"north":{"uv":[8.0,9.0,9.25,10.75],"rotation":0,"texture":"#d1ce3803-9cfc-1aba-cecd-097537b8f678","tintindex":0},"south":{"uv":[9.25,9.0,10.5,10.75],"rotation":0,"texture":"#d1ce3803-9cfc-1aba-cecd-097537b8f678","tintindex":0},"up":{"uv":[10.75,8.5,9.5,7.0],"rotation":0,"texture":"#d1ce3803-9cfc-1aba-cecd-097537b8f678","tintindex":0},"west":{"uv":[6.5,9.0,8.0,10.75],"rotation":0,"texture":"#d1ce3803-9cfc-1aba-cecd-097537b8f678","tintindex":0}}},{"name":"cube","from":[7.1,6.8,5.6],"to":[8.9,8.0,8.0],"rotation":{"angle":0.0,"axis":"x","origin":[8.1875,3.2749999,3.7624998]},"faces":{"down":{"uv":[2.5,13.0,1.75,14.0],"rotation":0,"texture":"#d1ce3803-9cfc-1aba-cecd-097537b8f678","tintindex":0},"east":{"uv":[10.0,13.75,11.0,14.25],"rotation":0,"texture":"#d1ce3803-9cfc-1aba-cecd-097537b8f678","tintindex":0},"north":{"uv":[14.0,2.0,14.75,2.5],"rotation":0,"texture":"#d1ce3803-9cfc-1aba-cecd-097537b8f678","tintindex":0},"south":{"uv":[3.5,14.0,4.25,14.5],"rotation":0,"texture":"#d1ce3803-9cfc-1aba-cecd-097537b8f678","tintindex":0},"up":{"uv":[1.75,14.0,1.0,13.0],"rotation":0,"texture":"#d1ce3803-9cfc-1aba-cecd-097537b8f678","tintindex":0},"west":{"uv":[11.0,13.75,12.0,14.25],"rotation":0,"texture":"#d1ce3803-9cfc-1aba-cecd-097537b8f678","tintindex":0}}},{"name":"cube","from":[8.3,1.3999997,5.0],"to":[9.5,2.6,6.8],"rotation":{"angle":0.0,"axis":"x","origin":[8.1875,3.2749999,3.7624998]},"faces":{"down":{"uv":[8.0,14.0,7.5,14.75],"rotation":0,"texture":"#d1ce3803-9cfc-1aba-cecd-097537b8f678","tintindex":0},"east":{"uv":[4.75,14.0,5.5,14.5],"rotation":0,"texture":"#d1ce3803-9cfc-1aba-cecd-097537b8f678","tintindex":0},"north":{"uv":[14.0,13.25,14.5,13.75],"rotation":0,"texture":"#d1ce3803-9cfc-1aba-cecd-097537b8f678","tintindex":0},"south":{"uv":[14.25,0.75,14.75,1.25],"rotation":0,"texture":"#d1ce3803-9cfc-1aba-cecd-097537b8f678","tintindex":0},"up":{"uv":[6.75,14.75,6.25,14.0],"rotation":0,"texture":"#d1ce3803-9cfc-1aba-cecd-097537b8f678","tintindex":0},"west":{"uv":[5.5,14.0,6.25,14.5],"rotation":0,"texture":"#d1ce3803-9cfc-1aba-cecd-097537b8f678","tintindex":0}}}],"display":{"head":{"translation":[0.0,-6.4,0.0],"rotation":[0.0,0.0,0.0],"scale":[3.8095,3.8095,3.8095]},"gui":{"translation":[0.0,0.0,0.0],"rotation":[35.0,225.0,0.0],"scale":[0.625,0.625,0.625]}}}