{"file_name":"leftfoot","texture_size":[64,64],"textures":{"d1ce3803-9cfc-1aba-cecd-097537b8f678":"modelengine:entity/blacksmith"},"elements":[{"name":"cube","from":[6.6499996,4.1,7.1],"to":[9.05,5.0,7.7],"rotation":{"angle":0.0,"axis":"x","origin":[7.85,5.3,8.3]},"faces":{"down":{"uv":[15.25,1.25,14.25,1.5],"rotation":0,"texture":"#d1ce3803-9cfc-1aba-cecd-097537b8f678","tintindex":0},"east":{"uv":[11.25,14.25,11.5,14.75],"rotation":0,"texture":"#d1ce3803-9cfc-1aba-cecd-097537b8f678","tintindex":0},"north":{"uv":[12.0,13.75,13.0,14.25],"rotation":0,"texture":"#d1ce3803-9cfc-1aba-cecd-097537b8f678","tintindex":0},"south":{"uv":[13.25,13.75,14.25,14.25],"rotation":0,"texture":"#d1ce3803-9cfc-1aba-cecd-097537b8f678","tintindex":0},"up":{"uv":[12.0,7.0,11.0,6.75],"rotation":0,"texture":"#d1ce3803-9cfc-1aba-cecd-097537b8f678","tintindex":0},"west":{"uv":[11.5,14.25,11.75,14.75],"rotation":0,"texture":"#d1ce3803-9cfc-1aba-cecd-097537b8f678","tintindex":0}}},{"name":"cube","from":[6.6499996,4.1,7.7],"to":[9.05,8.0,10.700001],"rotation":{"angle":0.0,"axis":"x","origin":[7.85,5.3,8.3]},"faces":{"down":{"uv":[12.75,1.25,11.75,2.5],"rotation":0,"texture":"#d1ce3803-9cfc-1aba-cecd-097537b8f678","tintindex":0},"east":{"uv":[0.0,9.5,1.25,11.25],"rotation":0,"texture":"#d1ce3803-9cfc-1aba-cecd-097537b8f678","tintindex":0},"north":{"uv":[3.75,10.75,4.75,12.5],"rotation":0,"texture":"#d1ce3803-9cfc-1aba-cecd-097537b8f678","tintindex":0},"south":{"uv":[6.5,10.75,7.5,12.5],"rotation":0,"texture":"#d1ce3803-9cfc-1aba-cecd-097537b8f678","tintindex":0},"up":{"uv":[3.5,12.75,2.5,11.5],"rotation":0,"texture":"#d1ce3803-9cfc-1aba-cecd-097537b8f678","tintindex":0},"west":{"uv":[1.25,9.5,2.5,11.25],"rotation":0,"texture":"#d1ce3803-9cfc-1aba-cecd-097537b8f678","tintindex":0}}}],"display":{"head":{"translation":[0.0,-6.4,0.0],"rotation":[0.0,0.0,0.0],"scale":[3.8095,3.8095,3.8095]},"gui":{"translation":[0.0,0.0,0.0],"rotation":[35.0,225.0,0.0],"scale":[0.625,0.625,0.625]}}}