{"textures":{"0":"modelengine:entity/vs_carnivoreplant"},"elements":[{"name":"cube","from":[6.2619076,18.09702,17.399895],"to":[9.861908,21.09702,20.999897],"rotation":{"angle":22.5,"axis":"x","origin":[8.061907,39.09702,5.999895]},"faces":{"down":{"uv":[5.25,12.625,4.5,13.375],"rotation":0,"texture":"#0","tintindex":0},"east":{"uv":[13.0,7.25,13.75,7.875],"rotation":0,"texture":"#0","tintindex":0},"north":{"uv":[13.0,6.625,13.75,7.25],"rotation":0,"texture":"#0","tintindex":0},"south":{"uv":[13.0,12.875,13.75,13.5],"rotation":0,"texture":"#0","tintindex":0},"up":{"uv":[13.25,9.625,12.5,8.875],"rotation":0,"texture":"#0","tintindex":0},"west":{"uv":[0.0,13.125,0.75,13.75],"rotation":0,"texture":"#0","tintindex":0}}},{"name":"cube","from":[6.2628,16.28982,25.343056],"to":[9.861601,19.289822,28.943058],"rotation":{"angle":45.0,"axis":"x","origin":[8.061907,37.28982,13.943057]},"faces":{"down":{"uv":[13.25,8.125,12.5,8.875],"rotation":0,"texture":"#0","tintindex":0},"east":{"uv":[11.5,12.625,12.25,13.25],"rotation":0,"texture":"#0","tintindex":0},"north":{"uv":[10.5,6.25,11.25,6.875],"rotation":0,"texture":"#0","tintindex":0},"south":{"uv":[12.25,12.875,13.0,13.5],"rotation":0,"texture":"#0","tintindex":0},"up":{"uv":[13.125,12.875,12.375,12.125],"rotation":0,"texture":"#0","tintindex":0},"west":{"uv":[13.0,4.625,13.75,5.25],"rotation":0,"texture":"#0","tintindex":0}}},{"name":"cube","from":[6.2619076,7.766473,17.535454],"to":[9.861908,10.166473,21.135456],"rotation":{"angle":22.5,"axis":"x","origin":[8.061907,38.366474,22.935455]},"faces":{"down":{"uv":[8.25,12.625,7.5,13.375],"rotation":0,"texture":"#0","tintindex":0},"east":{"uv":[1.5,13.125,2.25,13.625],"rotation":0,"texture":"#0","tintindex":0},"north":{"uv":[0.75,13.125,1.5,13.625],"rotation":0,"texture":"#0","tintindex":0},"south":{"uv":[2.25,13.125,3.0,13.625],"rotation":0,"texture":"#0","tintindex":0},"up":{"uv":[7.5,13.375,6.75,12.625],"rotation":0,"texture":"#0","tintindex":0},"west":{"uv":[3.0,13.125,3.75,13.625],"rotation":0,"texture":"#0","tintindex":0}}},{"name":"cube","from":[6.2628,3.7622495,6.236391],"to":[9.861601,12.16225,9.836391],"rotation":{"angle":0.0,"axis":"x","origin":[8.061907,41.562252,16.436392]},"faces":{"down":{"uv":[6.75,12.625,6.0,13.375],"rotation":0,"texture":"#0","tintindex":0},"east":{"uv":[10.5,2.75,11.25,4.5],"rotation":0,"texture":"#0","tintindex":0},"north":{"uv":[2.25,10.5,3.0,12.25],"rotation":0,"texture":"#0","tintindex":0},"south":{"uv":[3.0,10.5,3.75,12.25],"rotation":0,"texture":"#0","tintindex":0},"up":{"uv":[6.0,13.375,5.25,12.625],"rotation":0,"texture":"#0","tintindex":0},"west":{"uv":[3.75,10.5,4.5,12.25],"rotation":0,"texture":"#0","tintindex":0}}},{"name":"cube","from":[-6.938094,9.16225,4.436391],"to":[-6.938094,24.16225,11.036391],"rotation":{"angle":22.5,"axis":"z","origin":[8.061907,41.562252,16.436392]},"faces":{"down":{"uv":[0.0,0.0,0.0,1.375],"rotation":0,"texture":"#0","tintindex":0},"east":{"uv":[4.5,7.75,5.875,10.875],"rotation":0,"texture":"#0","tintindex":0},"north":{"uv":[0.0,0.0,0.0,3.125],"rotation":0,"texture":"#0","tintindex":0},"south":{"uv":[0.0,0.0,0.0,3.125],"rotation":0,"texture":"#0","tintindex":0},"up":{"uv":[0.0,1.375,0.0,0.0],"rotation":0,"texture":"#0","tintindex":0},"west":{"uv":[5.875,7.75,7.25,10.875],"rotation":0,"texture":"#0","tintindex":0}}},{"name":"cube","from":[23.138096,8.562249,4.436391],"to":[23.138096,23.562252,11.036391],"rotation":{"angle":-22.5,"axis":"z","origin":[8.138092,41.562252,16.436392]},"faces":{"down":{"uv":[0.0,0.0,0.0,1.375],"rotation":0,"texture":"#0","tintindex":0},"east":{"uv":[7.25,7.75,8.625,10.875],"rotation":0,"texture":"#0","tintindex":0},"north":{"uv":[0.0,0.0,0.0,3.125],"rotation":0,"texture":"#0","tintindex":0},"south":{"uv":[0.0,0.0,0.0,3.125],"rotation":0,"texture":"#0","tintindex":0},"up":{"uv":[0.0,1.375,0.0,0.0],"rotation":0,"texture":"#0","tintindex":0},"west":{"uv":[8.625,7.75,10.0,10.875],"rotation":0,"texture":"#0","tintindex":0}}}],"display":{"head":{"translation":[0.0,-6.4,0.0],"rotation":[0.0,0.0,0.0],"scale":[3.8095,3.8095,3.8095]}}}