{"file_name":"beard1","texture_size":[128,128],"textures":{"9e58c8e2-769c-38fd-13ce-d7fc6df17446":"modelengine:entity/deadbeard3"},"elements":[{"name":"cube","from":[5.872095,1.325588,-0.24047875],"to":[9.4720955,4.925588,-0.24047875],"rotation":{"angle":22.5,"axis":"x","origin":[4.854127,-13.582044,10.79163]},"faces":{"down":{"uv":[0.0,0.0,0.75,0.0],"rotation":0,"texture":"#9e58c8e2-769c-38fd-13ce-d7fc6df17446","tintindex":0},"east":{"uv":[0.0,0.0,0.0,0.75],"rotation":0,"texture":"#9e58c8e2-769c-38fd-13ce-d7fc6df17446","tintindex":0},"north":{"uv":[3.25,7.625,4.0,8.375],"rotation":0,"texture":"#9e58c8e2-769c-38fd-13ce-d7fc6df17446","tintindex":0},"south":{"uv":[11.125,6.25,11.875,7.0],"rotation":0,"texture":"#9e58c8e2-769c-38fd-13ce-d7fc6df17446","tintindex":0},"up":{"uv":[0.75,0.0,0.0,0.0],"rotation":0,"texture":"#9e58c8e2-769c-38fd-13ce-d7fc6df17446","tintindex":0},"west":{"uv":[0.0,0.0,0.0,0.75],"rotation":0,"texture":"#9e58c8e2-769c-38fd-13ce-d7fc6df17446","tintindex":0}}},{"name":"cube","from":[5.872095,-5.6977034,-7.476288],"to":[9.4720955,-2.097703,-7.476288],"rotation":{"angle":45.0,"axis":"x","origin":[4.854127,-15.477113,7.272905]},"faces":{"down":{"uv":[0.0,0.0,0.75,0.0],"rotation":0,"texture":"#9e58c8e2-769c-38fd-13ce-d7fc6df17446","tintindex":0},"east":{"uv":[0.0,0.0,0.0,0.75],"rotation":0,"texture":"#9e58c8e2-769c-38fd-13ce-d7fc6df17446","tintindex":0},"north":{"uv":[11.25,0.75,12.0,1.5],"rotation":0,"texture":"#9e58c8e2-769c-38fd-13ce-d7fc6df17446","tintindex":0},"south":{"uv":[0.875,11.5,1.625,12.25],"rotation":0,"texture":"#9e58c8e2-769c-38fd-13ce-d7fc6df17446","tintindex":0},"up":{"uv":[0.75,0.0,0.0,0.0],"rotation":0,"texture":"#9e58c8e2-769c-38fd-13ce-d7fc6df17446","tintindex":0},"west":{"uv":[0.0,0.0,0.0,0.75],"rotation":0,"texture":"#9e58c8e2-769c-38fd-13ce-d7fc6df17446","tintindex":0}}}],"display":{"head":{"translation":[0.0,-6.4,0.0],"rotation":[0.0,0.0,0.0],"scale":[3.8095,3.8095,3.8095]},"gui":{"translation":[0.0,0.0,0.0],"rotation":[35.0,225.0,0.0],"scale":[0.625,0.625,0.625]}}}