{"file_name":"flintlock","texture_size":[128,128],"textures":{"9e58c8e2-769c-38fd-13ce-d7fc6df17446":"modelengine:entity/deadbeard3"},"elements":[{"name":"cube","from":[6.8,10.109812,7.893584],"to":[8.6,12.509811,12.093584],"rotation":{"angle":22.5,"axis":"x","origin":[8.0,10.130257,8.048875]},"faces":{"down":{"uv":[3.875,13.0,4.25,13.875],"rotation":0,"texture":"#9e58c8e2-769c-38fd-13ce-d7fc6df17446","tintindex":0},"east":{"uv":[12.5,12.5,13.375,13.0],"rotation":0,"texture":"#9e58c8e2-769c-38fd-13ce-d7fc6df17446","tintindex":0},"north":{"uv":[1.25,13.5,1.625,14.0],"rotation":0,"texture":"#9e58c8e2-769c-38fd-13ce-d7fc6df17446","tintindex":0},"south":{"uv":[1.625,13.5,2.0,14.0],"rotation":0,"texture":"#9e58c8e2-769c-38fd-13ce-d7fc6df17446","tintindex":0},"up":{"uv":[1.25,13.875,0.875,13.0],"rotation":0,"texture":"#9e58c8e2-769c-38fd-13ce-d7fc6df17446","tintindex":0},"west":{"uv":[12.625,0.0,13.5,0.5],"rotation":0,"texture":"#9e58c8e2-769c-38fd-13ce-d7fc6df17446","tintindex":0}}},{"name":"cube","from":[6.8,9.988106,6.416021],"to":[8.6,12.388105,8.816021],"rotation":{"angle":0.0,"axis":"x","origin":[8.0,9.993239,8.737705]},"faces":{"down":{"uv":[13.5,11.125,13.875,11.625],"rotation":0,"texture":"#9e58c8e2-769c-38fd-13ce-d7fc6df17446","tintindex":0},"east":{"uv":[13.25,10.125,13.75,10.625],"rotation":0,"texture":"#9e58c8e2-769c-38fd-13ce-d7fc6df17446","tintindex":0},"north":{"uv":[13.5,0.0,13.875,0.5],"rotation":0,"texture":"#9e58c8e2-769c-38fd-13ce-d7fc6df17446","tintindex":0},"south":{"uv":[13.5,5.5,13.875,6.0],"rotation":0,"texture":"#9e58c8e2-769c-38fd-13ce-d7fc6df17446","tintindex":0},"up":{"uv":[13.875,8.625,13.5,8.125],"rotation":0,"texture":"#9e58c8e2-769c-38fd-13ce-d7fc6df17446","tintindex":0},"west":{"uv":[13.25,10.625,13.75,11.125],"rotation":0,"texture":"#9e58c8e2-769c-38fd-13ce-d7fc6df17446","tintindex":0}}},{"name":"cube","from":[6.8,9.388105,0.41602015],"to":[8.6,11.188107,6.416021],"rotation":{"angle":0.0,"axis":"x","origin":[8.0,9.993239,6.3377047]},"faces":{"down":{"uv":[1.75,12.25,2.125,13.5],"rotation":0,"texture":"#9e58c8e2-769c-38fd-13ce-d7fc6df17446","tintindex":0},"east":{"uv":[8.0,0.875,9.25,1.25],"rotation":0,"texture":"#9e58c8e2-769c-38fd-13ce-d7fc6df17446","tintindex":0},"north":{"uv":[6.25,13.75,6.625,14.125],"rotation":0,"texture":"#9e58c8e2-769c-38fd-13ce-d7fc6df17446","tintindex":0},"south":{"uv":[6.625,13.75,7.0,14.125],"rotation":0,"texture":"#9e58c8e2-769c-38fd-13ce-d7fc6df17446","tintindex":0},"up":{"uv":[1.75,13.5,1.375,12.25],"rotation":0,"texture":"#9e58c8e2-769c-38fd-13ce-d7fc6df17446","tintindex":0},"west":{"uv":[11.875,6.625,13.125,7.0],"rotation":0,"texture":"#9e58c8e2-769c-38fd-13ce-d7fc6df17446","tintindex":0}}},{"name":"cube","from":[7.1,11.188107,0.41602015],"to":[8.3,12.388105,6.416021],"rotation":{"angle":0.0,"axis":"x","origin":[8.0,11.193239,6.3377047]},"faces":{"down":{"uv":[5.25,13.0,5.5,14.25],"rotation":0,"texture":"#9e58c8e2-769c-38fd-13ce-d7fc6df17446","tintindex":0},"east":{"uv":[13.25,7.875,14.5,8.125],"rotation":0,"texture":"#9e58c8e2-769c-38fd-13ce-d7fc6df17446","tintindex":0},"north":{"uv":[12.625,9.375,12.875,9.625],"rotation":0,"texture":"#9e58c8e2-769c-38fd-13ce-d7fc6df17446","tintindex":0},"south":{"uv":[5.0,13.625,5.25,13.875],"rotation":0,"texture":"#9e58c8e2-769c-38fd-13ce-d7fc6df17446","tintindex":0},"up":{"uv":[2.5,6.25,2.25,5.0],"rotation":0,"texture":"#9e58c8e2-769c-38fd-13ce-d7fc6df17446","tintindex":0},"west":{"uv":[13.25,9.125,14.5,9.375],"rotation":0,"texture":"#9e58c8e2-769c-38fd-13ce-d7fc6df17446","tintindex":0}}},{"name":"cube","from":[6.5,10.588106,-1.3839798],"to":[8.9,12.988106,0.41602015],"rotation":{"angle":0.0,"axis":"x","origin":[8.0,11.193239,-2.6622958]},"faces":{"down":{"uv":[4.25,13.625,4.75,14.0],"rotation":0,"texture":"#9e58c8e2-769c-38fd-13ce-d7fc6df17446","tintindex":0},"east":{"uv":[2.0,13.625,2.375,14.125],"rotation":0,"texture":"#9e58c8e2-769c-38fd-13ce-d7fc6df17446","tintindex":0},"north":{"uv":[13.25,11.625,13.75,12.125],"rotation":0,"texture":"#9e58c8e2-769c-38fd-13ce-d7fc6df17446","tintindex":0},"south":{"uv":[3.125,13.375,3.625,13.875],"rotation":0,"texture":"#9e58c8e2-769c-38fd-13ce-d7fc6df17446","tintindex":0},"up":{"uv":[13.875,13.375,13.375,13.0],"rotation":0,"texture":"#9e58c8e2-769c-38fd-13ce-d7fc6df17446","tintindex":0},"west":{"uv":[2.375,13.625,2.75,14.125],"rotation":0,"texture":"#9e58c8e2-769c-38fd-13ce-d7fc6df17446","tintindex":0}}},{"name":"cube","from":[7.7,8.188107,3.4160209],"to":[7.7,9.988106,10.616021],"rotation":{"angle":0.0,"axis":"x","origin":[8.0,11.193239,6.3377047]},"faces":{"down":{"uv":[0.0,0.0,0.0,1.5],"rotation":0,"texture":"#9e58c8e2-769c-38fd-13ce-d7fc6df17446","tintindex":0},"east":{"uv":[8.0,11.75,9.5,12.125],"rotation":0,"texture":"#9e58c8e2-769c-38fd-13ce-d7fc6df17446","tintindex":0},"north":{"uv":[0.0,0.0,0.0,0.375],"rotation":0,"texture":"#9e58c8e2-769c-38fd-13ce-d7fc6df17446","tintindex":0},"south":{"uv":[0.0,0.0,0.0,0.375],"rotation":0,"texture":"#9e58c8e2-769c-38fd-13ce-d7fc6df17446","tintindex":0},"up":{"uv":[0.0,1.5,0.0,0.0],"rotation":0,"texture":"#9e58c8e2-769c-38fd-13ce-d7fc6df17446","tintindex":0},"west":{"uv":[9.5,11.75,11.0,12.125],"rotation":0,"texture":"#9e58c8e2-769c-38fd-13ce-d7fc6df17446","tintindex":0}}}],"display":{"head":{"translation":[0.0,-6.4,0.0],"rotation":[0.0,0.0,0.0],"scale":[3.8095,3.8095,3.8095]},"gui":{"translation":[0.0,0.0,0.0],"rotation":[35.0,225.0,0.0],"scale":[0.625,0.625,0.625]}}}