{"file_name":"leftarm","texture_size":[128,128],"textures":{"9e58c8e2-769c-38fd-13ce-d7fc6df17446":"modelengine:entity/deadbeard3"},"elements":[{"name":"cube","from":[5.322706,4.070059,5.4429827],"to":[9.522705,10.070058,9.042982],"rotation":{"angle":0.0,"axis":"x","origin":[15.722178,-5.9202394,2.4627118]},"faces":{"down":{"uv":[10.125,10.875,11.0,11.625],"rotation":0,"texture":"#9e58c8e2-769c-38fd-13ce-d7fc6df17446","tintindex":0},"east":{"uv":[8.625,9.75,9.375,11.0],"rotation":0,"texture":"#9e58c8e2-769c-38fd-13ce-d7fc6df17446","tintindex":0},"north":{"uv":[8.625,4.75,9.5,6.0],"rotation":0,"texture":"#9e58c8e2-769c-38fd-13ce-d7fc6df17446","tintindex":0},"south":{"uv":[7.75,9.125,8.625,10.375],"rotation":0,"texture":"#9e58c8e2-769c-38fd-13ce-d7fc6df17446","tintindex":0},"up":{"uv":[6.75,11.625,5.875,10.875],"rotation":0,"texture":"#9e58c8e2-769c-38fd-13ce-d7fc6df17446","tintindex":0},"west":{"uv":[9.375,9.75,10.125,11.0],"rotation":0,"texture":"#9e58c8e2-769c-38fd-13ce-d7fc6df17446","tintindex":0}}},{"name":"cube","from":[5.9227057,2.2700586,5.4429827],"to":[8.922706,4.070059,8.442983],"rotation":{"angle":0.0,"axis":"x","origin":[15.722178,-5.9202394,2.4627118]},"faces":{"down":{"uv":[12.75,3.0,13.375,3.625],"rotation":0,"texture":"#9e58c8e2-769c-38fd-13ce-d7fc6df17446","tintindex":0},"east":{"uv":[13.375,1.5,14.0,1.875],"rotation":0,"texture":"#9e58c8e2-769c-38fd-13ce-d7fc6df17446","tintindex":0},"north":{"uv":[13.375,1.125,14.0,1.5],"rotation":0,"texture":"#9e58c8e2-769c-38fd-13ce-d7fc6df17446","tintindex":0},"south":{"uv":[13.375,1.875,14.0,2.25],"rotation":0,"texture":"#9e58c8e2-769c-38fd-13ce-d7fc6df17446","tintindex":0},"up":{"uv":[13.375,3.0,12.75,2.375],"rotation":0,"texture":"#9e58c8e2-769c-38fd-13ce-d7fc6df17446","tintindex":0},"west":{"uv":[13.375,2.25,14.0,2.625],"rotation":0,"texture":"#9e58c8e2-769c-38fd-13ce-d7fc6df17446","tintindex":0}}}],"display":{"head":{"translation":[0.0,-6.4,0.0],"rotation":[0.0,0.0,0.0],"scale":[3.8095,3.8095,3.8095]},"gui":{"translation":[0.0,0.0,0.0],"rotation":[35.0,225.0,0.0],"scale":[0.625,0.625,0.625]}}}