{"textures":{"0":"modelengine:entity/deadbeard3"},"elements":[{"name":"cube","from":[6.5684977,3.0329785,5.4388924],"to":[9.568498,7.8329782,8.438892],"rotation":{"angle":22.5,"axis":"x","origin":[8.381064,3.928537,10.081974]},"faces":{"down":{"uv":[13.375,0.5,12.75,1.125],"rotation":0,"texture":"#0","tintindex":0},"east":{"uv":[11.25,4.125,11.875,5.125],"rotation":0,"texture":"#0","tintindex":0},"north":{"uv":[11.125,9.0,11.75,10.0],"rotation":0,"texture":"#0","tintindex":0},"south":{"uv":[11.25,10.0,11.875,11.0],"rotation":0,"texture":"#0","tintindex":0},"up":{"uv":[8.75,13.375,8.125,12.75],"rotation":0,"texture":"#0","tintindex":0},"west":{"uv":[11.375,5.125,12.0,6.125],"rotation":0,"texture":"#0","tintindex":0}}},{"name":"cube","from":[6.5684977,2.477979,5.4496107],"to":[9.568498,4.877979,8.449611],"rotation":{"angle":0.0,"axis":"x","origin":[8.381064,-0.114748955,9.277715]},"faces":{"down":{"uv":[13.375,1.75,12.75,2.375],"rotation":0,"texture":"#0","tintindex":0},"east":{"uv":[13.25,4.0,13.875,4.5],"rotation":0,"texture":"#0","tintindex":0},"north":{"uv":[10.5,13.25,11.125,13.75],"rotation":0,"texture":"#0","tintindex":0},"south":{"uv":[13.25,4.5,13.875,5.0],"rotation":0,"texture":"#0","tintindex":0},"up":{"uv":[13.375,1.75,12.75,1.125],"rotation":0,"texture":"#0","tintindex":0},"west":{"uv":[13.25,5.0,13.875,5.5],"rotation":0,"texture":"#0","tintindex":0}}},{"name":"cube","from":[7.168497,1.2779788,6.0496106],"to":[8.968497,2.477979,7.849611],"rotation":{"angle":0.0,"axis":"x","origin":[8.381064,-1.9147482,9.277715]},"faces":{"down":{"uv":[14.0,7.0,13.625,7.375],"rotation":0,"texture":"#0","tintindex":0},"east":{"uv":[4.0,11.75,4.375,12.0],"rotation":0,"texture":"#0","tintindex":0},"north":{"uv":[11.5,7.5,11.875,7.75],"rotation":0,"texture":"#0","tintindex":0},"south":{"uv":[7.0,13.75,7.375,14.0],"rotation":0,"texture":"#0","tintindex":0},"up":{"uv":[13.375,14.0,13.0,13.625],"rotation":0,"texture":"#0","tintindex":0},"west":{"uv":[7.375,13.75,7.75,14.0],"rotation":0,"texture":"#0","tintindex":0}}},{"name":"cube","from":[7.4684973,-2.3220205,6.3496103],"to":[8.668497,1.2779788,7.5496106],"rotation":{"angle":0.0,"axis":"x","origin":[8.381064,-1.9147482,9.277715]},"faces":{"down":{"uv":[0.75,12.625,0.5,12.875],"rotation":0,"texture":"#0","tintindex":0},"east":{"uv":[9.875,11.0,10.125,11.75],"rotation":0,"texture":"#0","tintindex":0},"north":{"uv":[6.75,4.0,7.0,4.75],"rotation":0,"texture":"#0","tintindex":0},"south":{"uv":[11.125,13.25,11.375,14.0],"rotation":0,"texture":"#0","tintindex":0},"up":{"uv":[0.75,12.625,0.5,12.375],"rotation":0,"texture":"#0","tintindex":0},"west":{"uv":[3.625,13.375,3.875,14.125],"rotation":0,"texture":"#0","tintindex":0}}}],"display":{"head":{"translation":[0.0,-6.4,0.0],"rotation":[0.0,0.0,0.0],"scale":[3.8095,3.8095,3.8095]}}}