{"textures":{"0":"modelengine:entity/deadbeard3"},"elements":[{"name":"cube","from":[8.188084,-1.7811065,1.4562395],"to":[9.988085,0.01889348,3.8562393],"rotation":{"angle":22.5,"axis":"x","origin":[16.187557,-7.081168,4.501096]},"faces":{"down":{"uv":[13.75,12.5,13.375,13.0],"rotation":0,"texture":"#0","tintindex":0},"east":{"uv":[13.375,2.875,13.875,3.25],"rotation":0,"texture":"#0","tintindex":0},"north":{"uv":[5.5,13.75,5.875,14.125],"rotation":0,"texture":"#0","tintindex":0},"south":{"uv":[5.875,13.75,6.25,14.125],"rotation":0,"texture":"#0","tintindex":0},"up":{"uv":[11.0,8.25,10.625,7.75],"rotation":0,"texture":"#0","tintindex":0},"west":{"uv":[13.375,3.25,13.875,3.625],"rotation":0,"texture":"#0","tintindex":0}}},{"name":"cube","from":[6.3880844,-3.5811067,1.4562395],"to":[8.788084,0.01889348,5.6562395],"rotation":{"angle":22.5,"axis":"x","origin":[16.187557,-7.081168,4.501096]},"faces":{"down":{"uv":[0.5,12.375,0.0,13.25],"rotation":0,"texture":"#0","tintindex":0},"east":{"uv":[3.5,11.0,4.375,11.75],"rotation":0,"texture":"#0","tintindex":0},"north":{"uv":[9.5,12.875,10.0,13.625],"rotation":0,"texture":"#0","tintindex":0},"south":{"uv":[10.0,12.875,10.5,13.625],"rotation":0,"texture":"#0","tintindex":0},"up":{"uv":[4.25,10.75,3.75,9.875],"rotation":0,"texture":"#0","tintindex":0},"west":{"uv":[8.125,11.0,9.0,11.75],"rotation":0,"texture":"#0","tintindex":0}}},{"name":"cube","from":[5.788085,0.01889348,1.4562395],"to":[9.988085,2.4188936,6.25624],"rotation":{"angle":22.5,"axis":"x","origin":[16.187557,-7.081168,4.501096]},"faces":{"down":{"uv":[5.875,9.875,5.0,10.875],"rotation":0,"texture":"#0","tintindex":0},"east":{"uv":[11.875,11.125,12.875,11.625],"rotation":0,"texture":"#0","tintindex":0},"north":{"uv":[4.75,12.5,5.625,13.0],"rotation":0,"texture":"#0","tintindex":0},"south":{"uv":[11.625,12.5,12.5,13.0],"rotation":0,"texture":"#0","tintindex":0},"up":{"uv":[3.75,10.875,2.875,9.875],"rotation":0,"texture":"#0","tintindex":0},"west":{"uv":[4.0,12.0,5.0,12.5],"rotation":0,"texture":"#0","tintindex":0}}},{"name":"cube","from":[5.788085,2.4188936,1.4562395],"to":[9.988085,8.418894,5.056239],"rotation":{"angle":22.5,"axis":"x","origin":[16.187557,-7.081168,4.501096]},"faces":{"down":{"uv":[5.875,10.875,5.0,11.625],"rotation":0,"texture":"#0","tintindex":0},"east":{"uv":[6.5,9.625,7.25,10.875],"rotation":0,"texture":"#0","tintindex":0},"north":{"uv":[1.75,8.625,2.625,9.875],"rotation":0,"texture":"#0","tintindex":0},"south":{"uv":[5.625,8.625,6.5,9.875],"rotation":0,"texture":"#0","tintindex":0},"up":{"uv":[3.5,11.625,2.625,10.875],"rotation":0,"texture":"#0","tintindex":0},"west":{"uv":[4.25,9.75,5.0,11.0],"rotation":0,"texture":"#0","tintindex":0}}}],"display":{"head":{"translation":[0.0,-6.4,0.0],"rotation":[0.0,0.0,0.0],"scale":[3.8095,3.8095,3.8095]}}}