{"file_name":"rightfoot","texture_size":[128,128],"textures":{"9e58c8e2-769c-38fd-13ce-d7fc6df17446":"modelengine:entity/deadbeard3"},"elements":[{"name":"cube","from":[5.891798,4.5386033,7.1359167],"to":[10.091799,6.9386034,11.3359165],"rotation":{"angle":0.0,"axis":"x","origin":[7.6792316,3.7458756,11.56402]},"faces":{"down":{"uv":[10.125,2.5,11.0,3.375],"rotation":0,"texture":"#9e58c8e2-769c-38fd-13ce-d7fc6df17446","tintindex":0},"east":{"uv":[3.0,12.375,3.875,12.875],"rotation":0,"texture":"#9e58c8e2-769c-38fd-13ce-d7fc6df17446","tintindex":0},"north":{"uv":[2.125,12.375,3.0,12.875],"rotation":0,"texture":"#9e58c8e2-769c-38fd-13ce-d7fc6df17446","tintindex":0},"south":{"uv":[10.75,12.375,11.625,12.875],"rotation":0,"texture":"#9e58c8e2-769c-38fd-13ce-d7fc6df17446","tintindex":0},"up":{"uv":[11.0,2.5,10.125,1.625],"rotation":0,"texture":"#9e58c8e2-769c-38fd-13ce-d7fc6df17446","tintindex":0},"west":{"uv":[3.875,12.5,4.75,13.0],"rotation":0,"texture":"#9e58c8e2-769c-38fd-13ce-d7fc6df17446","tintindex":0}}},{"name":"cube","from":[6.4917984,6.9386034,7.7359166],"to":[9.491798,8.138603,10.735916],"rotation":{"angle":0.0,"axis":"x","origin":[7.6792316,3.1458755,11.56402]},"faces":{"down":{"uv":[7.5,12.75,8.125,13.375],"rotation":0,"texture":"#9e58c8e2-769c-38fd-13ce-d7fc6df17446","tintindex":0},"east":{"uv":[9.375,13.625,10.0,13.875],"rotation":0,"texture":"#9e58c8e2-769c-38fd-13ce-d7fc6df17446","tintindex":0},"north":{"uv":[12.0,8.75,12.625,9.0],"rotation":0,"texture":"#9e58c8e2-769c-38fd-13ce-d7fc6df17446","tintindex":0},"south":{"uv":[11.375,13.625,12.0,13.875],"rotation":0,"texture":"#9e58c8e2-769c-38fd-13ce-d7fc6df17446","tintindex":0},"up":{"uv":[7.5,13.375,6.875,12.75],"rotation":0,"texture":"#9e58c8e2-769c-38fd-13ce-d7fc6df17446","tintindex":0},"west":{"uv":[12.0,13.625,12.625,13.875],"rotation":0,"texture":"#9e58c8e2-769c-38fd-13ce-d7fc6df17446","tintindex":0}}},{"name":"cube","from":[7.0917983,1.5386032,7.1359167],"to":[8.891798,2.738603,8.3359165],"rotation":{"angle":0.0,"axis":"x","origin":[7.6792316,1.3458755,11.56402]},"faces":{"down":{"uv":[11.5,0.5,11.875,0.75],"rotation":0,"texture":"#9e58c8e2-769c-38fd-13ce-d7fc6df17446","tintindex":0},"east":{"uv":[9.5,7.25,9.75,7.5],"rotation":0,"texture":"#9e58c8e2-769c-38fd-13ce-d7fc6df17446","tintindex":0},"north":{"uv":[10.25,7.0,10.625,7.25],"rotation":0,"texture":"#9e58c8e2-769c-38fd-13ce-d7fc6df17446","tintindex":0},"south":{"uv":[3.75,10.75,4.125,11.0],"rotation":0,"texture":"#9e58c8e2-769c-38fd-13ce-d7fc6df17446","tintindex":0},"up":{"uv":[7.125,11.125,6.75,10.875],"rotation":0,"texture":"#9e58c8e2-769c-38fd-13ce-d7fc6df17446","tintindex":0},"west":{"uv":[10.75,12.125,11.0,12.375],"rotation":0,"texture":"#9e58c8e2-769c-38fd-13ce-d7fc6df17446","tintindex":0}}},{"name":"cube","from":[7.0917983,1.5386032,8.3359165],"to":[8.891798,4.5386033,10.135916],"rotation":{"angle":0.0,"axis":"x","origin":[7.6792316,1.3458755,11.56402]},"faces":{"down":{"uv":[12.625,13.625,13.0,14.0],"rotation":0,"texture":"#9e58c8e2-769c-38fd-13ce-d7fc6df17446","tintindex":0},"east":{"uv":[9.0,13.375,9.375,14.0],"rotation":0,"texture":"#9e58c8e2-769c-38fd-13ce-d7fc6df17446","tintindex":0},"north":{"uv":[8.625,13.375,9.0,14.0],"rotation":0,"texture":"#9e58c8e2-769c-38fd-13ce-d7fc6df17446","tintindex":0},"south":{"uv":[13.375,13.375,13.75,14.0],"rotation":0,"texture":"#9e58c8e2-769c-38fd-13ce-d7fc6df17446","tintindex":0},"up":{"uv":[10.375,14.0,10.0,13.625],"rotation":0,"texture":"#9e58c8e2-769c-38fd-13ce-d7fc6df17446","tintindex":0},"west":{"uv":[13.375,0.5,13.75,1.125],"rotation":0,"texture":"#9e58c8e2-769c-38fd-13ce-d7fc6df17446","tintindex":0}}}],"display":{"head":{"translation":[0.0,-6.4,0.0],"rotation":[0.0,0.0,0.0],"scale":[3.8095,3.8095,3.8095]},"gui":{"translation":[0.0,0.0,0.0],"rotation":[35.0,225.0,0.0],"scale":[0.625,0.625,0.625]}}}