{"textures":{"0":"modelengine:entity/deadbeard3"},"elements":[{"name":"cube","from":[6.5335093,2.222664,5.9404974],"to":[9.53351,4.022664,8.940497],"rotation":{"angle":0.0,"axis":"x","origin":[-0.2659626,-5.667634,2.4406116]},"faces":{"down":{"uv":[1.5,10.75,2.125,11.375],"rotation":0,"texture":"#0","tintindex":0},"east":{"uv":[0.0,10.875,0.625,11.25],"rotation":0,"texture":"#0","tintindex":0},"north":{"uv":[2.625,10.875,3.25,11.25],"rotation":0,"texture":"#0","tintindex":0},"south":{"uv":[2.625,10.875,3.25,11.25],"rotation":0,"texture":"#0","tintindex":0},"up":{"uv":[0.875,10.875,1.5,11.5],"rotation":0,"texture":"#0","tintindex":0},"west":{"uv":[0.0,10.875,0.625,11.25],"rotation":0,"texture":"#0","tintindex":0}}},{"name":"cube","from":[5.9335093,4.022664,5.9404974],"to":[10.13351,10.022665,9.540497],"rotation":{"angle":0.0,"axis":"x","origin":[-0.2659626,-5.667634,2.4406116]},"faces":{"down":{"uv":[1.75,10.75,0.875,11.5],"rotation":0,"texture":"#0","tintindex":0},"east":{"uv":[9.375,0.875,10.125,2.125],"rotation":0,"texture":"#0","tintindex":0},"north":{"uv":[6.875,8.375,7.75,9.625],"rotation":0,"texture":"#0","tintindex":0},"south":{"uv":[4.75,8.5,5.625,9.75],"rotation":0,"texture":"#0","tintindex":0},"up":{"uv":[11.5,7.75,10.625,7.0],"rotation":0,"texture":"#0","tintindex":0},"west":{"uv":[9.375,2.125,10.125,3.375],"rotation":0,"texture":"#0","tintindex":0}}}],"display":{"head":{"translation":[0.0,-6.4,0.0],"rotation":[0.0,0.0,0.0],"scale":[3.8095,3.8095,3.8095]}}}