{"file_name":"bottom","texture_size":[64,64],"textures":{"d1f765ac-08d9-4b45-bced-96d4248bee63":"modelengine:entity/giantclam"},"elements":[{"name":"cube","from":[5.195652,2.2478256,6.2],"to":[10.595652,3.4478257,9.8],"rotation":{"angle":0.0,"axis":"x","origin":[8.195652,9.447826,8.0]},"faces":{"down":{"uv":[10.0,3.5,12.25,5.0],"rotation":0,"texture":"#d1f765ac-08d9-4b45-bced-96d4248bee63","tintindex":0},"east":{"uv":[6.25,14.25,7.75,14.75],"rotation":0,"texture":"#d1f765ac-08d9-4b45-bced-96d4248bee63","tintindex":0},"north":{"uv":[12.25,4.5,14.5,5.0],"rotation":0,"texture":"#d1f765ac-08d9-4b45-bced-96d4248bee63","tintindex":0},"south":{"uv":[12.25,8.25,14.5,8.75],"rotation":0,"texture":"#d1f765ac-08d9-4b45-bced-96d4248bee63","tintindex":0},"up":{"uv":[12.25,3.5,10.0,2.0],"rotation":0,"texture":"#d1f765ac-08d9-4b45-bced-96d4248bee63","tintindex":0},"west":{"uv":[14.25,0.75,15.75,1.25],"rotation":0,"texture":"#d1f765ac-08d9-4b45-bced-96d4248bee63","tintindex":0}}},{"name":"cube","from":[12.395653,2.2478256,3.1999998],"to":[12.395653,4.6478257,12.8],"rotation":{"angle":0.0,"axis":"x","origin":[8.195652,9.447826,8.0]},"faces":{"down":{"uv":[0.0,0.0,0.0,4.0],"rotation":0,"texture":"#d1f765ac-08d9-4b45-bced-96d4248bee63","tintindex":0},"east":{"uv":[8.0,0.0,12.0,1.0],"rotation":0,"texture":"#d1f765ac-08d9-4b45-bced-96d4248bee63","tintindex":0},"north":{"uv":[0.0,0.0,0.0,1.0],"rotation":0,"texture":"#d1f765ac-08d9-4b45-bced-96d4248bee63","tintindex":0},"south":{"uv":[0.0,0.0,0.0,1.0],"rotation":0,"texture":"#d1f765ac-08d9-4b45-bced-96d4248bee63","tintindex":0},"up":{"uv":[0.0,4.0,0.0,0.0],"rotation":0,"texture":"#d1f765ac-08d9-4b45-bced-96d4248bee63","tintindex":0},"west":{"uv":[8.0,1.0,12.0,2.0],"rotation":0,"texture":"#d1f765ac-08d9-4b45-bced-96d4248bee63","tintindex":0}}},{"name":"cube","from":[3.995652,2.2478256,5.0],"to":[3.995652,4.047826,11.0],"rotation":{"angle":0.0,"axis":"x","origin":[8.195652,9.447826,8.0]},"faces":{"down":{"uv":[0.0,0.0,0.0,2.5],"rotation":0,"texture":"#d1f765ac-08d9-4b45-bced-96d4248bee63","tintindex":0},"east":{"uv":[11.25,6.75,13.75,7.5],"rotation":0,"texture":"#d1f765ac-08d9-4b45-bced-96d4248bee63","tintindex":0},"north":{"uv":[0.0,0.0,0.0,0.75],"rotation":0,"texture":"#d1f765ac-08d9-4b45-bced-96d4248bee63","tintindex":0},"south":{"uv":[0.0,0.0,0.0,0.75],"rotation":0,"texture":"#d1f765ac-08d9-4b45-bced-96d4248bee63","tintindex":0},"up":{"uv":[0.0,2.5,0.0,0.0],"rotation":0,"texture":"#d1f765ac-08d9-4b45-bced-96d4248bee63","tintindex":0},"west":{"uv":[11.5,10.75,14.0,11.5],"rotation":0,"texture":"#d1f765ac-08d9-4b45-bced-96d4248bee63","tintindex":0}}},{"name":"cube","from":[6.995652,2.2478256,12.8],"to":[12.395653,4.6478257,12.8],"rotation":{"angle":0.0,"axis":"x","origin":[8.195652,9.447826,8.0]},"faces":{"down":{"uv":[0.0,0.0,2.25,0.0],"rotation":0,"texture":"#d1f765ac-08d9-4b45-bced-96d4248bee63","tintindex":0},"east":{"uv":[0.0,0.0,0.0,1.0],"rotation":0,"texture":"#d1f765ac-08d9-4b45-bced-96d4248bee63","tintindex":0},"north":{"uv":[11.25,5.75,13.5,6.75],"rotation":0,"texture":"#d1f765ac-08d9-4b45-bced-96d4248bee63","tintindex":0},"south":{"uv":[11.5,11.5,13.75,12.5],"rotation":0,"texture":"#d1f765ac-08d9-4b45-bced-96d4248bee63","tintindex":0},"up":{"uv":[2.25,0.0,0.0,0.0],"rotation":0,"texture":"#d1f765ac-08d9-4b45-bced-96d4248bee63","tintindex":0},"west":{"uv":[0.0,0.0,0.0,1.0],"rotation":0,"texture":"#d1f765ac-08d9-4b45-bced-96d4248bee63","tintindex":0}}},{"name":"cube","from":[3.995652,2.2478256,11.0],"to":[6.995652,4.047826,11.0],"rotation":{"angle":0.0,"axis":"x","origin":[8.195652,9.447826,8.0]},"faces":{"down":{"uv":[0.0,0.0,1.25,0.0],"rotation":0,"texture":"#d1f765ac-08d9-4b45-bced-96d4248bee63","tintindex":0},"east":{"uv":[0.0,0.0,0.0,0.75],"rotation":0,"texture":"#d1f765ac-08d9-4b45-bced-96d4248bee63","tintindex":0},"north":{"uv":[13.75,11.5,15.0,12.25],"rotation":0,"texture":"#d1f765ac-08d9-4b45-bced-96d4248bee63","tintindex":0},"south":{"uv":[9.0,14.0,10.25,14.75],"rotation":0,"texture":"#d1f765ac-08d9-4b45-bced-96d4248bee63","tintindex":0},"up":{"uv":[1.25,0.0,0.0,0.0],"rotation":0,"texture":"#d1f765ac-08d9-4b45-bced-96d4248bee63","tintindex":0},"west":{"uv":[0.0,0.0,0.0,0.75],"rotation":0,"texture":"#d1f765ac-08d9-4b45-bced-96d4248bee63","tintindex":0}}},{"name":"cube","from":[3.995652,2.2478256,5.0],"to":[6.995652,4.047826,5.0],"rotation":{"angle":0.0,"axis":"x","origin":[8.195652,9.447826,8.0]},"faces":{"down":{"uv":[0.0,0.0,1.25,0.0],"rotation":0,"texture":"#d1f765ac-08d9-4b45-bced-96d4248bee63","tintindex":0},"east":{"uv":[0.0,0.0,0.0,0.75],"rotation":0,"texture":"#d1f765ac-08d9-4b45-bced-96d4248bee63","tintindex":0},"north":{"uv":[10.25,14.0,11.5,14.75],"rotation":0,"texture":"#d1f765ac-08d9-4b45-bced-96d4248bee63","tintindex":0},"south":{"uv":[11.5,14.0,12.75,14.75],"rotation":0,"texture":"#d1f765ac-08d9-4b45-bced-96d4248bee63","tintindex":0},"up":{"uv":[1.25,0.0,0.0,0.0],"rotation":0,"texture":"#d1f765ac-08d9-4b45-bced-96d4248bee63","tintindex":0},"west":{"uv":[0.0,0.0,0.0,0.75],"rotation":0,"texture":"#d1f765ac-08d9-4b45-bced-96d4248bee63","tintindex":0}}},{"name":"cube","from":[6.995652,2.2478256,3.1999998],"to":[12.395653,4.6478257,3.1999998],"rotation":{"angle":0.0,"axis":"x","origin":[8.195652,9.447826,8.0]},"faces":{"down":{"uv":[0.0,0.0,2.25,0.0],"rotation":0,"texture":"#d1f765ac-08d9-4b45-bced-96d4248bee63","tintindex":0},"east":{"uv":[0.0,0.0,0.0,1.0],"rotation":0,"texture":"#d1f765ac-08d9-4b45-bced-96d4248bee63","tintindex":0},"north":{"uv":[0.0,12.0,2.25,13.0],"rotation":0,"texture":"#d1f765ac-08d9-4b45-bced-96d4248bee63","tintindex":0},"south":{"uv":[2.25,12.0,4.5,13.0],"rotation":0,"texture":"#d1f765ac-08d9-4b45-bced-96d4248bee63","tintindex":0},"up":{"uv":[2.25,0.0,0.0,0.0],"rotation":0,"texture":"#d1f765ac-08d9-4b45-bced-96d4248bee63","tintindex":0},"west":{"uv":[0.0,0.0,0.0,1.0],"rotation":0,"texture":"#d1f765ac-08d9-4b45-bced-96d4248bee63","tintindex":0}}},{"name":"cube","from":[6.995652,2.2478256,3.1999998],"to":[6.995652,4.047826,5.0],"rotation":{"angle":0.0,"axis":"x","origin":[8.195652,9.447826,8.0]},"faces":{"down":{"uv":[0.0,0.0,0.0,0.75],"rotation":0,"texture":"#d1f765ac-08d9-4b45-bced-96d4248bee63","tintindex":0},"east":{"uv":[5.0,13.5,5.75,14.25],"rotation":0,"texture":"#d1f765ac-08d9-4b45-bced-96d4248bee63","tintindex":0},"north":{"uv":[0.0,0.0,0.0,0.75],"rotation":0,"texture":"#d1f765ac-08d9-4b45-bced-96d4248bee63","tintindex":0},"south":{"uv":[0.0,0.0,0.0,0.75],"rotation":0,"texture":"#d1f765ac-08d9-4b45-bced-96d4248bee63","tintindex":0},"up":{"uv":[0.0,0.75,0.0,0.0],"rotation":0,"texture":"#d1f765ac-08d9-4b45-bced-96d4248bee63","tintindex":0},"west":{"uv":[7.75,14.25,8.5,15.0],"rotation":0,"texture":"#d1f765ac-08d9-4b45-bced-96d4248bee63","tintindex":0}}},{"name":"cube","from":[6.995652,2.2478256,11.0],"to":[6.995652,4.047826,12.8],"rotation":{"angle":0.0,"axis":"x","origin":[8.195652,9.447826,8.0]},"faces":{"down":{"uv":[0.0,0.0,0.0,0.75],"rotation":0,"texture":"#d1f765ac-08d9-4b45-bced-96d4248bee63","tintindex":0},"east":{"uv":[14.25,3.75,15.0,4.5],"rotation":0,"texture":"#d1f765ac-08d9-4b45-bced-96d4248bee63","tintindex":0},"north":{"uv":[0.0,0.0,0.0,0.75],"rotation":0,"texture":"#d1f765ac-08d9-4b45-bced-96d4248bee63","tintindex":0},"south":{"uv":[0.0,0.0,0.0,0.75],"rotation":0,"texture":"#d1f765ac-08d9-4b45-bced-96d4248bee63","tintindex":0},"up":{"uv":[0.0,0.75,0.0,0.0],"rotation":0,"texture":"#d1f765ac-08d9-4b45-bced-96d4248bee63","tintindex":0},"west":{"uv":[14.25,7.25,15.0,8.0],"rotation":0,"texture":"#d1f765ac-08d9-4b45-bced-96d4248bee63","tintindex":0}}},{"name":"cube","from":[6.995652,2.2478256,3.1999998],"to":[12.395653,2.2478256,12.8],"rotation":{"angle":0.0,"axis":"x","origin":[8.195652,9.447826,8.0]},"faces":{"down":{"uv":[4.5,8.0,2.25,12.0],"rotation":0,"texture":"#d1f765ac-08d9-4b45-bced-96d4248bee63","tintindex":0},"east":{"uv":[0.0,0.0,4.0,0.0],"rotation":0,"texture":"#d1f765ac-08d9-4b45-bced-96d4248bee63","tintindex":0},