{"file_name":"goblin","texture_size":[64,64],"textures":{"c36b7adb-7178-2efb-01e1-8de6add24fb2":"modelengine:entity/goblin"},"elements":[{"name":"nohelmet","from":[6.2,11.166824,6.398192],"to":[9.8,15.366824,8.198193],"rotation":{"angle":0.0,"axis":"x","origin":[8.0,1.9999998,6.2]},"faces":{"down":{"uv":[2.75,8.75,4.25,9.5],"rotation":0,"texture":"#c36b7adb-7178-2efb-01e1-8de6add24fb2","tintindex":0},"east":{"uv":[8.25,2.25,9.0,4.0],"rotation":0,"texture":"#c36b7adb-7178-2efb-01e1-8de6add24fb2","tintindex":0},"north":{"uv":[1.5,6.75,3.0,8.5],"rotation":0,"texture":"#c36b7adb-7178-2efb-01e1-8de6add24fb2","tintindex":0},"south":{"uv":[6.75,2.25,8.25,4.0],"rotation":0,"texture":"#c36b7adb-7178-2efb-01e1-8de6add24fb2","tintindex":0},"up":{"uv":[4.25,2.75,2.75,2.0],"rotation":0,"texture":"#c36b7adb-7178-2efb-01e1-8de6add24fb2","tintindex":0},"west":{"uv":[1.0,8.5,1.75,10.25],"rotation":0,"texture":"#c36b7adb-7178-2efb-01e1-8de6add24fb2","tintindex":0}}},{"name":"nohelmet","from":[5.6,6.366824,5.1981916],"to":[10.4,11.166824,8.798192],"rotation":{"angle":0.0,"axis":"x","origin":[8.0,1.9999998,6.2]},"faces":{"down":{"uv":[4.0,6.0,6.0,7.5],"rotation":0,"texture":"#c36b7adb-7178-2efb-01e1-8de6add24fb2","tintindex":0},"east":{"uv":[4.75,1.25,6.25,3.25],"rotation":0,"texture":"#c36b7adb-7178-2efb-01e1-8de6add24fb2","tintindex":0},"north":{"uv":[2.75,2.75,4.75,4.75],"rotation":0,"texture":"#c36b7adb-7178-2efb-01e1-8de6add24fb2","tintindex":0},"south":{"uv":[2.75,0.0,4.75,2.0],"rotation":0,"texture":"#c36b7adb-7178-2efb-01e1-8de6add24fb2","tintindex":0},"up":{"uv":[6.75,4.75,4.75,3.25],"rotation":0,"texture":"#c36b7adb-7178-2efb-01e1-8de6add24fb2","tintindex":0},"west":{"uv":[0.0,6.0,1.5,8.0],"rotation":0,"texture":"#c36b7adb-7178-2efb-01e1-8de6add24fb2","tintindex":0}}}],"display":{"head":{"translation":[0.0,-6.4,0.0],"rotation":[0.0,0.0,0.0],"scale":[3.8095,3.8095,3.8095]},"gui":{"translation":[0.0,0.0,0.0],"rotation":[35.0,225.0,0.0],"scale":[0.625,0.625,0.625]}}}