{"file_name":"head","texture_size":[64,64],"textures":{"c36b7adb-7178-2efb-01e1-8de6add24fb2":"modelengine:entity/goblin"},"elements":[{"name":"nohelmet","from":[4.64,6.6383705,5.2556143],"to":[11.24,8.438371,7.655615],"rotation":{"angle":0.0,"axis":"x","origin":[8.0,-2.490036,7.0482883]},"faces":{"down":{"uv":[6.25,1.25,9.0,2.25],"rotation":0,"texture":"#c36b7adb-7178-2efb-01e1-8de6add24fb2","tintindex":0},"east":{"uv":[3.0,6.75,4.0,7.5],"rotation":0,"texture":"#c36b7adb-7178-2efb-01e1-8de6add24fb2","tintindex":0},"north":{"uv":[6.75,5.25,9.5,6.0],"rotation":0,"texture":"#c36b7adb-7178-2efb-01e1-8de6add24fb2","tintindex":0},"south":{"uv":[8.0,7.0,10.75,7.75],"rotation":0,"texture":"#c36b7adb-7178-2efb-01e1-8de6add24fb2","tintindex":0},"up":{"uv":[8.75,7.0,6.0,6.0],"rotation":0,"texture":"#c36b7adb-7178-2efb-01e1-8de6add24fb2","tintindex":0},"west":{"uv":[5.0,7.5,6.0,8.25],"rotation":0,"texture":"#c36b7adb-7178-2efb-01e1-8de6add24fb2","tintindex":0}}},{"name":"nohelmet","from":[4.64,8.438371,5.2556143],"to":[11.24,11.438371,10.055614],"rotation":{"angle":0.0,"axis":"x","origin":[8.0,-2.490036,7.0482883]},"faces":{"down":{"uv":[0.0,2.0,2.75,4.0],"rotation":0,"texture":"#c36b7adb-7178-2efb-01e1-8de6add24fb2","tintindex":0},"east":{"uv":[6.75,4.0,8.75,5.25],"rotation":0,"texture":"#c36b7adb-7178-2efb-01e1-8de6add24fb2","tintindex":0},"north":{"uv":[4.0,4.75,6.75,6.0],"rotation":0,"texture":"#c36b7adb-7178-2efb-01e1-8de6add24fb2","tintindex":0},"south":{"uv":[4.75,0.0,7.5,1.25],"rotation":0,"texture":"#c36b7adb-7178-2efb-01e1-8de6add24fb2","tintindex":0},"up":{"uv":[2.75,2.0,0.0,0.0],"rotation":0,"texture":"#c36b7adb-7178-2efb-01e1-8de6add24fb2","tintindex":0},"west":{"uv":[6.0,7.0,8.0,8.25],"rotation":0,"texture":"#c36b7adb-7178-2efb-01e1-8de6add24fb2","tintindex":0}}},{"name":"nohelmet","from":[7.04,7.6308846,2.4918525],"to":[8.84,10.240885,4.8918524],"rotation":{"angle":-22.5,"axis":"x","origin":[8.0,9.040885,3.0918527]},"faces":{"down":{"uv":[3.5,10.5,4.25,11.5],"rotation":0,"texture":"#c36b7adb-7178-2efb-01e1-8de6add24fb2","tintindex":0},"east":{"uv":[8.75,4.0,9.75,5.0],"rotation":0,"texture":"#c36b7adb-7178-2efb-01e1-8de6add24fb2","tintindex":0},"north":{"uv":[8.0,10.25,8.75,11.25],"rotation":0,"texture":"#c36b7adb-7178-2efb-01e1-8de6add24fb2","tintindex":0},"south":{"uv":[8.75,10.25,9.5,11.25],"rotation":0,"texture":"#c36b7adb-7178-2efb-01e1-8de6add24fb2","tintindex":0},"up":{"uv":[3.5,11.5,2.75,10.5],"rotation":0,"texture":"#c36b7adb-7178-2efb-01e1-8de6add24fb2","tintindex":0},"west":{"uv":[8.75,6.0,9.75,7.0],"rotation":0,"texture":"#c36b7adb-7178-2efb-01e1-8de6add24fb2","tintindex":0}}},{"name":"nohelmet","from":[7.04,8.438371,4.2956147],"to":[8.84,10.838371,5.495615],"rotation":{"angle":0.0,"axis":"x","origin":[8.0,-2.490036,7.0482883]},"faces":{"down":{"uv":[11.5,2.75,12.25,3.25],"rotation":0,"texture":"#c36b7adb-7178-2efb-01e1-8de6add24fb2","tintindex":0},"east":{"uv":[6.25,2.25,6.75,3.25],"rotation":0,"texture":"#c36b7adb-7178-2efb-01e1-8de6add24fb2","tintindex":0},"north":{"uv":[4.25,10.5,5.0,11.5],"rotation":0,"texture":"#c36b7adb-7178-2efb-01e1-8de6add24fb2","tintindex":0},"south":{"uv":[5.0,10.5,5.75,11.5],"rotation":0,"texture":"#c36b7adb-7178-2efb-01e1-8de6add24fb2","tintindex":0},"up":{"uv":[12.25,1.75,11.5,1.25],"rotation":0,"texture":"#c36b7adb-7178-2efb-01e1-8de6add24fb2","tintindex":0},"west":{"uv":[3.75,11.5,4.25,12.5],"rotation":0,"texture":"#c36b7adb-7178-2efb-01e1-8de6add24fb2","tintindex":0}}},{"name":"nohelmet","from":[10.815735,8.438371,8.679875],"to":[11.415734,11.438371,13.479876],"rotation":{"angle":45.0,"axis":"y","origin":[10.815735,9.398371,8.679875]},"faces":{"down":{"uv":[4.5,11.5,4.75,13.5],"rotation":0,"texture":"#c36b7adb-7178-2efb-01e1-8de6add24fb2","tintindex":0},"east":{"uv":[3.0,7.5,5.0,8.75],"rotation":0,"texture":"#c36b7adb-7178-2efb-01e1-8de6add24fb2","tintindex":0},"north":{"uv":[10.75,3.0,11.0,4.25],"rotation":0,"texture":"#c36b7adb-7178-2efb-01e1-8de6add24fb2","tintindex":0},"south":{"uv":[11.5,3.25,11.75,4.5],"rotation":0,"texture":"#c36b7adb-7178-2efb-01e1-8de6add24fb2","tintindex":0},"up":{"uv":[4.5,13.5,4.25,11.5],"rotation":0,"texture":"#c36b7adb-7178-2efb-01e1-8de6add24fb2","tintindex":0},"west":{"uv":[7.5,0.0,9.5,1.25],"rotation":0,"texture":"#c36b7adb-7178-2efb-01e1-8de6add24fb2","tintindex":0}}},{"name":"nohelmet","from":[4.5842657,8.438371,8.679875],"to":[5.1842656,11.438371,13.479876],"rotation":{"angle":-45.0,"axis":"y","origin":[5.1842656,9.398371,8.679875]},"faces":{"down":{"uv":[9.5,11.75,9.75,13.75],"rotation":0,"texture":"#c36b7adb-7178-2efb-01e1-8de6add24fb2","tintindex":0},"east":{"uv":[8.0,8.0,10.0,9.25],"rotation":0,"texture":"#c36b7adb-7178-2efb-01e1-8de6add24fb2","tintindex":0},"north":{"uv":[10.25,11.75,10.5,13.0],"rotation":0,"texture":"#c36b7adb-7178-2efb-01e1-8de6add24fb2","tintindex":0},"south":{"uv":[10.5,11.75,10.75,13.0],"rotation":0,"texture":"#c36b7adb-7178-2efb-01e1-8de6add24fb2","tintindex":0},"up":{"uv":[8.0,13.5,7.75,11.5],"rotation":0,"texture":"#c36b7adb-7178-2efb-01e1-8de6add24fb2","tintindex":0},"west":{"uv":[5.0,8.25,7.0,9.5],"rotation":0,"texture":"#c36b7adb-7178-2efb-01e1-8de6add24fb2","tintindex":0}}}],"display":{"head":{"translation":[0.0,-6.4,0.0],"rotation":[0.0,0.0,0.0],"scale":[3.8095,3.8095,3.8095]},"gui":{"translation":[0.0,0.0,0.0],"rotation":[35.0,225.0,0.0],"scale":[0.625,0.625,0.625]}}}