{"file_name":"banshee","texture_size":[64,64],"textures":{"0c7f8abc-ef83-3162-e898-e5bf21ac9cf4":"modelengine:entity/banshee"},"elements":[{"name":"banshee","from":[8.6,5.0,-0.40000033],"to":[10.4,8.0,1.3999997],"rotation":{"angle":0.0,"axis":"x","origin":[8.0,-1.0000005,8.0]},"faces":{"down":{"uv":[5.75,12.5,6.5,13.25],"rotation":0,"texture":"#0c7f8abc-ef83-3162-e898-e5bf21ac9cf4","tintindex":0},"east":{"uv":[9.75,5.5,10.5,6.75],"rotation":0,"texture":"#0c7f8abc-ef83-3162-e898-e5bf21ac9cf4","tintindex":0},"north":{"uv":[4.25,12.5,5.0,13.75],"rotation":0,"texture":"#0c7f8abc-ef83-3162-e898-e5bf21ac9cf4","tintindex":0},"south":{"uv":[12.0,4.0,12.75,5.25],"rotation":0,"texture":"#0c7f8abc-ef83-3162-e898-e5bf21ac9cf4","tintindex":0},"up":{"uv":[5.75,13.25,5.0,12.5],"rotation":0,"texture":"#0c7f8abc-ef83-3162-e898-e5bf21ac9cf4","tintindex":0},"west":{"uv":[3.5,12.5,4.25,13.75],"rotation":0,"texture":"#0c7f8abc-ef83-3162-e898-e5bf21ac9cf4","tintindex":0}}},{"name":"banshee","from":[3.7999997,-1.0000005,3.7999997],"to":[12.2,18.2,12.2],"rotation":{"angle":0.0,"axis":"x","origin":[8.0,-1.0000005,8.0]},"faces":{"down":{"uv":[7.0,0.0,10.5,3.5],"rotation":0,"texture":"#0c7f8abc-ef83-3162-e898-e5bf21ac9cf4","tintindex":0},"east":{"uv":[0.0,0.0,3.5,8.0],"rotation":0,"texture":"#0c7f8abc-ef83-3162-e898-e5bf21ac9cf4","tintindex":0},"north":{"uv":[0.0,8.0,3.5,16.0],"rotation":0,"texture":"#0c7f8abc-ef83-3162-e898-e5bf21ac9cf4","tintindex":0},"south":{"uv":[3.5,3.5,7.0,11.5],"rotation":0,"texture":"#0c7f8abc-ef83-3162-e898-e5bf21ac9cf4","tintindex":0},"up":{"uv":[7.0,3.5,3.5,0.0],"rotation":0,"texture":"#0c7f8abc-ef83-3162-e898-e5bf21ac9cf4","tintindex":0},"west":{"uv":[7.0,7.0,10.5,15.0],"rotation":0,"texture":"#0c7f8abc-ef83-3162-e898-e5bf21ac9cf4","tintindex":0}}},{"name":"banshee","from":[9.2,8.6,-0.40000033],"to":[11.6,11.0,6.2],"rotation":{"angle":0.0,"axis":"x","origin":[8.0,-1.0000005,8.0]},"faces":{"down":{"uv":[11.0,3.0,13.75,4.0],"rotation":0,"texture":"#0c7f8abc-ef83-3162-e898-e5bf21ac9cf4","tintindex":0},"east":{"uv":[7.0,5.5,9.75,6.5],"rotation":0,"texture":"#0c7f8abc-ef83-3162-e898-e5bf21ac9cf4","tintindex":0},"north":{"uv":[3.5,11.5,4.5,12.5],"rotation":0,"texture":"#0c7f8abc-ef83-3162-e898-e5bf21ac9cf4","tintindex":0},"south":{"uv":[11.0,4.0,12.0,5.0],"rotation":0,"texture":"#0c7f8abc-ef83-3162-e898-e5bf21ac9cf4","tintindex":0},"up":{"uv":[13.25,10.5,10.5,9.5],"rotation":0,"texture":"#0c7f8abc-ef83-3162-e898-e5bf21ac9cf4","tintindex":0},"west":{"uv":[10.5,2.0,13.25,3.0],"rotation":0,"texture":"#0c7f8abc-ef83-3162-e898-e5bf21ac9cf4","tintindex":0}}},{"name":"banshee","from":[9.8,8.0,0.19999981],"to":[10.4,9.2,0.7999997],"rotation":{"angle":0.0,"axis":"x","origin":[8.0,-1.0000005,8.0]},"faces":{"down":{"uv":[10.0,6.75,10.25,7.0],"rotation":0,"texture":"#0c7f8abc-ef83-3162-e898-e5bf21ac9cf4","tintindex":0},"east":{"uv":[9.0,6.5,9.25,7.0],"rotation":0,"texture":"#0c7f8abc-ef83-3162-e898-e5bf21ac9cf4","tintindex":0},"north":{"uv":[10.5,3.0,10.75,3.5],"rotation":0,"texture":"#0c7f8abc-ef83-3162-e898-e5bf21ac9cf4","tintindex":0},"south":{"uv":[9.25,6.5,9.5,7.0],"rotation":0,"texture":"#0c7f8abc-ef83-3162-e898-e5bf21ac9cf4","tintindex":0},"up":{"uv":[10.0,7.0,9.75,6.75],"rotation":0,"texture":"#0c7f8abc-ef83-3162-e898-e5bf21ac9cf4","tintindex":0},"west":{"uv":[9.5,6.5,9.75,7.0],"rotation":0,"texture":"#0c7f8abc-ef83-3162-e898-e5bf21ac9cf4","tintindex":0}}},{"name":"banshee","from":[8.6,8.0,0.19999981],"to":[9.2,9.2,0.7999997],"rotation":{"angle":0.0,"axis":"x","origin":[8.0,-1.0000005,8.0]},"faces":{"down":{"uv":[6.75,11.5,7.0,11.75],"rotation":0,"texture":"#0c7f8abc-ef83-3162-e898-e5bf21ac9cf4","tintindex":0},"east":{"uv":[10.75,3.0,11.0,3.5],"rotation":0,"texture":"#0c7f8abc-ef83-3162-e898-e5bf21ac9cf4","tintindex":0},"north":{"uv":[6.5,11.5,6.75,12.0],"rotation":0,"texture":"#0c7f8abc-ef83-3162-e898-e5bf21ac9cf4","tintindex":0},"south":{"uv":[11.0,5.0,11.25,5.5],"rotation":0,"texture":"#0c7f8abc-ef83-3162-e898-e5bf21ac9cf4","tintindex":0},"up":{"uv":[10.5,7.0,10.25,6.75],"rotation":0,"texture":"#0c7f8abc-ef83-3162-e898-e5bf21ac9cf4","tintindex":0},"west":{"uv":[11.25,5.0,11.5,5.5],"rotation":0,"texture":"#0c7f8abc-ef83-3162-e898-e5bf21ac9cf4","tintindex":0}}},{"name":"banshee","from":[9.2,8.6,0.19999981],"to":[9.8,9.2,0.7999997],"rotation":{"angle":0.0,"axis":"x","origin":[8.0,-1.0000005,8.0]},"faces":{"down":{"uv":[6.5,12.0,6.75,12.25],"rotation":0,"texture":"#0c7f8abc-ef83-3162-e898-e5bf21ac9cf4","tintindex":0},"east":{"uv":[11.5,5.0,11.75,5.25],"rotation":0,"texture":"#0c7f8abc-ef83-3162-e898-e5bf21ac9cf4","tintindex":0},"north":{"uv":[11.75,5.0,12.0,5.25],"rotation":0,"texture":"#0c7f8abc-ef83-3162-e898-e5bf21ac9cf4","tintindex":0},"south":{"uv":[11.5,5.25,11.75,5.5],"rotation":0,"texture":"#0c7f8abc-ef83-3162-e898-e5bf21ac9cf4","tintindex":0},"up":{"uv":[12.0,5.5,11.75,5.25],"rotation":0,"texture":"#0c7f8abc-ef83-3162-e898-e5bf21ac9cf4","tintindex":0},"west":{"uv":[6.75,11.75,7.0,12.0],"rotation":0,"texture":"#0c7f8abc-ef83-3162-e898-e5bf21ac9cf4","tintindex":0}}},{"name":"banshee","from":[8.3,4.3999996,-0.7000003],"to":[10.700001,5.0,1.6999998],"rotation":{"angle":0.0,"axis":"x","origin":[8.0,-1.0000005,8.0]},"faces":{"down":{"uv":[5.5,11.5,6.5,12.5],"rotation":0,"texture":"#0c7f8abc-ef83-3162-e898-e5bf21ac9cf4","tintindex":0},"east":{"uv":[7.0,6.5,8.0,6.75],"rotation":0,"texture":"#0c7f8abc-ef83-3162-e898-e5bf21ac9cf4","tintindex":0},"north":{"uv":[8.0,6.75,9.0,7.0],"rotation":0,"texture":"#0c7f8abc-ef83-3162-e898-e5bf21ac9cf4","tintindex":0},"south":{"uv":[7.0,6.75,8.0,7.0],"rotation":0,"texture":"#0c7f8abc-ef83-3162-e898-e5bf21ac9cf4","tintindex":0},"up":{"uv":[5.5,12.5,4.5,11.5],"rotation":0,"texture":"#0c7f8abc-ef83-3162-e898-e5bf21ac9cf4","tintindex":0},"west":{"uv":[8.0,6.5,9.0,6.75],"rotation":0,"texture":"#0c7f8abc-ef83-3162-e898-e5bf21ac9cf4","tintindex":0}}},{"name":"banshee","from":[5.6,12.8,4.5499997],"to":[10.4,17.6,9.35],"rotation":{"angle":0.0,"axis":"x","origin":[8.0,-1.0000005,8.0]},"faces":{"down":{"uv":[14.0,12.0,16.0,14.0],"rotation":0,"texture":"#0c7f8abc-ef83-3162-e898-e5bf21ac9cf4","tintindex":0},"east":{"uv":[12.0,12.0,14.0,14.0],"rotation":0,"texture":"#0c7f8abc-ef83-3162-e898-e5bf21ac9cf4","tintindex":0},"north":{"uv":[14.0,10.0,16.0,12.0],"rotation":0,"texture":"#0c7f8abc-ef83-3162-e898-e5bf21ac9cf4","tintindex":0},"south":{"uv":[12.0,14.0,14.0,16.0],"rotation":0,"texture":"#0c7f8abc-ef83-3162-e898-e5bf21ac9cf4","tintindex":0},"up":{"uv":[16.0,10.0,14.0,8.0],"rotation":0,"texture":"#0c7f8abc-ef83-3162-e898-e5bf21ac9cf4","tintindex":0},"west":{"uv":[14.0,14.0,16.0,16.0],"rotation":0,"texture":"#0c7f8abc-ef83-3162-e898-e5bf21ac9cf4","tintindex":0}}},{"name":"banshee","from":[12.2,-1.0000005,3.7999997],"to":[13.400001,18.2,12.2],"rotation":{"angle":0.0,"axis":"x","origin":[8.0,-1.0000005,8.0]},"faces":{"down":{"uv":[14.0,0.0,10.5,0.5],"rotation":0,"texture":"#0c7f8abc-ef83-3162-e898-e5bf21ac9cf4","tintindex":0},"east":{"uv":[7.0,0.0,10.5,3.5],"rotation":0,"texture":"#0c7f8abc-ef83-3162-e898-e5bf21ac9cf4","tintindex":0},"north":{"uv":[15.5,0.0,16.0,8.0],"rotation":0,"texture":"#0c7f8abc-ef83-3162-e898-e5bf21ac9cf4","tintindex":0},"south":{"uv":[15.5,0.0,16.0,8.0],"rotation":0,"texture":"#0c7f8abc-ef83-3162-e898-e5bf21ac9cf4","tintindex":0},"up":{"uv":[12.5,0.0,16.0,0.5],"rotation":0,"texture":"#0c7f8abc-ef83-3162-e898-e5bf21ac9cf4","tintindex":0},"west":{"uv":[3.5,0.0,0.0,8.0],"rotation":0,"texture":"#0c7f8abc-ef83-3162-e898-e5bf21ac9cf4","tintindex":0}}},{"name":"banshee","from":[2.6,-1.0000005,3.7999997],"to":[3.7999997,18.2,12.2],"rotation":{"angle":0.0,"axis":"x","origin":[8.0,-1.0000005,8.0]},"faces":{"down":{"uv":[14.0,0.5,10.5,0.0],"rotation":0,"texture":"#0c7f8abc-ef83-3162-e898-e5bf21ac9cf4","tintindex":0},"east":{"uv":[10.5,7.0,7.0,15.0],"rotation":0,"texture":"#0c7f8abc-ef83-3162-e898-e5bf21ac9cf4","tintindex":0},"north":{"uv":[16.0,0.0,15.5,8.0],"rotation":0,"texture":"#0c7f8abc-ef83-3162-e898-e5bf21ac9cf4",