{"file_name":"tumbleweed","texture_size":[64,64],"textures":{"cd22a0dc-4b14-fe82-ffce-4f1137962755":"modelengine:entity/tumbleweed"},"elements":[{"name":"cube","from":[4.3999996,5.0,3.7999997],"to":[11.6,11.0,3.7999997],"rotation":{"angle":0.0,"axis":"x","origin":[8.0,2.6,7.4]},"faces":{"down":{"uv":[3.0,0.0,0.0,0.0],"rotation":0,"texture":"#cd22a0dc-4b14-fe82-ffce-4f1137962755","tintindex":0},"east":{"uv":[0.0,0.0,0.0,2.5],"rotation":0,"texture":"#cd22a0dc-4b14-fe82-ffce-4f1137962755","tintindex":0},"north":{"uv":[3.0,4.5,6.0,7.0],"rotation":0,"texture":"#cd22a0dc-4b14-fe82-ffce-4f1137962755","tintindex":0},"south":{"uv":[3.0,4.5,6.0,7.0],"rotation":0,"texture":"#cd22a0dc-4b14-fe82-ffce-4f1137962755","tintindex":0},"up":{"uv":[0.0,0.0,3.0,0.0],"rotation":0,"texture":"#cd22a0dc-4b14-fe82-ffce-4f1137962755","tintindex":0},"west":{"uv":[0.0,0.0,0.0,2.5],"rotation":0,"texture":"#cd22a0dc-4b14-fe82-ffce-4f1137962755","tintindex":0}}},{"name":"cube","from":[12.2,5.0,4.3999996],"to":[12.2,11.0,11.6],"rotation":{"angle":0.0,"axis":"x","origin":[8.6,2.6,8.0]},"faces":{"down":{"uv":[3.0,0.0,0.0,0.0],"rotation":270,"texture":"#cd22a0dc-4b14-fe82-ffce-4f1137962755","tintindex":0},"east":{"uv":[3.0,4.5,6.0,7.0],"rotation":0,"texture":"#cd22a0dc-4b14-fe82-ffce-4f1137962755","tintindex":0},"north":{"uv":[0.0,0.0,0.0,2.5],"rotation":0,"texture":"#cd22a0dc-4b14-fe82-ffce-4f1137962755","tintindex":0},"south":{"uv":[0.0,0.0,0.0,2.5],"rotation":0,"texture":"#cd22a0dc-4b14-fe82-ffce-4f1137962755","tintindex":0},"up":{"uv":[0.0,0.0,3.0,0.0],"rotation":90,"texture":"#cd22a0dc-4b14-fe82-ffce-4f1137962755","tintindex":0},"west":{"uv":[3.0,4.5,6.0,7.0],"rotation":0,"texture":"#cd22a0dc-4b14-fe82-ffce-4f1137962755","tintindex":0}}},{"name":"cube","from":[4.3999996,5.0,12.2],"to":[11.6,11.0,12.2],"rotation":{"angle":0.0,"axis":"x","origin":[8.0,2.6,8.6]},"faces":{"down":{"uv":[0.0,0.0,3.0,0.0],"rotation":0,"texture":"#cd22a0dc-4b14-fe82-ffce-4f1137962755","tintindex":0},"east":{"uv":[0.0,0.0,0.0,2.5],"rotation":0,"texture":"#cd22a0dc-4b14-fe82-ffce-4f1137962755","tintindex":0},"north":{"uv":[3.0,4.5,6.0,7.0],"rotation":0,"texture":"#cd22a0dc-4b14-fe82-ffce-4f1137962755","tintindex":0},"south":{"uv":[3.0,4.5,6.0,7.0],"rotation":0,"texture":"#cd22a0dc-4b14-fe82-ffce-4f1137962755","tintindex":0},"up":{"uv":[3.0,0.0,0.0,0.0],"rotation":0,"texture":"#cd22a0dc-4b14-fe82-ffce-4f1137962755","tintindex":0},"west":{"uv":[0.0,0.0,0.0,2.5],"rotation":0,"texture":"#cd22a0dc-4b14-fe82-ffce-4f1137962755","tintindex":0}}},{"name":"cube","from":[3.7999997,5.0,4.3999996],"to":[3.7999997,11.0,11.6],"rotation":{"angle":0.0,"axis":"x","origin":[7.4,2.6,8.0]},"faces":{"down":{"uv":[0.0,0.0,3.0,0.0],"rotation":270,"texture":"#cd22a0dc-4b14-fe82-ffce-4f1137962755","tintindex":0},"east":{"uv":[3.0,4.5,6.0,7.0],"rotation":0,"texture":"#cd22a0dc-4b14-fe82-ffce-4f1137962755","tintindex":0},"north":{"uv":[0.0,0.0,0.0,2.5],"rotation":0,"texture":"#cd22a0dc-4b14-fe82-ffce-4f1137962755","tintindex":0},"south":{"uv":[0.0,0.0,0.0,2.5],"rotation":0,"texture":"#cd22a0dc-4b14-fe82-ffce-4f1137962755","tintindex":0},"up":{"uv":[3.0,0.0,0.0,0.0],"rotation":90,"texture":"#cd22a0dc-4b14-fe82-ffce-4f1137962755","tintindex":0},"west":{"uv":[3.0,4.5,6.0,7.0],"rotation":0,"texture":"#cd22a0dc-4b14-fe82-ffce-4f1137962755","tintindex":0}}},{"name":"cube","from":[4.3999996,10.121321,5.92132],"to":[11.6,14.321321,5.92132],"rotation":{"angle":45.0,"axis":"x","origin":[8.0,13.121321,5.92132]},"faces":{"down":{"uv":[3.0,0.0,0.0,0.0],"rotation":0,"texture":"#cd22a0dc-4b14-fe82-ffce-4f1137962755","tintindex":0},"east":{"uv":[0.0,0.0,0.0,1.75],"rotation":0,"texture":"#cd22a0dc-4b14-fe82-ffce-4f1137962755","tintindex":0},"north":{"uv":[6.0,6.25,9.0,8.0],"rotation":0,"texture":"#cd22a0dc-4b14-fe82-ffce-4f1137962755","tintindex":0},"south":{"uv":[6.0,6.25,9.0,8.0],"rotation":0,"texture":"#cd22a0dc-4b14-fe82-ffce-4f1137962755","tintindex":0},"up":{"uv":[0.0,0.0,3.0,0.0],"rotation":0,"texture":"#cd22a0dc-4b14-fe82-ffce-4f1137962755","tintindex":0},"west":{"uv":[0.0,0.0,0.0,1.75],"rotation":0,"texture":"#cd22a0dc-4b14-fe82-ffce-4f1137962755","tintindex":0}}},{"name":"cube","from":[10.07868,10.121321,4.3999996],"to":[10.07868,14.321321,11.6],"rotation":{"angle":45.0,"axis":"z","origin":[10.07868,13.121321,8.0]},"faces":{"down":{"uv":[3.0,0.0,0.0,0.0],"rotation":270,"texture":"#cd22a0dc-4b14-fe82-ffce-4f1137962755","tintindex":0},"east":{"uv":[6.0,6.25,9.0,8.0],"rotation":0,"texture":"#cd22a0dc-4b14-fe82-ffce-4f1137962755","tintindex":0},"north":{"uv":[0.0,0.0,0.0,1.75],"rotation":0,"texture":"#cd22a0dc-4b14-fe82-ffce-4f1137962755","tintindex":0},"south":{"uv":[0.0,0.0,0.0,1.75],"rotation":0,"texture":"#cd22a0dc-4b14-fe82-ffce-4f1137962755","tintindex":0},"up":{"uv":[0.0,0.0,3.0,0.0],"rotation":90,"texture":"#cd22a0dc-4b14-fe82-ffce-4f1137962755","tintindex":0},"west":{"uv":[6.0,6.25,9.0,8.0],"rotation":0,"texture":"#cd22a0dc-4b14-fe82-ffce-4f1137962755","tintindex":0}}},{"name":"cube","from":[4.3999996,10.121321,10.07868],"to":[11.6,14.321321,10.07868],"rotation":{"angle":-45.0,"axis":"x","origin":[8.0,13.121321,10.07868]},"faces":{"down":{"uv":[0.0,0.0,3.0,0.0],"rotation":0,"texture":"#cd22a0dc-4b14-fe82-ffce-4f1137962755","tintindex":0},"east":{"uv":[0.0,0.0,0.0,1.75],"rotation":0,"texture":"#cd22a0dc-4b14-fe82-ffce-4f1137962755","tintindex":0},"north":{"uv":[6.0,6.25,9.0,8.0],"rotation":0,"texture":"#cd22a0dc-4b14-fe82-ffce-4f1137962755","tintindex":0},"south":{"uv":[6.0,6.25,9.0,8.0],"rotation":0,"texture":"#cd22a0dc-4b14-fe82-ffce-4f1137962755","tintindex":0},"up":{"uv":[3.0,0.0,0.0,0.0],"rotation":0,"texture":"#cd22a0dc-4b14-fe82-ffce-4f1137962755","tintindex":0},"west":{"uv":[0.0,0.0,0.0,1.75],"rotation":0,"texture":"#cd22a0dc-4b14-fe82-ffce-4f1137962755","tintindex":0}}},{"name":"cube","from":[5.92132,10.121321,4.3999996],"to":[5.92132,14.321321,11.6],"rotation":{"angle":-45.0,"axis":"z","origin":[5.92132,13.121321,8.0]},"faces":{"down":{"uv":[0.0,0.0,3.0,0.0],"rotation":270,"texture":"#cd22a0dc-4b14-fe82-ffce-4f1137962755","tintindex":0},"east":{"uv":[6.0,6.25,9.0,8.0],"rotation":0,"texture":"#cd22a0dc-4b14-fe82-ffce-4f1137962755","tintindex":0},"north":{"uv":[0.0,0.0,0.0,1.75],"rotation":0,"texture":"#cd22a0dc-4b14-fe82-ffce-4f1137962755","tintindex":0},"south":{"uv":[0.0,0.0,0.0,1.75],"rotation":0,"texture":"#cd22a0dc-4b14-fe82-ffce-4f1137962755","tintindex":0},"up":{"uv":[3.0,0.0,0.0,0.0],"rotation":90,"texture":"#cd22a0dc-4b14-fe82-ffce-4f1137962755","tintindex":0},"west":{"uv":[6.0,6.25,9.0,8.0],"rotation":0,"texture":"#cd22a0dc-4b14-fe82-ffce-4f1137962755","tintindex":0}}},{"name":"cube","from":[4.3999996,1.6786793,5.92132],"to":[11.6,5.8786793,5.92132],"rotation":{"angle":-45.0,"axis":"x","origin":[8.0,2.8786795,5.92132]},"faces":{"down":{"uv":[3.0,0.0,0.0,0.0],"rotation":0,"texture":"#cd22a0dc-4b14-fe82-ffce-4f1137962755","tintindex":0},"east":{"uv":[0.0,0.0,0.0,1.75],"rotation":0,"texture":"#cd22a0dc-4b14-fe82-ffce-4f1137962755","tintindex":0},"north":{"uv":[3.0,7.0,6.0,8.75],"rotation":0,"texture":"#cd22a0dc-4b14-fe82-ffce-4f1137962755","tintindex":0},"south":{"uv":[3.0,7.0,6.0,8.75],"rotation":0,"texture":"#cd22a0dc-4b14-fe82-ffce-4f1137962755","tintindex":0},"up":{"uv":[0.0,0.0,3.0,0.0],"rotation":0,"texture":"#cd22a0dc-4b14-fe82-ffce-4f1137962755","tintindex":0},"west":{"uv":[0.0,0.0,0.0,1.75],"rotation":0,"texture":"#cd22a0dc-4b14-fe82-ffce-4f1137962755","tintindex":0}}},{"name":"cube","from":[10.07868,1.6786793,4.3999996],"to":[10.07868,5.8786793,11.6],"rotation":{"angle":-45.0,"axis":"z","origin":[10.07868,2.8786795,8.0]},"faces":{"down":{"uv":[3.0,0.0,0.0,0.0],"rotation":270,"texture":"#cd22a0dc-4b14-fe82-ffce-4f1137962755","tintindex":0},"east":{"uv":[3.0,7.0,6.0,8.75],"rotation":0,"texture":"#cd22a0dc-4b14-fe82-ffce-4f1137962755","tintindex":0},"north":{"uv":[0.0,0.0,0.0,1.75],"rotation":0,"texture":"#cd22a0dc-4b14-fe82-ffce-4f1137962755","tintindex":0},"south":{"uv":[0.0,0.0,0.0,1.75],"rotation":0,