{"file_name":"bone2","texture_size":[64,64],"textures":{"d06328a3-3afe-e99e-5389-0169b864e3e0":"modelengine:entity/dirtdevil"},"elements":[{"name":"cube","from":[1.3999997,8.0,11.215141],"to":[14.6,16.400002,11.215141],"rotation":{"angle":0.0,"axis":"x","origin":[8.0,8.0,11.215141]},"faces":{"down":{"uv":[0.0,0.0,0.0,5.5],"rotation":270,"texture":"#d06328a3-3afe-e99e-5389-0169b864e3e0","tintindex":0},"east":{"uv":[0.0,0.0,0.0,3.5],"rotation":0,"texture":"#d06328a3-3afe-e99e-5389-0169b864e3e0","tintindex":0},"north":{"uv":[11.0,3.5,5.5,7.0],"rotation":0,"texture":"#d06328a3-3afe-e99e-5389-0169b864e3e0","tintindex":0},"south":{"uv":[11.0,3.5,5.5,7.0],"rotation":0,"texture":"#d06328a3-3afe-e99e-5389-0169b864e3e0","tintindex":0},"up":{"uv":[0.0,5.5,0.0,0.0],"rotation":90,"texture":"#d06328a3-3afe-e99e-5389-0169b864e3e0","tintindex":0},"west":{"uv":[0.0,0.0,0.0,3.5],"rotation":0,"texture":"#d06328a3-3afe-e99e-5389-0169b864e3e0","tintindex":0}}},{"name":"cube","from":[11.215141,8.0,1.3999997],"to":[11.215141,16.400002,14.6],"rotation":{"angle":0.0,"axis":"x","origin":[11.215141,8.0,8.0]},"faces":{"down":{"uv":[0.0,5.5,0.0,0.0],"rotation":0,"texture":"#d06328a3-3afe-e99e-5389-0169b864e3e0","tintindex":0},"east":{"uv":[5.5,3.5,11.0,7.0],"rotation":0,"texture":"#d06328a3-3afe-e99e-5389-0169b864e3e0","tintindex":0},"north":{"uv":[0.0,0.0,0.0,3.5],"rotation":0,"texture":"#d06328a3-3afe-e99e-5389-0169b864e3e0","tintindex":0},"south":{"uv":[0.0,0.0,0.0,3.5],"rotation":0,"texture":"#d06328a3-3afe-e99e-5389-0169b864e3e0","tintindex":0},"up":{"uv":[0.0,0.0,0.0,5.5],"rotation":0,"texture":"#d06328a3-3afe-e99e-5389-0169b864e3e0","tintindex":0},"west":{"uv":[5.5,3.5,11.0,7.0],"rotation":0,"texture":"#d06328a3-3afe-e99e-5389-0169b864e3e0","tintindex":0}}},{"name":"cube","from":[1.3999997,8.0,4.7848587],"to":[14.6,16.400002,4.7848587],"rotation":{"angle":0.0,"axis":"x","origin":[8.0,8.0,4.7848587]},"faces":{"down":{"uv":[0.0,5.5,0.0,0.0],"rotation":270,"texture":"#d06328a3-3afe-e99e-5389-0169b864e3e0","tintindex":0},"east":{"uv":[0.0,0.0,0.0,3.5],"rotation":0,"texture":"#d06328a3-3afe-e99e-5389-0169b864e3e0","tintindex":0},"north":{"uv":[11.0,3.5,5.5,7.0],"rotation":0,"texture":"#d06328a3-3afe-e99e-5389-0169b864e3e0","tintindex":0},"south":{"uv":[11.0,3.5,5.5,7.0],"rotation":0,"texture":"#d06328a3-3afe-e99e-5389-0169b864e3e0","tintindex":0},"up":{"uv":[0.0,0.0,0.0,5.5],"rotation":90,"texture":"#d06328a3-3afe-e99e-5389-0169b864e3e0","tintindex":0},"west":{"uv":[0.0,0.0,0.0,3.5],"rotation":0,"texture":"#d06328a3-3afe-e99e-5389-0169b864e3e0","tintindex":0}}},{"name":"cube","from":[4.7848587,8.0,1.3999997],"to":[4.7848587,16.400002,14.6],"rotation":{"angle":0.0,"axis":"x","origin":[4.7848587,8.0,8.0]},"faces":{"down":{"uv":[0.0,0.0,0.0,5.5],"rotation":0,"texture":"#d06328a3-3afe-e99e-5389-0169b864e3e0","tintindex":0},"east":{"uv":[5.5,3.5,11.0,7.0],"rotation":0,"texture":"#d06328a3-3afe-e99e-5389-0169b864e3e0","tintindex":0},"north":{"uv":[0.0,0.0,0.0,3.5],"rotation":0,"texture":"#d06328a3-3afe-e99e-5389-0169b864e3e0","tintindex":0},"south":{"uv":[0.0,0.0,0.0,3.5],"rotation":0,"texture":"#d06328a3-3afe-e99e-5389-0169b864e3e0","tintindex":0},"up":{"uv":[0.0,5.5,0.0,0.0],"rotation":0,"texture":"#d06328a3-3afe-e99e-5389-0169b864e3e0","tintindex":0},"west":{"uv":[5.5,3.5,11.0,7.0],"rotation":0,"texture":"#d06328a3-3afe-e99e-5389-0169b864e3e0","tintindex":0}}}],"display":{"head":{"translation":[0.0,-6.4,0.0],"rotation":[0.0,0.0,0.0],"scale":[3.8095,3.8095,3.8095]},"gui":{"translation":[0.0,0.0,0.0],"rotation":[35.0,225.0,0.0],"scale":[0.625,0.625,0.625]}}}